2026-09-18 00:00:03 INFO  [room-creation,traceId=,spanId=] [main] c.s.r.RoomCreationApplication - Starting RoomCreationApplication using Java 21.0.10 with PID 8196 (C:\Users\USER\Downloads\rummy-main-bend\fun-bend\room-creation\target\classes started by USER in C:\Users\USER\Downloads\rummy-main-bend\fun-bend)
2026-09-18 00:00:03 INFO  [room-creation,traceId=,spanId=] [main] c.s.r.RoomCreationApplication - No active profile set, falling back to 1 default profile: "default"
2026-09-18 00:00:05 INFO  [room-creation,traceId=,spanId=] [main] o.s.d.r.c.RepositoryConfigurationDelegate - Multiple Spring Data modules found, entering strict repository configuration mode
2026-09-18 00:00:05 INFO  [room-creation,traceId=,spanId=] [main] o.s.d.r.c.RepositoryConfigurationDelegate - Bootstrapping Spring Data MongoDB repositories in DEFAULT mode.
2026-09-18 00:00:06 INFO  [room-creation,traceId=,spanId=] [main] o.s.d.r.c.RepositoryConfigurationDelegate - Finished Spring Data repository scanning in 396 ms. Found 2 MongoDB repository interfaces.
2026-09-18 00:00:06 INFO  [room-creation,traceId=,spanId=] [main] o.s.d.r.c.RepositoryConfigurationDelegate - Multiple Spring Data modules found, entering strict repository configuration mode
2026-09-18 00:00:06 INFO  [room-creation,traceId=,spanId=] [main] o.s.d.r.c.RepositoryConfigurationDelegate - Bootstrapping Spring Data Redis repositories in DEFAULT mode.
2026-09-18 00:00:06 INFO  [room-creation,traceId=,spanId=] [main] o.s.d.r.c.RepositoryConfigurationExtensionSupport - Spring Data Redis - Could not safely identify store assignment for repository candidate interface com.sadetech.room_creation.repository.GameInviteRepository; If you want this repository to be a Redis repository, consider annotating your entities with one of these annotations: org.springframework.data.redis.core.RedisHash (preferred), or consider extending one of the following types with your repository: org.springframework.data.keyvalue.repository.KeyValueRepository
2026-09-18 00:00:06 INFO  [room-creation,traceId=,spanId=] [main] o.s.d.r.c.RepositoryConfigurationExtensionSupport - Spring Data Redis - Could not safely identify store assignment for repository candidate interface com.sadetech.room_creation.repository.RoomRepository; If you want this repository to be a Redis repository, consider annotating your entities with one of these annotations: org.springframework.data.redis.core.RedisHash (preferred), or consider extending one of the following types with your repository: org.springframework.data.keyvalue.repository.KeyValueRepository
2026-09-18 00:00:06 INFO  [room-creation,traceId=,spanId=] [main] o.s.d.r.c.RepositoryConfigurationDelegate - Finished Spring Data repository scanning in 15 ms. Found 0 Redis repository interfaces.
2026-09-18 00:00:07 INFO  [room-creation,traceId=,spanId=] [main] o.s.cloud.context.scope.GenericScope - BeanFactory id=2775242a-7e1e-38fa-8343-3a59b1e113f9
2026-09-18 00:00:07 INFO  [room-creation,traceId=,spanId=] [main] o.s.b.w.e.tomcat.TomcatWebServer - Tomcat initialized with port 8080 (http)
2026-09-18 00:00:07 INFO  [room-creation,traceId=,spanId=] [main] o.a.catalina.core.StandardService - Starting service [Tomcat]
2026-09-18 00:00:07 INFO  [room-creation,traceId=,spanId=] [main] o.a.catalina.core.StandardEngine - Starting Servlet engine: [Apache Tomcat/10.1.33]
2026-09-18 00:00:08 INFO  [room-creation,traceId=,spanId=] [main] o.a.c.c.C.[Tomcat].[localhost].[/] - Initializing Spring embedded WebApplicationContext
2026-09-18 00:00:08 INFO  [room-creation,traceId=,spanId=] [main] o.s.b.w.s.c.ServletWebServerApplicationContext - Root WebApplicationContext: initialization completed in 4107 ms
2026-09-18 00:00:08 INFO  [room-creation,traceId=,spanId=] [main] org.mongodb.driver.client - MongoClient with metadata {"application": {"name": "Cluster0"}, "driver": {"name": "mongo-java-driver|sync|spring-boot", "version": "5.2.1"}, "os": {"type": "Windows", "name": "Windows 11", "architecture": "amd64", "version": "10.0"}, "platform": "Java/Eclipse Adoptium/21.0.10+7-LTS"} created with settings MongoClientSettings{readPreference=primary, writeConcern=WriteConcern{w=null, wTimeout=null ms, journal=null}, retryWrites=true, retryReads=true, readConcern=ReadConcern{level=null}, credential=MongoCredential{mechanism=null, userName='sreemanvk', source='admin', password=<hidden>, mechanismProperties=<hidden>}, transportSettings=null, commandListeners=[io.micrometer.core.instrument.binder.mongodb.MongoMetricsCommandListener@2520aa05], codecRegistry=ProvidersCodecRegistry{codecProviders=[ValueCodecProvider{}, BsonValueCodecProvider{}, DBRefCodecProvider{}, DBObjectCodecProvider{}, DocumentCodecProvider{}, CollectionCodecProvider{}, IterableCodecProvider{}, MapCodecProvider{}, GeoJsonCodecProvider{}, GridFSFileCodecProvider{}, Jsr310CodecProvider{}, JsonObjectCodecProvider{}, BsonCodecProvider{}, EnumCodecProvider{}, com.mongodb.client.model.mql.ExpressionCodecProvider@5bde6148, com.mongodb.Jep395RecordCodecProvider@3cead673, com.mongodb.KotlinCodecProvider@53ba25ff]}, loggerSettings=LoggerSettings{maxDocumentLength=1000}, clusterSettings={hosts=[127.0.0.1:27017], srvHost=cluster0.pvohmlz.mongodb.net, srvServiceName=mongodb, mode=MULTIPLE, requiredClusterType=REPLICA_SET, requiredReplicaSetName='atlas-cyb1qj-shard-0', serverSelector='null', clusterListeners='[]', serverSelectionTimeout='30000 ms', localThreshold='15 ms'}, socketSettings=SocketSettings{connectTimeoutMS=10000, readTimeoutMS=0, receiveBufferSize=0, proxySettings=ProxySettings{host=null, port=null, username=null, password=null}}, heartbeatSocketSettings=SocketSettings{connectTimeoutMS=10000, readTimeoutMS=10000, receiveBufferSize=0, proxySettings=ProxySettings{host=null, port=null, username=null, password=null}}, connectionPoolSettings=ConnectionPoolSettings{maxSize=100, minSize=0, maxWaitTimeMS=120000, maxConnectionLifeTimeMS=0, maxConnectionIdleTimeMS=0, maintenanceInitialDelayMS=0, maintenanceFrequencyMS=60000, connectionPoolListeners=[io.micrometer.core.instrument.binder.mongodb.MongoMetricsConnectionPoolListener@40a8a26f], maxConnecting=2}, serverSettings=ServerSettings{heartbeatFrequencyMS=10000, minHeartbeatFrequencyMS=500, serverMonitoringMode=AUTO, serverListeners='[]', serverMonitorListeners='[]'}, sslSettings=SslSettings{enabled=true, invalidHostNameAllowed=false, context=null}, applicationName='Cluster0', compressorList=[], uuidRepresentation=JAVA_LEGACY, serverApi=null, autoEncryptionSettings=null, dnsClient=null, inetAddressResolver=null, contextProvider=null, timeoutMS=null}
2026-09-18 00:00:08 INFO  [room-creation,traceId=,spanId=] [cluster-ClusterId{value='6aac31b02fc30302e91c7a35', description='Cluster0'}-srv-cluster0.pvohmlz.mongodb.net] org.mongodb.driver.cluster - Adding discovered server ac-2s659uf-shard-00-02.pvohmlz.mongodb.net:27017 to client view of cluster
2026-09-18 00:00:08 INFO  [room-creation,traceId=,spanId=] [cluster-ClusterId{value='6aac31b02fc30302e91c7a35', description='Cluster0'}-srv-cluster0.pvohmlz.mongodb.net] org.mongodb.driver.cluster - Adding discovered server ac-2s659uf-shard-00-01.pvohmlz.mongodb.net:27017 to client view of cluster
2026-09-18 00:00:08 INFO  [room-creation,traceId=,spanId=] [cluster-ClusterId{value='6aac31b02fc30302e91c7a35', description='Cluster0'}-srv-cluster0.pvohmlz.mongodb.net] org.mongodb.driver.cluster - Adding discovered server ac-2s659uf-shard-00-00.pvohmlz.mongodb.net:27017 to client view of cluster
2026-09-18 00:00:09 INFO  [room-creation,traceId=,spanId=] [main] o.s.c.o.FeignClientFactoryBean - For 'user-info' URL not provided. Will try picking an instance via load-balancing.
2026-09-18 00:00:09 INFO  [room-creation,traceId=,spanId=] [main] o.s.c.o.FeignClientFactoryBean - For 'user-info' URL not provided. Will try picking an instance via load-balancing.
2026-09-18 00:00:09 INFO  [room-creation,traceId=,spanId=] [main] o.s.c.o.FeignClientFactoryBean - For 'user-info' URL not provided. Will try picking an instance via load-balancing.
2026-09-18 00:00:09 INFO  [room-creation,traceId=,spanId=] [cluster-ClusterId{value='6aac31b02fc30302e91c7a35', description='Cluster0'}-ac-2s659uf-shard-00-02.pvohmlz.mongodb.net:27017] org.mongodb.driver.cluster - Monitor thread successfully connected to server with description ServerDescription{address=ac-2s659uf-shard-00-02.pvohmlz.mongodb.net:27017, type=REPLICA_SET_SECONDARY, cryptd=false, state=CONNECTED, ok=true, minWireVersion=0, maxWireVersion=25, maxDocumentSize=16777216, logicalSessionTimeoutMinutes=30, roundTripTimeNanos=416547300, minRoundTripTimeNanos=0, setName='atlas-cyb1qj-shard-0', canonicalAddress=ac-2s659uf-shard-00-02.pvohmlz.mongodb.net:27017, hosts=[ac-2s659uf-shard-00-00.pvohmlz.mongodb.net:27017, ac-2s659uf-shard-00-01.pvohmlz.mongodb.net:27017, ac-2s659uf-shard-00-02.pvohmlz.mongodb.net:27017], passives=[], arbiters=[], primary='ac-2s659uf-shard-00-01.pvohmlz.mongodb.net:27017', tagSet=TagSet{[Tag{name='availabilityZone', value='aps1-az2'}, Tag{name='cacheState', value='READY'}, Tag{name='diskState', value='READY'}, Tag{name='nodeType', value='ELECTABLE'}, Tag{name='provider', value='AWS'}, Tag{name='region', value='AP_SOUTH_1'}, Tag{name='workloadType', value='OPERATIONAL'}]}, electionId=null, setVersion=243, topologyVersion=TopologyVersion{processId=6aa03a0e28f9005065e8fbae, counter=5}, lastWriteDate=Fri Sep 18 00:00:09 IST 2026, lastUpdateTimeNanos=5557635898600}
2026-09-18 00:00:09 INFO  [room-creation,traceId=,spanId=] [cluster-ClusterId{value='6aac31b02fc30302e91c7a35', description='Cluster0'}-ac-2s659uf-shard-00-00.pvohmlz.mongodb.net:27017] org.mongodb.driver.cluster - Monitor thread successfully connected to server with description ServerDescription{address=ac-2s659uf-shard-00-00.pvohmlz.mongodb.net:27017, type=REPLICA_SET_SECONDARY, cryptd=false, state=CONNECTED, ok=true, minWireVersion=0, maxWireVersion=25, maxDocumentSize=16777216, logicalSessionTimeoutMinutes=30, roundTripTimeNanos=416148700, minRoundTripTimeNanos=0, setName='atlas-cyb1qj-shard-0', canonicalAddress=ac-2s659uf-shard-00-00.pvohmlz.mongodb.net:27017, hosts=[ac-2s659uf-shard-00-00.pvohmlz.mongodb.net:27017, ac-2s659uf-shard-00-01.pvohmlz.mongodb.net:27017, ac-2s659uf-shard-00-02.pvohmlz.mongodb.net:27017], passives=[], arbiters=[], primary='ac-2s659uf-shard-00-01.pvohmlz.mongodb.net:27017', tagSet=TagSet{[Tag{name='availabilityZone', value='aps1-az1'}, Tag{name='cacheState', value='READY'}, Tag{name='diskState', value='READY'}, Tag{name='nodeType', value='ELECTABLE'}, Tag{name='provider', value='AWS'}, Tag{name='region', value='AP_SOUTH_1'}, Tag{name='workloadType', value='OPERATIONAL'}]}, electionId=null, setVersion=243, topologyVersion=TopologyVersion{processId=6aa03408de4fa51023b14665, counter=10}, lastWriteDate=Fri Sep 18 00:00:09 IST 2026, lastUpdateTimeNanos=5557635502300}
2026-09-18 00:00:09 INFO  [room-creation,traceId=,spanId=] [cluster-ClusterId{value='6aac31b02fc30302e91c7a35', description='Cluster0'}-ac-2s659uf-shard-00-01.pvohmlz.mongodb.net:27017] org.mongodb.driver.cluster - Monitor thread successfully connected to server with description ServerDescription{address=ac-2s659uf-shard-00-01.pvohmlz.mongodb.net:27017, type=REPLICA_SET_PRIMARY, cryptd=false, state=CONNECTED, ok=true, minWireVersion=0, maxWireVersion=25, maxDocumentSize=16777216, logicalSessionTimeoutMinutes=30, roundTripTimeNanos=444450800, minRoundTripTimeNanos=0, setName='atlas-cyb1qj-shard-0', canonicalAddress=ac-2s659uf-shard-00-01.pvohmlz.mongodb.net:27017, hosts=[ac-2s659uf-shard-00-00.pvohmlz.mongodb.net:27017, ac-2s659uf-shard-00-01.pvohmlz.mongodb.net:27017, ac-2s659uf-shard-00-02.pvohmlz.mongodb.net:27017], passives=[], arbiters=[], primary='ac-2s659uf-shard-00-01.pvohmlz.mongodb.net:27017', tagSet=TagSet{[Tag{name='availabilityZone', value='aps1-az3'}, Tag{name='cacheState', value='READY'}, Tag{name='diskState', value='READY'}, Tag{name='nodeType', value='ELECTABLE'}, Tag{name='provider', value='AWS'}, Tag{name='region', value='AP_SOUTH_1'}, Tag{name='workloadType', value='OPERATIONAL'}]}, electionId=7fffffff000000000000029c, setVersion=243, topologyVersion=TopologyVersion{processId=6aa036cfe4fd87c4b852bc68, counter=10}, lastWriteDate=Fri Sep 18 00:00:09 IST 2026, lastUpdateTimeNanos=5557663804400}
2026-09-18 00:00:10 INFO  [room-creation,traceId=,spanId=] [cluster-ClusterId{value='6aac31b02fc30302e91c7a35', description='Cluster0'}-ac-2s659uf-shard-00-01.pvohmlz.mongodb.net:27017] org.mongodb.driver.cluster - Discovered replica set primary ac-2s659uf-shard-00-01.pvohmlz.mongodb.net:27017 with max election id 7fffffff000000000000029c and max set version 243
2026-09-18 00:00:10 INFO  [room-creation,traceId=,spanId=] [main] o.s.c.o.FeignClientFactoryBean - For 'game-engine' URL not provided. Will try picking an instance via load-balancing.
2026-09-18 00:00:10 INFO  [room-creation,traceId=,spanId=] [main] o.s.c.o.FeignClientFactoryBean - For 'game-engine' URL not provided. Will try picking an instance via load-balancing.
2026-09-18 00:00:10 INFO  [room-creation,traceId=,spanId=] [main] o.s.c.o.FeignClientFactoryBean - For 'user-info' URL not provided. Will try picking an instance via load-balancing.
2026-09-18 00:00:10 INFO  [room-creation,traceId=,spanId=] [main] o.s.c.o.FeignClientFactoryBean - For 'wallet' URL not provided. Will try picking an instance via load-balancing.
2026-09-18 00:00:11 INFO  [room-creation,traceId=,spanId=] [main] o.s.c.o.FeignClientFactoryBean - For 'wallet' URL not provided. Will try picking an instance via load-balancing.
2026-09-18 00:00:11 INFO  [room-creation,traceId=,spanId=] [main] o.s.c.o.FeignClientFactoryBean - For 'wallet' URL not provided. Will try picking an instance via load-balancing.
2026-09-18 00:00:12 INFO  [room-creation,traceId=,spanId=] [main] o.s.c.o.FeignClientFactoryBean - For 'wallet' URL not provided. Will try picking an instance via load-balancing.
2026-09-18 00:00:12 INFO  [room-creation,traceId=,spanId=] [main] o.s.c.o.FeignClientFactoryBean - For 'user-info' URL not provided. Will try picking an instance via load-balancing.
2026-09-18 00:00:12 INFO  [room-creation,traceId=,spanId=] [main] o.s.c.o.FeignClientFactoryBean - For 'missions' URL not provided. Will try picking an instance via load-balancing.
2026-09-18 00:00:12 INFO  [room-creation,traceId=,spanId=] [main] o.s.c.o.FeignClientFactoryBean - For 'point-allocation' URL not provided. Will try picking an instance via load-balancing.
2026-09-18 00:00:13 INFO  [room-creation,traceId=,spanId=] [main] o.s.c.n.e.c.DiscoveryClientOptionalArgsConfiguration - Eureka HTTP Client uses RestTemplate.
2026-09-18 00:00:13 WARN  [room-creation,traceId=,spanId=] [main] o.s.c.l.c.LoadBalancerCacheAutoConfiguration$LoadBalancerCaffeineWarnLogger - Spring Cloud LoadBalancer is currently working with the default cache. While this cache implementation is useful for development and tests, it's recommended to use Caffeine cache in production.You can switch to using Caffeine cache, by adding it and org.springframework.cache.caffeine.CaffeineCacheManager to the classpath.
2026-09-18 00:00:13 INFO  [room-creation,traceId=,spanId=] [main] o.s.b.a.e.web.EndpointLinksResolver - Exposing 1 endpoint beneath base path '/actuator'
2026-09-18 00:00:13 INFO  [room-creation,traceId=,spanId=] [main] o.s.m.s.b.SimpleBrokerMessageHandler - Starting...
2026-09-18 00:00:13 INFO  [room-creation,traceId=,spanId=] [main] o.s.m.s.b.SimpleBrokerMessageHandler - BrokerAvailabilityEvent[available=true, SimpleBrokerMessageHandler [org.springframework.messaging.simp.broker.DefaultSubscriptionRegistry@3903cfc9]]
2026-09-18 00:00:13 INFO  [room-creation,traceId=,spanId=] [main] o.s.m.s.b.SimpleBrokerMessageHandler - Started.
2026-09-18 00:00:14 INFO  [room-creation,traceId=,spanId=] [main] o.s.c.n.eureka.InstanceInfoFactory - Setting initial instance status as: STARTING
2026-09-18 00:00:14 INFO  [room-creation,traceId=,spanId=] [main] c.netflix.discovery.DiscoveryClient - Initializing Eureka in region us-east-1
2026-09-18 00:00:14 INFO  [room-creation,traceId=,spanId=] [main] c.n.d.s.r.aws.ConfigClusterResolver - Resolving eureka endpoints via configuration
2026-09-18 00:00:14 INFO  [room-creation,traceId=,spanId=] [main] c.netflix.discovery.DiscoveryClient - Disable delta property : false
2026-09-18 00:00:14 INFO  [room-creation,traceId=,spanId=] [main] c.netflix.discovery.DiscoveryClient - Single vip registry refresh property : null
2026-09-18 00:00:14 INFO  [room-creation,traceId=,spanId=] [main] c.netflix.discovery.DiscoveryClient - Force full registry fetch : false
2026-09-18 00:00:14 INFO  [room-creation,traceId=,spanId=] [main] c.netflix.discovery.DiscoveryClient - Application is null : false
2026-09-18 00:00:14 INFO  [room-creation,traceId=,spanId=] [main] c.netflix.discovery.DiscoveryClient - Registered Applications size is zero : true
2026-09-18 00:00:14 INFO  [room-creation,traceId=,spanId=] [main] c.netflix.discovery.DiscoveryClient - Application version is -1: true
2026-09-18 00:00:14 INFO  [room-creation,traceId=,spanId=] [main] c.netflix.discovery.DiscoveryClient - Getting all instance registry info from the eureka server
2026-09-18 00:00:14 INFO  [room-creation,traceId=,spanId=] [main] c.netflix.discovery.DiscoveryClient - The response status is 200
2026-09-18 00:00:14 INFO  [room-creation,traceId=,spanId=] [main] c.netflix.discovery.DiscoveryClient - Starting heartbeat executor: renew interval is: 30
2026-09-18 00:00:14 INFO  [room-creation,traceId=,spanId=] [main] c.n.discovery.InstanceInfoReplicator - InstanceInfoReplicator onDemand update allowed rate per min is 4
2026-09-18 00:00:14 INFO  [room-creation,traceId=,spanId=] [main] c.netflix.discovery.DiscoveryClient - Discovery Client initialized at timestamp 1789669814827 with initial instances count: 5
2026-09-18 00:00:14 INFO  [room-creation,traceId=,spanId=] [main] o.s.c.n.e.s.EurekaServiceRegistry - Registering application ROOM-CREATION with eureka with status UP
2026-09-18 00:00:14 INFO  [room-creation,traceId=,spanId=] [main] c.netflix.discovery.DiscoveryClient - Saw local status change event StatusChangeEvent [timestamp=1789669814839, current=UP, previous=STARTING]
2026-09-18 00:00:14 INFO  [room-creation,traceId=,spanId=] [DiscoveryClient-InstanceInfoReplicator-%d] c.netflix.discovery.DiscoveryClient - DiscoveryClient_ROOM-CREATION/DESKTOP-QKHG433.mshome.net:room-creation:8080: registering service...
2026-09-18 00:00:14 INFO  [room-creation,traceId=,spanId=] [main] o.s.b.w.e.tomcat.TomcatWebServer - Tomcat started on port 8080 (http) with context path '/'
2026-09-18 00:00:14 INFO  [room-creation,traceId=,spanId=] [main] o.s.c.n.e.s.EurekaAutoServiceRegistration - Updating port to 8080
2026-09-18 00:00:14 INFO  [room-creation,traceId=,spanId=] [DiscoveryClient-InstanceInfoReplicator-%d] c.netflix.discovery.DiscoveryClient - DiscoveryClient_ROOM-CREATION/DESKTOP-QKHG433.mshome.net:room-creation:8080 - registration status: 204
2026-09-18 00:00:14 INFO  [room-creation,traceId=,spanId=] [main] c.s.r.RoomCreationApplication - Started RoomCreationApplication in 12.527 seconds (process running for 13.936)
2026-09-18 00:01:13 INFO  [room-creation,traceId=,spanId=] [MessageBroker-3] o.s.w.s.c.WebSocketMessageBrokerStats - WebSocketSession[0 current WS(0)-HttpStream(0)-HttpPoll(0), 0 total, 0 closed abnormally (0 connect failure, 0 send limit, 0 transport error)], stompSubProtocol[processed CONNECT(0)-CONNECTED(0)-DISCONNECT(0)], stompBrokerRelay[null], inboundChannel[pool size = 0, active threads = 0, queued tasks = 0, completed tasks = 0], outboundChannel[pool size = 0, active threads = 0, queued tasks = 0, completed tasks = 0], sockJsScheduler[pool size = 4, active threads = 1, queued tasks = 1, completed tasks = 6]
2026-09-18 00:03:04 INFO  [room-creation,traceId=,spanId=] [http-nio-8080-exec-1] o.a.c.c.C.[Tomcat].[localhost].[/] - Initializing Spring DispatcherServlet 'dispatcherServlet'
2026-09-18 00:03:04 INFO  [room-creation,traceId=,spanId=] [http-nio-8080-exec-1] o.s.web.servlet.DispatcherServlet - Initializing Servlet 'dispatcherServlet'
2026-09-18 00:03:04 INFO  [room-creation,traceId=,spanId=] [http-nio-8080-exec-1] o.s.web.servlet.DispatcherServlet - Completed initialization in 2 ms
2026-09-18 00:03:04 INFO  [room-creation,traceId=,spanId=] [http-nio-8080-exec-1] c.s.r.controller.RoomController - Received request to join or create room with parameters: roomSize=2, roomType=Point, gameMode=Practice, gameStatus=Waiting, pointValue=0.0, playerId=6a04944c16ad2500dc08e0a7, issuedPoint=80, totalRounds=1, entryType=Chips, entryPrice=800.0, visibility=Public
2026-09-18 00:03:04 INFO  [room-creation,traceId=,spanId=] [http-nio-8080-exec-1] c.s.r.service.RoomService - Joining or creating room for playerId: 6a04944c16ad2500dc08e0a7
2026-09-18 00:03:04 INFO  [room-creation,traceId=,spanId=] [http-nio-8080-exec-1] c.s.r.service.RoomService - Fetched player details: RequestDTO(playerId=6a04944c16ad2500dc08e0a7, name=null, phoneNumber=9003456349, email=null, chips=52400.0, inGameWallet=0.0, winningWallet=0.0, missionWallet=148.0, isWithDraw=false, isWalletRecharge=false, loyaltyPoint=0, cashGameWallet=0.0)
2026-09-18 00:03:04 INFO  [room-creation,traceId=,spanId=] [http-nio-8080-exec-1] c.s.r.service.RoomService - No existing room found, creating a new one
2026-09-18 00:03:04 INFO  [room-creation,traceId=,spanId=] [http-nio-8080-exec-1] c.s.r.service.RoomService - Creating new room: Room(roomId=null, roomSize=2, roomType=Point, gameMode=Practice, gameStatus=Waiting, issuedPoint=80, playerCount=0, totalRounds=1, playerDetails=[], matchWinner=null, entryType=Chips, entryPrice=800.0, totalPrice=0.0, currentRound=1, currentTurn=null, roomCreatedAt=null, declareModeActive=false, tournamentId=null, visibility=Public, pointValue=0.0, lastGame=[], isNotActive=[], exitPlayer=[])
2026-09-18 00:03:04 INFO  [room-creation,traceId=,spanId=] [http-nio-8080-exec-1] c.s.r.service.RoomService - Updating room based on size: 2
2026-09-18 00:03:05 INFO  [room-creation,traceId=,spanId=] [http-nio-8080-exec-2] c.s.r.controller.RoomController - Received request to join or create room with parameters: roomSize=2, roomType=Point, gameMode=Practice, gameStatus=Waiting, pointValue=0.0, playerId=69f244b95e3dbc19a9e7dc39, issuedPoint=80, totalRounds=1, entryType=Chips, entryPrice=800.0, visibility=Public
2026-09-18 00:03:05 INFO  [room-creation,traceId=,spanId=] [http-nio-8080-exec-2] c.s.r.service.RoomService - Joining or creating room for playerId: 69f244b95e3dbc19a9e7dc39
2026-09-18 00:03:05 INFO  [room-creation,traceId=,spanId=] [http-nio-8080-exec-2] c.s.r.service.RoomService - Fetched player details: RequestDTO(playerId=69f244b95e3dbc19a9e7dc39, name=Sreeman, phoneNumber=9876543210, email=test@gmail.com, chips=52400.0, inGameWallet=4000.0, winningWallet=2000.2, missionWallet=40.2, isWithDraw=false, isWalletRecharge=false, loyaltyPoint=0, cashGameWallet=50.5)
2026-09-18 00:03:05 INFO  [room-creation,traceId=,spanId=] [http-nio-8080-exec-2] c.s.r.service.RoomService - Found existing room: Room(roomId=6aac32602fc30302e91c7a36, roomSize=2, roomType=Point, gameMode=Practice, gameStatus=Waiting, issuedPoint=80, playerCount=1, totalRounds=1, playerDetails=[PlayerDetails(playerId=6a04944c16ad2500dc08e0a7, issuedPoint=80, currentScore=0)], matchWinner=null, entryType=Chips, entryPrice=800.0, totalPrice=0.0, currentRound=1, currentTurn=null, roomCreatedAt=18/09/26, 12:03 am, declareModeActive=false, tournamentId=null, visibility=Public, pointValue=0.0, lastGame=[], isNotActive=[], exitPlayer=[])
2026-09-18 00:03:05 INFO  [room-creation,traceId=,spanId=] [http-nio-8080-exec-2] c.s.r.service.RoomService - Updating room based on size: 2
2026-09-18 00:03:05 INFO  [room-creation,traceId=,spanId=] [ForkJoinPool.commonPool-worker-1] c.s.r.service.RoomService - Scheduling game start for room: 6aac32602fc30302e91c7a36
2026-09-18 00:03:05 INFO  [room-creation,traceId=,spanId=] [http-nio-8080-exec-3] c.s.r.service.RoomService - Room found: 6aac32602fc30302e91c7a36, Status: Waiting, Size: 2
2026-09-18 00:03:05 WARN  [room-creation,traceId=,spanId=] [http-nio-8080-exec-3] c.s.r.service.RoomService - Room is not in 'Ongoing' state. Current state: Waiting
2026-09-18 00:03:07 INFO  [room-creation,traceId=,spanId=] [http-nio-8080-exec-7] c.s.r.service.RoomService - Room found: 6aac32602fc30302e91c7a36, Status: Matchmaking, Size: 2
2026-09-18 00:03:07 WARN  [room-creation,traceId=,spanId=] [http-nio-8080-exec-7] c.s.r.service.RoomService - Room is not in 'Ongoing' state. Current state: Matchmaking
2026-09-18 00:03:08 INFO  [room-creation,traceId=,spanId=] [ForkJoinPool.commonPool-worker-1] c.s.r.service.RoomService - Game status updated to 'Tossing' for room: 6aac32602fc30302e91c7a36
2026-09-18 00:03:11 INFO  [room-creation,traceId=,spanId=] [ForkJoinPool.commonPool-worker-1] c.s.r.service.RoomService - Game status updated to 'Started' for room: 6aac32602fc30302e91c7a36
2026-09-18 00:03:14 INFO  [room-creation,traceId=,spanId=] [ForkJoinPool.commonPool-worker-1] c.s.r.service.RoomService - Calling scheduleGameStartAndDebitEntryFee for room: 6aac32602fc30302e91c7a36
2026-09-18 00:03:14 INFO  [room-creation,traceId=,spanId=] [ForkJoinPool.commonPool-worker-1] c.s.r.service.RoomService - Executing scheduleGameStartAndDebitEntryFee for room: 6aac32602fc30302e91c7a36
2026-09-18 00:03:14 INFO  [room-creation,traceId=,spanId=] [ForkJoinPool.commonPool-worker-1] c.s.r.service.RoomService - Processing player: 6a04944c16ad2500dc08e0a7
2026-09-18 00:03:14 INFO  [room-creation,traceId=,spanId=] [ForkJoinPool.commonPool-worker-1] c.s.r.service.RoomService - User feign client get details output 6a04944c16ad2500dc08e0a7
2026-09-18 00:03:14 INFO  [room-creation,traceId=,spanId=] [ForkJoinPool.commonPool-worker-1] c.s.r.service.RoomService - Processing player: 69f244b95e3dbc19a9e7dc39
2026-09-18 00:03:14 INFO  [room-creation,traceId=,spanId=] [ForkJoinPool.commonPool-worker-1] c.s.r.service.RoomService - User feign client get details output 69f244b95e3dbc19a9e7dc39
2026-09-18 00:03:15 INFO  [room-creation,traceId=,spanId=] [ForkJoinPool.commonPool-worker-1] c.s.r.service.RoomService - Game set to 'Ongoing' for room: 6aac32602fc30302e91c7a36
2026-09-18 00:03:15 INFO  [room-creation,traceId=,spanId=] [ForkJoinPool.commonPool-worker-1] c.s.r.service.RoomService - Successfully triggered WebSocket broadcast for room: 6aac32602fc30302e91c7a36
2026-09-18 00:04:08 INFO  [room-creation,traceId=,spanId=] [http-nio-8080-exec-5] c.s.r.controller.RoomController - Received request to join or create room with parameters: roomSize=2, roomType=Point, gameMode=Practice, gameStatus=Waiting, pointValue=0.0, playerId=69f244b95e3dbc19a9e7dc39, issuedPoint=80, totalRounds=1, entryType=Chips, entryPrice=800.0, visibility=Public
2026-09-18 00:04:08 INFO  [room-creation,traceId=,spanId=] [http-nio-8080-exec-5] c.s.r.service.RoomService - Joining or creating room for playerId: 69f244b95e3dbc19a9e7dc39
2026-09-18 00:04:09 INFO  [room-creation,traceId=,spanId=] [http-nio-8080-exec-5] c.s.r.service.RoomService - Fetched player details: RequestDTO(playerId=69f244b95e3dbc19a9e7dc39, name=Sreeman, phoneNumber=9876543210, email=test@gmail.com, chips=51600.0, inGameWallet=4000.0, winningWallet=2000.2, missionWallet=40.2, isWithDraw=false, isWalletRecharge=false, loyaltyPoint=0, cashGameWallet=50.5)
2026-09-18 00:04:09 INFO  [room-creation,traceId=,spanId=] [http-nio-8080-exec-5] c.s.r.service.RoomService - No existing room found, creating a new one
2026-09-18 00:04:09 INFO  [room-creation,traceId=,spanId=] [http-nio-8080-exec-5] c.s.r.service.RoomService - Creating new room: Room(roomId=null, roomSize=2, roomType=Point, gameMode=Practice, gameStatus=Waiting, issuedPoint=80, playerCount=0, totalRounds=1, playerDetails=[], matchWinner=null, entryType=Chips, entryPrice=800.0, totalPrice=0.0, currentRound=1, currentTurn=null, roomCreatedAt=null, declareModeActive=false, tournamentId=null, visibility=Public, pointValue=0.0, lastGame=[], isNotActive=[], exitPlayer=[])
2026-09-18 00:04:09 INFO  [room-creation,traceId=,spanId=] [http-nio-8080-exec-5] c.s.r.service.RoomService - Updating room based on size: 2
2026-09-18 00:04:09 INFO  [room-creation,traceId=,spanId=] [http-nio-8080-exec-4] c.s.r.controller.RoomController - Received request to join or create room with parameters: roomSize=2, roomType=Point, gameMode=Practice, gameStatus=Waiting, pointValue=0.0, playerId=6a04944c16ad2500dc08e0a7, issuedPoint=80, totalRounds=1, entryType=Chips, entryPrice=800.0, visibility=Public
2026-09-18 00:04:09 INFO  [room-creation,traceId=,spanId=] [http-nio-8080-exec-4] c.s.r.service.RoomService - Joining or creating room for playerId: 6a04944c16ad2500dc08e0a7
2026-09-18 00:04:10 INFO  [room-creation,traceId=,spanId=] [http-nio-8080-exec-4] c.s.r.service.RoomService - Fetched player details: RequestDTO(playerId=6a04944c16ad2500dc08e0a7, name=null, phoneNumber=9003456349, email=null, chips=51600.0, inGameWallet=0.0, winningWallet=0.0, missionWallet=148.0, isWithDraw=false, isWalletRecharge=false, loyaltyPoint=0, cashGameWallet=0.0)
2026-09-18 00:04:10 INFO  [room-creation,traceId=,spanId=] [http-nio-8080-exec-4] c.s.r.service.RoomService - Found existing room: Room(roomId=6aac32a12fc30302e91c7a37, roomSize=2, roomType=Point, gameMode=Practice, gameStatus=Waiting, issuedPoint=80, playerCount=1, totalRounds=1, playerDetails=[PlayerDetails(playerId=69f244b95e3dbc19a9e7dc39, issuedPoint=80, currentScore=0)], matchWinner=null, entryType=Chips, entryPrice=800.0, totalPrice=0.0, currentRound=1, currentTurn=null, roomCreatedAt=18/09/26, 12:04 am, declareModeActive=false, tournamentId=null, visibility=Public, pointValue=0.0, lastGame=[], isNotActive=[], exitPlayer=[])
2026-09-18 00:04:10 INFO  [room-creation,traceId=,spanId=] [http-nio-8080-exec-4] c.s.r.service.RoomService - Updating room based on size: 2
2026-09-18 00:04:10 INFO  [room-creation,traceId=,spanId=] [ForkJoinPool.commonPool-worker-1] c.s.r.service.RoomService - Scheduling game start for room: 6aac32a12fc30302e91c7a37
2026-09-18 00:04:10 INFO  [room-creation,traceId=,spanId=] [http-nio-8080-exec-2] c.s.r.service.RoomService - Room found: 6aac32a12fc30302e91c7a37, Status: Waiting, Size: 2
2026-09-18 00:04:10 WARN  [room-creation,traceId=,spanId=] [http-nio-8080-exec-2] c.s.r.service.RoomService - Room is not in 'Ongoing' state. Current state: Waiting
2026-09-18 00:04:11 INFO  [room-creation,traceId=,spanId=] [http-nio-8080-exec-8] c.s.r.service.RoomService - Room found: 6aac32a12fc30302e91c7a37, Status: Matchmaking, Size: 2
2026-09-18 00:04:11 WARN  [room-creation,traceId=,spanId=] [http-nio-8080-exec-8] c.s.r.service.RoomService - Room is not in 'Ongoing' state. Current state: Matchmaking
2026-09-18 00:04:13 INFO  [room-creation,traceId=,spanId=] [ForkJoinPool.commonPool-worker-1] c.s.r.service.RoomService - Game status updated to 'Tossing' for room: 6aac32a12fc30302e91c7a37
2026-09-18 00:04:16 INFO  [room-creation,traceId=,spanId=] [ForkJoinPool.commonPool-worker-1] c.s.r.service.RoomService - Game status updated to 'Started' for room: 6aac32a12fc30302e91c7a37
2026-09-18 00:04:19 INFO  [room-creation,traceId=,spanId=] [ForkJoinPool.commonPool-worker-1] c.s.r.service.RoomService - Calling scheduleGameStartAndDebitEntryFee for room: 6aac32a12fc30302e91c7a37
2026-09-18 00:04:19 INFO  [room-creation,traceId=,spanId=] [ForkJoinPool.commonPool-worker-1] c.s.r.service.RoomService - Executing scheduleGameStartAndDebitEntryFee for room: 6aac32a12fc30302e91c7a37
2026-09-18 00:04:19 INFO  [room-creation,traceId=,spanId=] [ForkJoinPool.commonPool-worker-1] c.s.r.service.RoomService - Processing player: 69f244b95e3dbc19a9e7dc39
2026-09-18 00:04:19 INFO  [room-creation,traceId=,spanId=] [ForkJoinPool.commonPool-worker-1] c.s.r.service.RoomService - User feign client get details output 69f244b95e3dbc19a9e7dc39
2026-09-18 00:04:19 INFO  [room-creation,traceId=,spanId=] [ForkJoinPool.commonPool-worker-1] c.s.r.service.RoomService - Processing player: 6a04944c16ad2500dc08e0a7
2026-09-18 00:04:19 INFO  [room-creation,traceId=,spanId=] [ForkJoinPool.commonPool-worker-1] c.s.r.service.RoomService - User feign client get details output 6a04944c16ad2500dc08e0a7
2026-09-18 00:04:19 INFO  [room-creation,traceId=,spanId=] [ForkJoinPool.commonPool-worker-1] c.s.r.service.RoomService - Game set to 'Ongoing' for room: 6aac32a12fc30302e91c7a37
2026-09-18 00:04:19 INFO  [room-creation,traceId=,spanId=] [ForkJoinPool.commonPool-worker-1] c.s.r.service.RoomService - Successfully triggered WebSocket broadcast for room: 6aac32a12fc30302e91c7a37
2026-09-18 00:05:14 INFO  [room-creation,traceId=,spanId=] [AsyncResolver-bootstrap-executor-%d] c.n.d.s.r.aws.ConfigClusterResolver - Resolving eureka endpoints via configuration
2026-09-18 00:08:56 INFO  [room-creation,traceId=,spanId=] [http-nio-8080-exec-2] c.s.r.controller.RoomController - Received request to join or create room with parameters: roomSize=2, roomType=Point, gameMode=Practice, gameStatus=Waiting, pointValue=0.0, playerId=69f244b95e3dbc19a9e7dc39, issuedPoint=80, totalRounds=1, entryType=Chips, entryPrice=800.0, visibility=Public
2026-09-18 00:08:56 INFO  [room-creation,traceId=,spanId=] [http-nio-8080-exec-2] c.s.r.service.RoomService - Joining or creating room for playerId: 69f244b95e3dbc19a9e7dc39
2026-09-18 00:08:57 INFO  [room-creation,traceId=,spanId=] [http-nio-8080-exec-2] c.s.r.service.RoomService - Fetched player details: RequestDTO(playerId=69f244b95e3dbc19a9e7dc39, name=Sreeman, phoneNumber=9876543210, email=test@gmail.com, chips=50800.0, inGameWallet=4000.0, winningWallet=2000.2, missionWallet=40.2, isWithDraw=false, isWalletRecharge=false, loyaltyPoint=0, cashGameWallet=50.5)
2026-09-18 00:08:57 INFO  [room-creation,traceId=,spanId=] [http-nio-8080-exec-2] c.s.r.service.RoomService - No existing room found, creating a new one
2026-09-18 00:08:57 INFO  [room-creation,traceId=,spanId=] [http-nio-8080-exec-2] c.s.r.service.RoomService - Creating new room: Room(roomId=null, roomSize=2, roomType=Point, gameMode=Practice, gameStatus=Waiting, issuedPoint=80, playerCount=0, totalRounds=1, playerDetails=[], matchWinner=null, entryType=Chips, entryPrice=800.0, totalPrice=0.0, currentRound=1, currentTurn=null, roomCreatedAt=null, declareModeActive=false, tournamentId=null, visibility=Public, pointValue=0.0, lastGame=[], isNotActive=[], exitPlayer=[])
2026-09-18 00:08:57 INFO  [room-creation,traceId=,spanId=] [http-nio-8080-exec-2] c.s.r.service.RoomService - Updating room based on size: 2
2026-09-18 00:08:57 INFO  [room-creation,traceId=,spanId=] [http-nio-8080-exec-4] c.s.r.controller.RoomController - Received request to join or create room with parameters: roomSize=2, roomType=Point, gameMode=Practice, gameStatus=Waiting, pointValue=0.0, playerId=6a04944c16ad2500dc08e0a7, issuedPoint=80, totalRounds=1, entryType=Chips, entryPrice=800.0, visibility=Public
2026-09-18 00:08:57 INFO  [room-creation,traceId=,spanId=] [http-nio-8080-exec-4] c.s.r.service.RoomService - Joining or creating room for playerId: 6a04944c16ad2500dc08e0a7
2026-09-18 00:08:57 INFO  [room-creation,traceId=,spanId=] [http-nio-8080-exec-4] c.s.r.service.RoomService - Fetched player details: RequestDTO(playerId=6a04944c16ad2500dc08e0a7, name=null, phoneNumber=9003456349, email=null, chips=50800.0, inGameWallet=0.0, winningWallet=0.0, missionWallet=148.0, isWithDraw=false, isWalletRecharge=false, loyaltyPoint=0, cashGameWallet=0.0)
2026-09-18 00:08:57 INFO  [room-creation,traceId=,spanId=] [http-nio-8080-exec-4] c.s.r.service.RoomService - Found existing room: Room(roomId=6aac33c12fc30302e91c7a38, roomSize=2, roomType=Point, gameMode=Practice, gameStatus=Waiting, issuedPoint=80, playerCount=1, totalRounds=1, playerDetails=[PlayerDetails(playerId=69f244b95e3dbc19a9e7dc39, issuedPoint=80, currentScore=0)], matchWinner=null, entryType=Chips, entryPrice=800.0, totalPrice=0.0, currentRound=1, currentTurn=null, roomCreatedAt=18/09/26, 12:08 am, declareModeActive=false, tournamentId=null, visibility=Public, pointValue=0.0, lastGame=[], isNotActive=[], exitPlayer=[])
2026-09-18 00:08:57 INFO  [room-creation,traceId=,spanId=] [http-nio-8080-exec-4] c.s.r.service.RoomService - Updating room based on size: 2
2026-09-18 00:08:58 INFO  [room-creation,traceId=,spanId=] [ForkJoinPool.commonPool-worker-3] c.s.r.service.RoomService - Scheduling game start for room: 6aac33c12fc30302e91c7a38
2026-09-18 00:08:58 INFO  [room-creation,traceId=,spanId=] [http-nio-8080-exec-6] c.s.r.service.RoomService - Room found: 6aac33c12fc30302e91c7a38, Status: Matchmaking, Size: 2
2026-09-18 00:08:58 WARN  [room-creation,traceId=,spanId=] [http-nio-8080-exec-6] c.s.r.service.RoomService - Room is not in 'Ongoing' state. Current state: Matchmaking
2026-09-18 00:08:58 INFO  [room-creation,traceId=,spanId=] [http-nio-8080-exec-9] c.s.r.service.RoomService - Room found: 6aac33c12fc30302e91c7a38, Status: Matchmaking, Size: 2
2026-09-18 00:08:58 WARN  [room-creation,traceId=,spanId=] [http-nio-8080-exec-9] c.s.r.service.RoomService - Room is not in 'Ongoing' state. Current state: Matchmaking
2026-09-18 00:09:01 INFO  [room-creation,traceId=,spanId=] [ForkJoinPool.commonPool-worker-3] c.s.r.service.RoomService - Game status updated to 'Tossing' for room: 6aac33c12fc30302e91c7a38
2026-09-18 00:09:04 INFO  [room-creation,traceId=,spanId=] [ForkJoinPool.commonPool-worker-3] c.s.r.service.RoomService - Game status updated to 'Started' for room: 6aac33c12fc30302e91c7a38
2026-09-18 00:09:07 INFO  [room-creation,traceId=,spanId=] [ForkJoinPool.commonPool-worker-3] c.s.r.service.RoomService - Calling scheduleGameStartAndDebitEntryFee for room: 6aac33c12fc30302e91c7a38
2026-09-18 00:09:07 INFO  [room-creation,traceId=,spanId=] [ForkJoinPool.commonPool-worker-3] c.s.r.service.RoomService - Executing scheduleGameStartAndDebitEntryFee for room: 6aac33c12fc30302e91c7a38
2026-09-18 00:09:07 INFO  [room-creation,traceId=,spanId=] [ForkJoinPool.commonPool-worker-3] c.s.r.service.RoomService - Processing player: 69f244b95e3dbc19a9e7dc39
2026-09-18 00:09:07 INFO  [room-creation,traceId=,spanId=] [ForkJoinPool.commonPool-worker-3] c.s.r.service.RoomService - User feign client get details output 69f244b95e3dbc19a9e7dc39
2026-09-18 00:09:07 INFO  [room-creation,traceId=,spanId=] [ForkJoinPool.commonPool-worker-3] c.s.r.service.RoomService - Processing player: 6a04944c16ad2500dc08e0a7
2026-09-18 00:09:07 INFO  [room-creation,traceId=,spanId=] [ForkJoinPool.commonPool-worker-3] c.s.r.service.RoomService - User feign client get details output 6a04944c16ad2500dc08e0a7
2026-09-18 00:09:07 INFO  [room-creation,traceId=,spanId=] [ForkJoinPool.commonPool-worker-3] c.s.r.service.RoomService - Game set to 'Ongoing' for room: 6aac33c12fc30302e91c7a38
2026-09-18 00:09:07 INFO  [room-creation,traceId=,spanId=] [ForkJoinPool.commonPool-worker-3] c.s.r.service.RoomService - Successfully triggered WebSocket broadcast for room: 6aac33c12fc30302e91c7a38
2026-09-18 00:10:14 INFO  [room-creation,traceId=,spanId=] [AsyncResolver-bootstrap-executor-%d] c.n.d.s.r.aws.ConfigClusterResolver - Resolving eureka endpoints via configuration
2026-09-18 01:51:16 INFO  [room-creation,traceId=,spanId=] [cluster-ClusterId{value='6aac31b02fc30302e91c7a35', description='Cluster0'}-ac-2s659uf-shard-00-02.pvohmlz.mongodb.net:27017] org.mongodb.driver.cluster - Exception in monitor thread while connecting to server ac-2s659uf-shard-00-02.pvohmlz.mongodb.net:27017
com.mongodb.MongoSocketReadException: Exception receiving message
	at com.mongodb.internal.connection.InternalStreamConnection.translateReadException(InternalStreamConnection.java:814)
	at com.mongodb.internal.connection.InternalStreamConnection.receiveResponseBuffers(InternalStreamConnection.java:862)
	at com.mongodb.internal.connection.InternalStreamConnection.receiveCommandMessageResponse(InternalStreamConnection.java:517)
	at com.mongodb.internal.connection.InternalStreamConnection.receive(InternalStreamConnection.java:469)
	at com.mongodb.internal.connection.DefaultServerMonitor$ServerMonitor.lookupServerDescription(DefaultServerMonitor.java:249)
	at com.mongodb.internal.connection.DefaultServerMonitor$ServerMonitor.run(DefaultServerMonitor.java:176)
Caused by: java.net.SocketException: Connection reset
	at java.base/sun.nio.ch.NioSocketImpl.implRead(NioSocketImpl.java:318)
	at java.base/sun.nio.ch.NioSocketImpl.read(NioSocketImpl.java:346)
	at java.base/sun.nio.ch.NioSocketImpl$1.read(NioSocketImpl.java:796)
	at java.base/java.net.Socket$SocketInputStream.read(Socket.java:1099)
	at java.base/sun.security.ssl.SSLSocketInputRecord.read(SSLSocketInputRecord.java:489)
	at java.base/sun.security.ssl.SSLSocketInputRecord.readHeader(SSLSocketInputRecord.java:483)
	at java.base/sun.security.ssl.SSLSocketInputRecord.bytesInCompletePacket(SSLSocketInputRecord.java:70)
	at java.base/sun.security.ssl.SSLSocketImpl.readApplicationRecord(SSLSocketImpl.java:1461)
	at java.base/sun.security.ssl.SSLSocketImpl$AppInputStream.read(SSLSocketImpl.java:1066)
	at com.mongodb.internal.connection.SocketStream.read(SocketStream.java:182)
	at com.mongodb.internal.connection.InternalStreamConnection.receiveResponseBuffers(InternalStreamConnection.java:829)
	... 4 common frames omitted
2026-09-18 01:51:16 INFO  [room-creation,traceId=,spanId=] [cluster-ClusterId{value='6aac31b02fc30302e91c7a35', description='Cluster0'}-ac-2s659uf-shard-00-00.pvohmlz.mongodb.net:27017] org.mongodb.driver.cluster - Exception in monitor thread while connecting to server ac-2s659uf-shard-00-00.pvohmlz.mongodb.net:27017
com.mongodb.MongoSocketReadException: Exception receiving message
	at com.mongodb.internal.connection.InternalStreamConnection.translateReadException(InternalStreamConnection.java:814)
	at com.mongodb.internal.connection.InternalStreamConnection.receiveResponseBuffers(InternalStreamConnection.java:862)
	at com.mongodb.internal.connection.InternalStreamConnection.receiveCommandMessageResponse(InternalStreamConnection.java:517)
	at com.mongodb.internal.connection.InternalStreamConnection.receive(InternalStreamConnection.java:469)
	at com.mongodb.internal.connection.DefaultServerMonitor$ServerMonitor.lookupServerDescription(DefaultServerMonitor.java:249)
	at com.mongodb.internal.connection.DefaultServerMonitor$ServerMonitor.run(DefaultServerMonitor.java:176)
Caused by: java.net.SocketException: Connection reset
	at java.base/sun.nio.ch.NioSocketImpl.implRead(NioSocketImpl.java:318)
	at java.base/sun.nio.ch.NioSocketImpl.read(NioSocketImpl.java:346)
	at java.base/sun.nio.ch.NioSocketImpl$1.read(NioSocketImpl.java:796)
	at java.base/java.net.Socket$SocketInputStream.read(Socket.java:1099)
	at java.base/sun.security.ssl.SSLSocketInputRecord.read(SSLSocketInputRecord.java:489)
	at java.base/sun.security.ssl.SSLSocketInputRecord.readHeader(SSLSocketInputRecord.java:483)
	at java.base/sun.security.ssl.SSLSocketInputRecord.bytesInCompletePacket(SSLSocketInputRecord.java:70)
	at java.base/sun.security.ssl.SSLSocketImpl.readApplicationRecord(SSLSocketImpl.java:1461)
	at java.base/sun.security.ssl.SSLSocketImpl$AppInputStream.read(SSLSocketImpl.java:1066)
	at com.mongodb.internal.connection.SocketStream.read(SocketStream.java:182)
	at com.mongodb.internal.connection.InternalStreamConnection.receiveResponseBuffers(InternalStreamConnection.java:829)
	... 4 common frames omitted
2026-09-18 01:51:16 INFO  [room-creation,traceId=,spanId=] [cluster-ClusterId{value='6aac31b02fc30302e91c7a35', description='Cluster0'}-ac-2s659uf-shard-00-01.pvohmlz.mongodb.net:27017] org.mongodb.driver.cluster - Exception in monitor thread while connecting to server ac-2s659uf-shard-00-01.pvohmlz.mongodb.net:27017
com.mongodb.MongoSocketReadException: Exception receiving message
	at com.mongodb.internal.connection.InternalStreamConnection.translateReadException(InternalStreamConnection.java:814)
	at com.mongodb.internal.connection.InternalStreamConnection.receiveResponseBuffers(InternalStreamConnection.java:862)
	at com.mongodb.internal.connection.InternalStreamConnection.receiveCommandMessageResponse(InternalStreamConnection.java:517)
	at com.mongodb.internal.connection.InternalStreamConnection.receive(InternalStreamConnection.java:469)
	at com.mongodb.internal.connection.DefaultServerMonitor$ServerMonitor.lookupServerDescription(DefaultServerMonitor.java:249)
	at com.mongodb.internal.connection.DefaultServerMonitor$ServerMonitor.run(DefaultServerMonitor.java:176)
Caused by: java.net.SocketException: Connection reset
	at java.base/sun.nio.ch.NioSocketImpl.implRead(NioSocketImpl.java:318)
	at java.base/sun.nio.ch.NioSocketImpl.read(NioSocketImpl.java:346)
	at java.base/sun.nio.ch.NioSocketImpl$1.read(NioSocketImpl.java:796)
	at java.base/java.net.Socket$SocketInputStream.read(Socket.java:1099)
	at java.base/sun.security.ssl.SSLSocketInputRecord.read(SSLSocketInputRecord.java:489)
	at java.base/sun.security.ssl.SSLSocketInputRecord.readHeader(SSLSocketInputRecord.java:483)
	at java.base/sun.security.ssl.SSLSocketInputRecord.bytesInCompletePacket(SSLSocketInputRecord.java:70)
	at java.base/sun.security.ssl.SSLSocketImpl.readApplicationRecord(SSLSocketImpl.java:1461)
	at java.base/sun.security.ssl.SSLSocketImpl$AppInputStream.read(SSLSocketImpl.java:1066)
	at com.mongodb.internal.connection.SocketStream.read(SocketStream.java:182)
	at com.mongodb.internal.connection.InternalStreamConnection.receiveResponseBuffers(InternalStreamConnection.java:829)
	... 4 common frames omitted
2026-09-18 01:51:16 INFO  [room-creation,traceId=,spanId=] [cluster-ClusterId{value='6aac31b02fc30302e91c7a35', description='Cluster0'}-ac-2s659uf-shard-00-01.pvohmlz.mongodb.net:27017] org.mongodb.driver.cluster - Exception in monitor thread while connecting to server ac-2s659uf-shard-00-01.pvohmlz.mongodb.net:27017
com.mongodb.MongoSocketException: No such host is known (ac-2s659uf-shard-00-01.pvohmlz.mongodb.net)
	at com.mongodb.internal.connection.ServerAddressHelper.getSocketAddresses(ServerAddressHelper.java:75)
	at com.mongodb.internal.connection.SocketStream.initializeSocket(SocketStream.java:100)
	at com.mongodb.internal.connection.SocketStream.open(SocketStream.java:79)
	at com.mongodb.internal.connection.InternalStreamConnection.open(InternalStreamConnection.java:233)
	at com.mongodb.internal.connection.DefaultServerMonitor$ServerMonitor.lookupServerDescription(DefaultServerMonitor.java:219)
	at com.mongodb.internal.connection.DefaultServerMonitor$ServerMonitor.run(DefaultServerMonitor.java:176)
Caused by: java.net.UnknownHostException: No such host is known (ac-2s659uf-shard-00-01.pvohmlz.mongodb.net)
	at java.base/java.net.Inet6AddressImpl.lookupAllHostAddr(Native Method)
	at java.base/java.net.Inet6AddressImpl.lookupAllHostAddr(Inet6AddressImpl.java:52)
	at java.base/java.net.InetAddress$PlatformResolver.lookupByName(InetAddress.java:1211)
	at java.base/java.net.InetAddress.getAddressesFromNameService(InetAddress.java:1828)
	at java.base/java.net.InetAddress$NameServiceAddresses.get(InetAddress.java:1139)
	at java.base/java.net.InetAddress.getAllByName0(InetAddress.java:1818)
	at java.base/java.net.InetAddress.getAllByName(InetAddress.java:1688)
	at com.mongodb.internal.connection.DefaultInetAddressResolver.lookupByName(DefaultInetAddressResolver.java:34)
	at com.mongodb.internal.connection.ServerAddressHelper.getSocketAddresses(ServerAddressHelper.java:71)
	... 5 common frames omitted
2026-09-18 01:51:16 INFO  [room-creation,traceId=,spanId=] [cluster-ClusterId{value='6aac31b02fc30302e91c7a35', description='Cluster0'}-ac-2s659uf-shard-00-02.pvohmlz.mongodb.net:27017] org.mongodb.driver.cluster - Exception in monitor thread while connecting to server ac-2s659uf-shard-00-02.pvohmlz.mongodb.net:27017
com.mongodb.MongoSocketException: No such host is known (ac-2s659uf-shard-00-02.pvohmlz.mongodb.net)
	at com.mongodb.internal.connection.ServerAddressHelper.getSocketAddresses(ServerAddressHelper.java:75)
	at com.mongodb.internal.connection.SocketStream.initializeSocket(SocketStream.java:100)
	at com.mongodb.internal.connection.SocketStream.open(SocketStream.java:79)
	at com.mongodb.internal.connection.InternalStreamConnection.open(InternalStreamConnection.java:233)
	at com.mongodb.internal.connection.DefaultServerMonitor$ServerMonitor.lookupServerDescription(DefaultServerMonitor.java:219)
	at com.mongodb.internal.connection.DefaultServerMonitor$ServerMonitor.run(DefaultServerMonitor.java:176)
Caused by: java.net.UnknownHostException: No such host is known (ac-2s659uf-shard-00-02.pvohmlz.mongodb.net)
	at java.base/java.net.Inet6AddressImpl.lookupAllHostAddr(Native Method)
	at java.base/java.net.Inet6AddressImpl.lookupAllHostAddr(Inet6AddressImpl.java:52)
	at java.base/java.net.InetAddress$PlatformResolver.lookupByName(InetAddress.java:1211)
	at java.base/java.net.InetAddress.getAddressesFromNameService(InetAddress.java:1828)
	at java.base/java.net.InetAddress$NameServiceAddresses.get(InetAddress.java:1139)
	at java.base/java.net.InetAddress.getAllByName0(InetAddress.java:1818)
	at java.base/java.net.InetAddress.getAllByName(InetAddress.java:1688)
	at com.mongodb.internal.connection.DefaultInetAddressResolver.lookupByName(DefaultInetAddressResolver.java:34)
	at com.mongodb.internal.connection.ServerAddressHelper.getSocketAddresses(ServerAddressHelper.java:71)
	... 5 common frames omitted
2026-09-18 01:51:16 INFO  [room-creation,traceId=,spanId=] [cluster-ClusterId{value='6aac31b02fc30302e91c7a35', description='Cluster0'}-ac-2s659uf-shard-00-00.pvohmlz.mongodb.net:27017] org.mongodb.driver.cluster - Exception in monitor thread while connecting to server ac-2s659uf-shard-00-00.pvohmlz.mongodb.net:27017
com.mongodb.MongoSocketException: No such host is known (ac-2s659uf-shard-00-00.pvohmlz.mongodb.net)
	at com.mongodb.internal.connection.ServerAddressHelper.getSocketAddresses(ServerAddressHelper.java:75)
	at com.mongodb.internal.connection.SocketStream.initializeSocket(SocketStream.java:100)
	at com.mongodb.internal.connection.SocketStream.open(SocketStream.java:79)
	at com.mongodb.internal.connection.InternalStreamConnection.open(InternalStreamConnection.java:233)
	at com.mongodb.internal.connection.DefaultServerMonitor$ServerMonitor.lookupServerDescription(DefaultServerMonitor.java:219)
	at com.mongodb.internal.connection.DefaultServerMonitor$ServerMonitor.run(DefaultServerMonitor.java:176)
Caused by: java.net.UnknownHostException: No such host is known (ac-2s659uf-shard-00-00.pvohmlz.mongodb.net)
	at java.base/java.net.Inet6AddressImpl.lookupAllHostAddr(Native Method)
	at java.base/java.net.Inet6AddressImpl.lookupAllHostAddr(Inet6AddressImpl.java:52)
	at java.base/java.net.InetAddress$PlatformResolver.lookupByName(InetAddress.java:1211)
	at java.base/java.net.InetAddress.getAddressesFromNameService(InetAddress.java:1828)
	at java.base/java.net.InetAddress$NameServiceAddresses.get(InetAddress.java:1139)
	at java.base/java.net.InetAddress.getAllByName0(InetAddress.java:1818)
	at java.base/java.net.InetAddress.getAllByName(InetAddress.java:1688)
	at com.mongodb.internal.connection.DefaultInetAddressResolver.lookupByName(DefaultInetAddressResolver.java:34)
	at com.mongodb.internal.connection.ServerAddressHelper.getSocketAddresses(ServerAddressHelper.java:71)
	... 5 common frames omitted
2026-09-18 01:51:16 INFO  [room-creation,traceId=,spanId=] [MessageBroker-3] org.mongodb.driver.cluster - Waiting for server to become available for operation with ID 862. Remaining time: 29920 ms. Selector: ReadPreferenceServerSelector{readPreference=primary}, topology description: {type=REPLICA_SET, servers=[{address=ac-2s659uf-shard-00-02.pvohmlz.mongodb.net:27017, type=UNKNOWN, state=CONNECTING, exception={com.mongodb.MongoSocketException: No such host is known (ac-2s659uf-shard-00-02.pvohmlz.mongodb.net)}, caused by {java.net.UnknownHostException: No such host is known (ac-2s659uf-shard-00-02.pvohmlz.mongodb.net)}}, {address=ac-2s659uf-shard-00-01.pvohmlz.mongodb.net:27017, type=UNKNOWN, state=CONNECTING, exception={com.mongodb.MongoSocketException: No such host is known (ac-2s659uf-shard-00-01.pvohmlz.mongodb.net)}, caused by {java.net.UnknownHostException: No such host is known (ac-2s659uf-shard-00-01.pvohmlz.mongodb.net)}}, {address=ac-2s659uf-shard-00-00.pvohmlz.mongodb.net:27017, type=UNKNOWN, state=CONNECTING, exception={com.mongodb.MongoSocketException: No such host is known (ac-2s659uf-shard-00-00.pvohmlz.mongodb.net)}, caused by {java.net.UnknownHostException: No such host is known (ac-2s659uf-shard-00-00.pvohmlz.mongodb.net)}}].
2026-09-18 01:51:17 INFO  [room-creation,traceId=,spanId=] [cluster-ClusterId{value='6aac31b02fc30302e91c7a35', description='Cluster0'}-ac-2s659uf-shard-00-01.pvohmlz.mongodb.net:27017] org.mongodb.driver.cluster - Exception in monitor thread while connecting to server ac-2s659uf-shard-00-01.pvohmlz.mongodb.net:27017
com.mongodb.MongoSocketException: ac-2s659uf-shard-00-01.pvohmlz.mongodb.net
	at com.mongodb.internal.connection.ServerAddressHelper.getSocketAddresses(ServerAddressHelper.java:75)
	at com.mongodb.internal.connection.SocketStream.initializeSocket(SocketStream.java:100)
	at com.mongodb.internal.connection.SocketStream.open(SocketStream.java:79)
	at com.mongodb.internal.connection.InternalStreamConnection.open(InternalStreamConnection.java:233)
	at com.mongodb.internal.connection.DefaultServerMonitor$ServerMonitor.lookupServerDescription(DefaultServerMonitor.java:219)
	at com.mongodb.internal.connection.DefaultServerMonitor$ServerMonitor.run(DefaultServerMonitor.java:176)
Caused by: java.net.UnknownHostException: ac-2s659uf-shard-00-01.pvohmlz.mongodb.net
	at java.base/java.net.InetAddress$CachedLookup.get(InetAddress.java:988)
	at java.base/java.net.InetAddress.getAllByName0(InetAddress.java:1818)
	at java.base/java.net.InetAddress.getAllByName(InetAddress.java:1688)
	at com.mongodb.internal.connection.DefaultInetAddressResolver.lookupByName(DefaultInetAddressResolver.java:34)
	at com.mongodb.internal.connection.ServerAddressHelper.getSocketAddresses(ServerAddressHelper.java:71)
	... 5 common frames omitted
2026-09-18 01:51:17 INFO  [room-creation,traceId=,spanId=] [cluster-ClusterId{value='6aac31b02fc30302e91c7a35', description='Cluster0'}-ac-2s659uf-shard-00-02.pvohmlz.mongodb.net:27017] org.mongodb.driver.cluster - Exception in monitor thread while connecting to server ac-2s659uf-shard-00-02.pvohmlz.mongodb.net:27017
com.mongodb.MongoSocketException: ac-2s659uf-shard-00-02.pvohmlz.mongodb.net
	at com.mongodb.internal.connection.ServerAddressHelper.getSocketAddresses(ServerAddressHelper.java:75)
	at com.mongodb.internal.connection.SocketStream.initializeSocket(SocketStream.java:100)
	at com.mongodb.internal.connection.SocketStream.open(SocketStream.java:79)
	at com.mongodb.internal.connection.InternalStreamConnection.open(InternalStreamConnection.java:233)
	at com.mongodb.internal.connection.DefaultServerMonitor$ServerMonitor.lookupServerDescription(DefaultServerMonitor.java:219)
	at com.mongodb.internal.connection.DefaultServerMonitor$ServerMonitor.run(DefaultServerMonitor.java:176)
Caused by: java.net.UnknownHostException: ac-2s659uf-shard-00-02.pvohmlz.mongodb.net
	at java.base/java.net.InetAddress$CachedLookup.get(InetAddress.java:988)
	at java.base/java.net.InetAddress.getAllByName0(InetAddress.java:1818)
	at java.base/java.net.InetAddress.getAllByName(InetAddress.java:1688)
	at com.mongodb.internal.connection.DefaultInetAddressResolver.lookupByName(DefaultInetAddressResolver.java:34)
	at com.mongodb.internal.connection.ServerAddressHelper.getSocketAddresses(ServerAddressHelper.java:71)
	... 5 common frames omitted
2026-09-18 01:51:17 INFO  [room-creation,traceId=,spanId=] [cluster-ClusterId{value='6aac31b02fc30302e91c7a35', description='Cluster0'}-ac-2s659uf-shard-00-00.pvohmlz.mongodb.net:27017] org.mongodb.driver.cluster - Exception in monitor thread while connecting to server ac-2s659uf-shard-00-00.pvohmlz.mongodb.net:27017
com.mongodb.MongoSocketException: ac-2s659uf-shard-00-00.pvohmlz.mongodb.net
	at com.mongodb.internal.connection.ServerAddressHelper.getSocketAddresses(ServerAddressHelper.java:75)
	at com.mongodb.internal.connection.SocketStream.initializeSocket(SocketStream.java:100)
	at com.mongodb.internal.connection.SocketStream.open(SocketStream.java:79)
	at com.mongodb.internal.connection.InternalStreamConnection.open(InternalStreamConnection.java:233)
	at com.mongodb.internal.connection.DefaultServerMonitor$ServerMonitor.lookupServerDescription(DefaultServerMonitor.java:219)
	at com.mongodb.internal.connection.DefaultServerMonitor$ServerMonitor.run(DefaultServerMonitor.java:176)
Caused by: java.net.UnknownHostException: ac-2s659uf-shard-00-00.pvohmlz.mongodb.net
	at java.base/java.net.InetAddress$CachedLookup.get(InetAddress.java:988)
	at java.base/java.net.InetAddress.getAllByName0(InetAddress.java:1818)
	at java.base/java.net.InetAddress.getAllByName(InetAddress.java:1688)
	at com.mongodb.internal.connection.DefaultInetAddressResolver.lookupByName(DefaultInetAddressResolver.java:34)
	at com.mongodb.internal.connection.ServerAddressHelper.getSocketAddresses(ServerAddressHelper.java:71)
	... 5 common frames omitted
2026-09-18 13:35:32 INFO  [room-creation,traceId=,spanId=] [cluster-ClusterId{value='6aac31b02fc30302e91c7a35', description='Cluster0'}-ac-2s659uf-shard-00-00.pvohmlz.mongodb.net:27017] org.mongodb.driver.cluster - Exception in monitor thread while connecting to server ac-2s659uf-shard-00-00.pvohmlz.mongodb.net:27017
com.mongodb.MongoSocketException: No such host is known (ac-2s659uf-shard-00-00.pvohmlz.mongodb.net)
	at com.mongodb.internal.connection.ServerAddressHelper.getSocketAddresses(ServerAddressHelper.java:75)
	at com.mongodb.internal.connection.SocketStream.initializeSocket(SocketStream.java:100)
	at com.mongodb.internal.connection.SocketStream.open(SocketStream.java:79)
	at com.mongodb.internal.connection.InternalStreamConnection.open(InternalStreamConnection.java:233)
	at com.mongodb.internal.connection.DefaultServerMonitor$ServerMonitor.lookupServerDescription(DefaultServerMonitor.java:219)
	at com.mongodb.internal.connection.DefaultServerMonitor$ServerMonitor.run(DefaultServerMonitor.java:176)
Caused by: java.net.UnknownHostException: No such host is known (ac-2s659uf-shard-00-00.pvohmlz.mongodb.net)
	at java.base/java.net.Inet6AddressImpl.lookupAllHostAddr(Native Method)
	at java.base/java.net.Inet6AddressImpl.lookupAllHostAddr(Inet6AddressImpl.java:52)
	at java.base/java.net.InetAddress$PlatformResolver.lookupByName(InetAddress.java:1211)
	at java.base/java.net.InetAddress.getAddressesFromNameService(InetAddress.java:1828)
	at java.base/java.net.InetAddress$NameServiceAddresses.get(InetAddress.java:1139)
	at java.base/java.net.InetAddress.getAllByName0(InetAddress.java:1818)
	at java.base/java.net.InetAddress.getAllByName(InetAddress.java:1688)
	at com.mongodb.internal.connection.DefaultInetAddressResolver.lookupByName(DefaultInetAddressResolver.java:34)
	at com.mongodb.internal.connection.ServerAddressHelper.getSocketAddresses(ServerAddressHelper.java:71)
	... 5 common frames omitted
2026-09-18 13:35:33 INFO  [room-creation,traceId=,spanId=] [cluster-ClusterId{value='6aac31b02fc30302e91c7a35', description='Cluster0'}-ac-2s659uf-shard-00-01.pvohmlz.mongodb.net:27017] org.mongodb.driver.cluster - Exception in monitor thread while connecting to server ac-2s659uf-shard-00-01.pvohmlz.mongodb.net:27017
com.mongodb.MongoSocketException: No such host is known (ac-2s659uf-shard-00-01.pvohmlz.mongodb.net)
	at com.mongodb.internal.connection.ServerAddressHelper.getSocketAddresses(ServerAddressHelper.java:75)
	at com.mongodb.internal.connection.SocketStream.initializeSocket(SocketStream.java:100)
	at com.mongodb.internal.connection.SocketStream.open(SocketStream.java:79)
	at com.mongodb.internal.connection.InternalStreamConnection.open(InternalStreamConnection.java:233)
	at com.mongodb.internal.connection.DefaultServerMonitor$ServerMonitor.lookupServerDescription(DefaultServerMonitor.java:219)
	at com.mongodb.internal.connection.DefaultServerMonitor$ServerMonitor.run(DefaultServerMonitor.java:176)
Caused by: java.net.UnknownHostException: No such host is known (ac-2s659uf-shard-00-01.pvohmlz.mongodb.net)
	at java.base/java.net.Inet6AddressImpl.lookupAllHostAddr(Native Method)
	at java.base/java.net.Inet6AddressImpl.lookupAllHostAddr(Inet6AddressImpl.java:52)
	at java.base/java.net.InetAddress$PlatformResolver.lookupByName(InetAddress.java:1211)
	at java.base/java.net.InetAddress.getAddressesFromNameService(InetAddress.java:1828)
	at java.base/java.net.InetAddress$NameServiceAddresses.get(InetAddress.java:1139)
	at java.base/java.net.InetAddress.getAllByName0(InetAddress.java:1818)
	at java.base/java.net.InetAddress.getAllByName(InetAddress.java:1688)
	at com.mongodb.internal.connection.DefaultInetAddressResolver.lookupByName(DefaultInetAddressResolver.java:34)
	at com.mongodb.internal.connection.ServerAddressHelper.getSocketAddresses(ServerAddressHelper.java:71)
	... 5 common frames omitted
2026-09-18 13:35:33 INFO  [room-creation,traceId=,spanId=] [cluster-ClusterId{value='6aac31b02fc30302e91c7a35', description='Cluster0'}-ac-2s659uf-shard-00-02.pvohmlz.mongodb.net:27017] org.mongodb.driver.cluster - Exception in monitor thread while connecting to server ac-2s659uf-shard-00-02.pvohmlz.mongodb.net:27017
com.mongodb.MongoSocketException: No such host is known (ac-2s659uf-shard-00-02.pvohmlz.mongodb.net)
	at com.mongodb.internal.connection.ServerAddressHelper.getSocketAddresses(ServerAddressHelper.java:75)
	at com.mongodb.internal.connection.SocketStream.initializeSocket(SocketStream.java:100)
	at com.mongodb.internal.connection.SocketStream.open(SocketStream.java:79)
	at com.mongodb.internal.connection.InternalStreamConnection.open(InternalStreamConnection.java:233)
	at com.mongodb.internal.connection.DefaultServerMonitor$ServerMonitor.lookupServerDescription(DefaultServerMonitor.java:219)
	at com.mongodb.internal.connection.DefaultServerMonitor$ServerMonitor.run(DefaultServerMonitor.java:176)
Caused by: java.net.UnknownHostException: No such host is known (ac-2s659uf-shard-00-02.pvohmlz.mongodb.net)
	at java.base/java.net.Inet6AddressImpl.lookupAllHostAddr(Native Method)
	at java.base/java.net.Inet6AddressImpl.lookupAllHostAddr(Inet6AddressImpl.java:52)
	at java.base/java.net.InetAddress$PlatformResolver.lookupByName(InetAddress.java:1211)
	at java.base/java.net.InetAddress.getAddressesFromNameService(InetAddress.java:1828)
	at java.base/java.net.InetAddress$NameServiceAddresses.get(InetAddress.java:1139)
	at java.base/java.net.InetAddress.getAllByName0(InetAddress.java:1818)
	at java.base/java.net.InetAddress.getAllByName(InetAddress.java:1688)
	at com.mongodb.internal.connection.DefaultInetAddressResolver.lookupByName(DefaultInetAddressResolver.java:34)
	at com.mongodb.internal.connection.ServerAddressHelper.getSocketAddresses(ServerAddressHelper.java:71)
	... 5 common frames omitted
2026-09-18 13:35:34 ERROR [room-creation,traceId=,spanId=] [MessageBroker-3] o.s.s.s.TaskUtils$LoggingErrorHandler - Unexpected error occurred in scheduled task
org.springframework.dao.DataAccessResourceFailureException: Exception receiving message
	at org.springframework.data.mongodb.core.MongoExceptionTranslator.doTranslateException(MongoExceptionTranslator.java:87)
	at org.springframework.data.mongodb.core.MongoExceptionTranslator.translateExceptionIfPossible(MongoExceptionTranslator.java:74)
	at org.springframework.data.mongodb.core.MongoTemplate.potentiallyConvertRuntimeException(MongoTemplate.java:3008)
	at org.springframework.data.mongodb.core.MongoTemplate.executeFindMultiInternal(MongoTemplate.java:2933)
	at org.springframework.data.mongodb.core.MongoTemplate.doFind(MongoTemplate.java:2631)
	at org.springframework.data.mongodb.core.ExecutableFindOperationSupport$ExecutableFindSupport.doFind(ExecutableFindOperationSupport.java:177)
	at org.springframework.data.mongodb.core.ExecutableFindOperationSupport$ExecutableFindSupport.all(ExecutableFindOperationSupport.java:135)
	at org.springframework.data.mongodb.repository.query.AbstractMongoQuery.lambda$getExecution$4(AbstractMongoQuery.java:226)
	at org.springframework.data.mongodb.repository.query.AbstractMongoQuery.doExecute(AbstractMongoQuery.java:184)
	at org.springframework.data.mongodb.repository.query.AbstractMongoQuery.execute(AbstractMongoQuery.java:156)
	at org.springframework.data.repository.core.support.RepositoryMethodInvoker.doInvoke(RepositoryMethodInvoker.java:170)
	at org.springframework.data.repository.core.support.RepositoryMethodInvoker.invoke(RepositoryMethodInvoker.java:158)
	at org.springframework.data.repository.core.support.QueryExecutorMethodInterceptor.doInvoke(QueryExecutorMethodInterceptor.java:170)
	at org.springframework.data.repository.core.support.QueryExecutorMethodInterceptor.invoke(QueryExecutorMethodInterceptor.java:149)
	at org.springframework.aop.framework.ReflectiveMethodInvocation.proceed(ReflectiveMethodInvocation.java:184)
	at org.springframework.data.projection.DefaultMethodInvokingMethodInterceptor.invoke(DefaultMethodInvokingMethodInterceptor.java:69)
	at org.springframework.aop.framework.ReflectiveMethodInvocation.proceed(ReflectiveMethodInvocation.java:184)
	at org.springframework.data.mongodb.repository.support.CrudMethodMetadataPostProcessor$CrudMethodMetadataPopulatingMethodInterceptor.invoke(CrudMethodMetadataPostProcessor.java:129)
	at org.springframework.aop.framework.ReflectiveMethodInvocation.proceed(ReflectiveMethodInvocation.java:184)
	at org.springframework.aop.framework.JdkDynamicAopProxy.invoke(JdkDynamicAopProxy.java:223)
	at jdk.proxy2/jdk.proxy2.$Proxy131.findByGameStatus(Unknown Source)
	at java.base/jdk.internal.reflect.DirectMethodHandleAccessor.invoke(DirectMethodHandleAccessor.java:103)
	at java.base/java.lang.reflect.Method.invoke(Method.java:580)
	at org.springframework.aop.support.AopUtils.invokeJoinpointUsingReflection(AopUtils.java:359)
	at org.springframework.aop.framework.ReflectiveMethodInvocation.invokeJoinpoint(ReflectiveMethodInvocation.java:196)
	at org.springframework.aop.framework.ReflectiveMethodInvocation.proceed(ReflectiveMethodInvocation.java:163)
	at org.springframework.dao.support.PersistenceExceptionTranslationInterceptor.invoke(PersistenceExceptionTranslationInterceptor.java:138)
	at org.springframework.aop.framework.ReflectiveMethodInvocation.proceed(ReflectiveMethodInvocation.java:184)
	at org.springframework.aop.framework.JdkDynamicAopProxy.invoke(JdkDynamicAopProxy.java:223)
	at jdk.proxy2/jdk.proxy2.$Proxy131.findByGameStatus(Unknown Source)
	at com.sadetech.room_creation.service.RoomService.cleanExpiredRoom(RoomService.java:2018)
	at java.base/jdk.internal.reflect.DirectMethodHandleAccessor.invoke(DirectMethodHandleAccessor.java:103)
	at java.base/java.lang.reflect.Method.invoke(Method.java:580)
	at org.springframework.scheduling.support.ScheduledMethodRunnable.runInternal(ScheduledMethodRunnable.java:130)
	at org.springframework.scheduling.support.ScheduledMethodRunnable.lambda$run$2(ScheduledMethodRunnable.java:124)
	at io.micrometer.observation.Observation.observe(Observation.java:499)
	at org.springframework.scheduling.support.ScheduledMethodRunnable.run(ScheduledMethodRunnable.java:124)
	at org.springframework.scheduling.config.Task$OutcomeTrackingRunnable.run(Task.java:83)
	at org.springframework.scheduling.support.DelegatingErrorHandlingRunnable.run(DelegatingErrorHandlingRunnable.java:54)
	at java.base/java.util.concurrent.Executors$RunnableAdapter.call(Executors.java:572)
	at java.base/java.util.concurrent.FutureTask.runAndReset(FutureTask.java:358)
	at java.base/java.util.concurrent.ScheduledThreadPoolExecutor$ScheduledFutureTask.run(ScheduledThreadPoolExecutor.java:305)
	at java.base/java.util.concurrent.ThreadPoolExecutor.runWorker(ThreadPoolExecutor.java:1144)
	at java.base/java.util.concurrent.ThreadPoolExecutor$Worker.run(ThreadPoolExecutor.java:642)
	at java.base/java.lang.Thread.run(Thread.java:1583)
Caused by: com.mongodb.MongoSocketReadException: Exception receiving message
	at com.mongodb.internal.connection.InternalStreamConnection.translateReadException(InternalStreamConnection.java:814)
	at com.mongodb.internal.connection.InternalStreamConnection.receiveResponseBuffers(InternalStreamConnection.java:862)
	at com.mongodb.internal.connection.InternalStreamConnection.receiveCommandMessageResponse(InternalStreamConnection.java:517)
	at com.mongodb.internal.connection.InternalStreamConnection.sendAndReceiveInternal(InternalStreamConnection.java:448)
	at com.mongodb.internal.connection.InternalStreamConnection.lambda$sendAndReceive$0(InternalStreamConnection.java:375)
	at com.mongodb.internal.connection.InternalStreamConnection.sendAndReceive(InternalStreamConnection.java:378)
	at com.mongodb.internal.connection.UsageTrackingInternalConnection.sendAndReceive(UsageTrackingInternalConnection.java:111)
	at com.mongodb.internal.connection.DefaultConnectionPool$PooledConnection.sendAndReceive(DefaultConnectionPool.java:748)
	at com.mongodb.internal.connection.CommandProtocolImpl.execute(CommandProtocolImpl.java:68)
	at com.mongodb.internal.connection.DefaultServer$DefaultServerProtocolExecutor.execute(DefaultServer.java:208)
	at com.mongodb.internal.connection.DefaultServerConnection.executeProtocol(DefaultServerConnection.java:113)
	at com.mongodb.internal.connection.DefaultServerConnection.command(DefaultServerConnection.java:82)
	at com.mongodb.internal.connection.DefaultServerConnection.command(DefaultServerConnection.java:73)
	at com.mongodb.internal.connection.DefaultServer$OperationCountTrackingConnection.command(DefaultServer.java:298)
	at com.mongodb.internal.operation.SyncOperationHelper.createReadCommandAndExecute(SyncOperationHelper.java:298)
	at com.mongodb.internal.operation.FindOperation.lambda$execute$1(FindOperation.java:299)
	at com.mongodb.internal.operation.SyncOperationHelper.lambda$withSourceAndConnection$0(SyncOperationHelper.java:131)
	at com.mongodb.internal.operation.SyncOperationHelper.withSuppliedResource(SyncOperationHelper.java:156)
	at com.mongodb.internal.operation.SyncOperationHelper.lambda$withSourceAndConnection$1(SyncOperationHelper.java:130)
	at com.mongodb.internal.operation.SyncOperationHelper.withSuppliedResource(SyncOperationHelper.java:156)
	at com.mongodb.internal.operation.SyncOperationHelper.withSourceAndConnection(SyncOperationHelper.java:129)
	at com.mongodb.internal.operation.FindOperation.lambda$execute$2(FindOperation.java:296)
	at com.mongodb.internal.operation.SyncOperationHelper.lambda$decorateReadWithRetries$13(SyncOperationHelper.java:317)
	at com.mongodb.internal.async.function.RetryingSyncSupplier.get(RetryingSyncSupplier.java:67)
	at com.mongodb.internal.operation.FindOperation.execute(FindOperation.java:307)
	at com.mongodb.internal.operation.FindOperation.execute(FindOperation.java:70)
	at com.mongodb.client.internal.MongoClusterImpl$OperationExecutorImpl.execute(MongoClusterImpl.java:358)
	at com.mongodb.client.internal.MongoIterableImpl.execute(MongoIterableImpl.java:156)
	at com.mongodb.client.internal.MongoIterableImpl.iterator(MongoIterableImpl.java:116)
	at org.springframework.data.mongodb.core.MongoTemplate.executeFindMultiInternal(MongoTemplate.java:2920)
	... 41 common frames omitted
Caused by: java.net.SocketException: Connection reset
	at java.base/sun.nio.ch.NioSocketImpl.implRead(NioSocketImpl.java:318)
	at java.base/sun.nio.ch.NioSocketImpl.read(NioSocketImpl.java:346)
	at java.base/sun.nio.ch.NioSocketImpl$1.read(NioSocketImpl.java:796)
	at java.base/java.net.Socket$SocketInputStream.read(Socket.java:1099)
	at java.base/sun.security.ssl.SSLSocketInputRecord.read(SSLSocketInputRecord.java:489)
	at java.base/sun.security.ssl.SSLSocketInputRecord.readHeader(SSLSocketInputRecord.java:483)
	at java.base/sun.security.ssl.SSLSocketInputRecord.bytesInCompletePacket(SSLSocketInputRecord.java:70)
	at java.base/sun.security.ssl.SSLSocketImpl.readApplicationRecord(SSLSocketImpl.java:1461)
	at java.base/sun.security.ssl.SSLSocketImpl$AppInputStream.read(SSLSocketImpl.java:1066)
	at com.mongodb.internal.connection.SocketStream.read(SocketStream.java:182)
	at com.mongodb.internal.connection.InternalStreamConnection.receiveResponseBuffers(InternalStreamConnection.java:829)
	... 69 common frames omitted
2026-09-18 13:35:34 INFO  [room-creation,traceId=,spanId=] [MessageBroker-3] o.s.w.s.c.WebSocketMessageBrokerStats - WebSocketSession[0 current WS(0)-HttpStream(0)-HttpPoll(0), 0 total, 0 closed abnormally (0 connect failure, 0 send limit, 0 transport error)], stompSubProtocol[processed CONNECT(0)-CONNECTED(0)-DISCONNECT(0)], stompBrokerRelay[null], inboundChannel[pool size = 0, active threads = 0, queued tasks = 0, completed tasks = 0], outboundChannel[pool size = 0, active threads = 0, queued tasks = 0, completed tasks = 0], sockJsScheduler[pool size = 4, active threads = 1, queued tasks = 1, completed tasks = 71]
2026-09-18 13:37:23 INFO  [room-creation,traceId=,spanId=] [cluster-ClusterId{value='6aac31b02fc30302e91c7a35', description='Cluster0'}-ac-2s659uf-shard-00-01.pvohmlz.mongodb.net:27017] org.mongodb.driver.cluster - Monitor thread successfully connected to server with description ServerDescription{address=ac-2s659uf-shard-00-01.pvohmlz.mongodb.net:27017, type=REPLICA_SET_PRIMARY, cryptd=false, state=CONNECTED, ok=true, minWireVersion=0, maxWireVersion=25, maxDocumentSize=16777216, logicalSessionTimeoutMinutes=30, roundTripTimeNanos=206117500, minRoundTripTimeNanos=0, setName='atlas-cyb1qj-shard-0', canonicalAddress=ac-2s659uf-shard-00-01.pvohmlz.mongodb.net:27017, hosts=[ac-2s659uf-shard-00-00.pvohmlz.mongodb.net:27017, ac-2s659uf-shard-00-01.pvohmlz.mongodb.net:27017, ac-2s659uf-shard-00-02.pvohmlz.mongodb.net:27017], passives=[], arbiters=[], primary='ac-2s659uf-shard-00-01.pvohmlz.mongodb.net:27017', tagSet=TagSet{[Tag{name='availabilityZone', value='aps1-az3'}, Tag{name='cacheState', value='READY'}, Tag{name='diskState', value='READY'}, Tag{name='nodeType', value='ELECTABLE'}, Tag{name='provider', value='AWS'}, Tag{name='region', value='AP_SOUTH_1'}, Tag{name='workloadType', value='OPERATIONAL'}]}, electionId=7fffffff000000000000029c, setVersion=243, topologyVersion=TopologyVersion{processId=6aa036cfe4fd87c4b852bc68, counter=10}, lastWriteDate=Fri Sep 18 13:37:24 IST 2026, lastUpdateTimeNanos=54597598869000}
2026-09-18 13:37:23 INFO  [room-creation,traceId=,spanId=] [cluster-ClusterId{value='6aac31b02fc30302e91c7a35', description='Cluster0'}-ac-2s659uf-shard-00-00.pvohmlz.mongodb.net:27017] org.mongodb.driver.cluster - Monitor thread successfully connected to server with description ServerDescription{address=ac-2s659uf-shard-00-00.pvohmlz.mongodb.net:27017, type=REPLICA_SET_SECONDARY, cryptd=false, state=CONNECTED, ok=true, minWireVersion=0, maxWireVersion=25, maxDocumentSize=16777216, logicalSessionTimeoutMinutes=30, roundTripTimeNanos=206039400, minRoundTripTimeNanos=0, setName='atlas-cyb1qj-shard-0', canonicalAddress=ac-2s659uf-shard-00-00.pvohmlz.mongodb.net:27017, hosts=[ac-2s659uf-shard-00-00.pvohmlz.mongodb.net:27017, ac-2s659uf-shard-00-01.pvohmlz.mongodb.net:27017, ac-2s659uf-shard-00-02.pvohmlz.mongodb.net:27017], passives=[], arbiters=[], primary='ac-2s659uf-shard-00-01.pvohmlz.mongodb.net:27017', tagSet=TagSet{[Tag{name='availabilityZone', value='aps1-az1'}, Tag{name='cacheState', value='READY'}, Tag{name='diskState', value='READY'}, Tag{name='nodeType', value='ELECTABLE'}, Tag{name='provider', value='AWS'}, Tag{name='region', value='AP_SOUTH_1'}, Tag{name='workloadType', value='OPERATIONAL'}]}, electionId=null, setVersion=243, topologyVersion=TopologyVersion{processId=6aa03408de4fa51023b14665, counter=10}, lastWriteDate=Fri Sep 18 13:37:24 IST 2026, lastUpdateTimeNanos=54597598869000}
2026-09-18 13:37:23 INFO  [room-creation,traceId=,spanId=] [cluster-ClusterId{value='6aac31b02fc30302e91c7a35', description='Cluster0'}-ac-2s659uf-shard-00-02.pvohmlz.mongodb.net:27017] org.mongodb.driver.cluster - Monitor thread successfully connected to server with description ServerDescription{address=ac-2s659uf-shard-00-02.pvohmlz.mongodb.net:27017, type=REPLICA_SET_SECONDARY, cryptd=false, state=CONNECTED, ok=true, minWireVersion=0, maxWireVersion=25, maxDocumentSize=16777216, logicalSessionTimeoutMinutes=30, roundTripTimeNanos=206277600, minRoundTripTimeNanos=0, setName='atlas-cyb1qj-shard-0', canonicalAddress=ac-2s659uf-shard-00-02.pvohmlz.mongodb.net:27017, hosts=[ac-2s659uf-shard-00-00.pvohmlz.mongodb.net:27017, ac-2s659uf-shard-00-01.pvohmlz.mongodb.net:27017, ac-2s659uf-shard-00-02.pvohmlz.mongodb.net:27017], passives=[], arbiters=[], primary='ac-2s659uf-shard-00-01.pvohmlz.mongodb.net:27017', tagSet=TagSet{[Tag{name='availabilityZone', value='aps1-az2'}, Tag{name='cacheState', value='READY'}, Tag{name='diskState', value='READY'}, Tag{name='nodeType', value='ELECTABLE'}, Tag{name='provider', value='AWS'}, Tag{name='region', value='AP_SOUTH_1'}, Tag{name='workloadType', value='OPERATIONAL'}]}, electionId=null, setVersion=243, topologyVersion=TopologyVersion{processId=6aa03a0e28f9005065e8fbae, counter=5}, lastWriteDate=Fri Sep 18 13:37:24 IST 2026, lastUpdateTimeNanos=54597599029500}
2026-09-18 13:37:23 INFO  [room-creation,traceId=,spanId=] [cluster-ClusterId{value='6aac31b02fc30302e91c7a35', description='Cluster0'}-ac-2s659uf-shard-00-01.pvohmlz.mongodb.net:27017] org.mongodb.driver.cluster - Discovered replica set primary ac-2s659uf-shard-00-01.pvohmlz.mongodb.net:27017 with max election id 7fffffff000000000000029c and max set version 243
2026-09-18 13:38:48 INFO  [room-creation,traceId=,spanId=] [AsyncResolver-bootstrap-executor-%d] c.n.d.s.r.aws.ConfigClusterResolver - Resolving eureka endpoints via configuration
2026-09-18 13:43:48 INFO  [room-creation,traceId=,spanId=] [AsyncResolver-bootstrap-executor-%d] c.n.d.s.r.aws.ConfigClusterResolver - Resolving eureka endpoints via configuration
2026-09-18 13:48:48 INFO  [room-creation,traceId=,spanId=] [AsyncResolver-bootstrap-executor-%d] c.n.d.s.r.aws.ConfigClusterResolver - Resolving eureka endpoints via configuration
2026-09-18 13:53:48 INFO  [room-creation,traceId=,spanId=] [AsyncResolver-bootstrap-executor-%d] c.n.d.s.r.aws.ConfigClusterResolver - Resolving eureka endpoints via configuration
2026-09-18 13:58:48 INFO  [room-creation,traceId=,spanId=] [AsyncResolver-bootstrap-executor-%d] c.n.d.s.r.aws.ConfigClusterResolver - Resolving eureka endpoints via configuration
2026-09-18 14:03:48 INFO  [room-creation,traceId=,spanId=] [AsyncResolver-bootstrap-executor-%d] c.n.d.s.r.aws.ConfigClusterResolver - Resolving eureka endpoints via configuration
2026-09-18 14:05:34 INFO  [room-creation,traceId=,spanId=] [MessageBroker-2] o.s.w.s.c.WebSocketMessageBrokerStats - WebSocketSession[0 current WS(0)-HttpStream(0)-HttpPoll(0), 0 total, 0 closed abnormally (0 connect failure, 0 send limit, 0 transport error)], stompSubProtocol[processed CONNECT(0)-CONNECTED(0)-DISCONNECT(0)], stompBrokerRelay[null], inboundChannel[pool size = 0, active threads = 0, queued tasks = 0, completed tasks = 0], outboundChannel[pool size = 0, active threads = 0, queued tasks = 0, completed tasks = 0], sockJsScheduler[pool size = 4, active threads = 1, queued tasks = 1, completed tasks = 137]
2026-09-18 14:08:48 INFO  [room-creation,traceId=,spanId=] [AsyncResolver-bootstrap-executor-%d] c.n.d.s.r.aws.ConfigClusterResolver - Resolving eureka endpoints via configuration
2026-09-18 14:13:49 INFO  [room-creation,traceId=,spanId=] [AsyncResolver-bootstrap-executor-%d] c.n.d.s.r.aws.ConfigClusterResolver - Resolving eureka endpoints via configuration
2026-09-18 14:18:49 INFO  [room-creation,traceId=,spanId=] [AsyncResolver-bootstrap-executor-%d] c.n.d.s.r.aws.ConfigClusterResolver - Resolving eureka endpoints via configuration
2026-09-18 14:23:49 INFO  [room-creation,traceId=,spanId=] [AsyncResolver-bootstrap-executor-%d] c.n.d.s.r.aws.ConfigClusterResolver - Resolving eureka endpoints via configuration
2026-09-18 14:28:49 INFO  [room-creation,traceId=,spanId=] [AsyncResolver-bootstrap-executor-%d] c.n.d.s.r.aws.ConfigClusterResolver - Resolving eureka endpoints via configuration
2026-09-18 14:33:49 INFO  [room-creation,traceId=,spanId=] [AsyncResolver-bootstrap-executor-%d] c.n.d.s.r.aws.ConfigClusterResolver - Resolving eureka endpoints via configuration
2026-09-18 14:35:34 INFO  [room-creation,traceId=,spanId=] [MessageBroker-4] o.s.w.s.c.WebSocketMessageBrokerStats - WebSocketSession[0 current WS(0)-HttpStream(0)-HttpPoll(0), 0 total, 0 closed abnormally (0 connect failure, 0 send limit, 0 transport error)], stompSubProtocol[processed CONNECT(0)-CONNECTED(0)-DISCONNECT(0)], stompBrokerRelay[null], inboundChannel[pool size = 0, active threads = 0, queued tasks = 0, completed tasks = 0], outboundChannel[pool size = 0, active threads = 0, queued tasks = 0, completed tasks = 0], sockJsScheduler[pool size = 4, active threads = 1, queued tasks = 1, completed tasks = 316]
2026-09-18 14:38:49 INFO  [room-creation,traceId=,spanId=] [AsyncResolver-bootstrap-executor-%d] c.n.d.s.r.aws.ConfigClusterResolver - Resolving eureka endpoints via configuration
2026-09-18 14:43:49 INFO  [room-creation,traceId=,spanId=] [AsyncResolver-bootstrap-executor-%d] c.n.d.s.r.aws.ConfigClusterResolver - Resolving eureka endpoints via configuration
2026-09-18 14:48:49 INFO  [room-creation,traceId=,spanId=] [AsyncResolver-bootstrap-executor-%d] c.n.d.s.r.aws.ConfigClusterResolver - Resolving eureka endpoints via configuration
2026-09-18 14:49:18 INFO  [room-creation,traceId=,spanId=] [cluster-ClusterId{value='6aac31b02fc30302e91c7a35', description='Cluster0'}-ac-2s659uf-shard-00-00.pvohmlz.mongodb.net:27017] org.mongodb.driver.cluster - Exception in monitor thread while connecting to server ac-2s659uf-shard-00-00.pvohmlz.mongodb.net:27017
com.mongodb.MongoSocketReadTimeoutException: Timeout while receiving message
	at com.mongodb.internal.connection.InternalStreamConnection.createReadTimeoutException(InternalStreamConnection.java:824)
	at com.mongodb.internal.connection.InternalStreamConnection.translateReadException(InternalStreamConnection.java:812)
	at com.mongodb.internal.connection.InternalStreamConnection.receiveResponseBuffers(InternalStreamConnection.java:862)
	at com.mongodb.internal.connection.InternalStreamConnection.receiveCommandMessageResponse(InternalStreamConnection.java:517)
	at com.mongodb.internal.connection.InternalStreamConnection.receive(InternalStreamConnection.java:469)
	at com.mongodb.internal.connection.DefaultServerMonitor$ServerMonitor.lookupServerDescription(DefaultServerMonitor.java:249)
	at com.mongodb.internal.connection.DefaultServerMonitor$ServerMonitor.run(DefaultServerMonitor.java:176)
Caused by: java.net.SocketTimeoutException: Read timed out
	at java.base/sun.nio.ch.NioSocketImpl.timedRead(NioSocketImpl.java:278)
	at java.base/sun.nio.ch.NioSocketImpl.implRead(NioSocketImpl.java:304)
	at java.base/sun.nio.ch.NioSocketImpl.read(NioSocketImpl.java:346)
	at java.base/sun.nio.ch.NioSocketImpl$1.read(NioSocketImpl.java:796)
	at java.base/java.net.Socket$SocketInputStream.read(Socket.java:1099)
	at java.base/sun.security.ssl.SSLSocketInputRecord.read(SSLSocketInputRecord.java:489)
	at java.base/sun.security.ssl.SSLSocketInputRecord.readHeader(SSLSocketInputRecord.java:483)
	at java.base/sun.security.ssl.SSLSocketInputRecord.bytesInCompletePacket(SSLSocketInputRecord.java:70)
	at java.base/sun.security.ssl.SSLSocketImpl.readApplicationRecord(SSLSocketImpl.java:1461)
	at java.base/sun.security.ssl.SSLSocketImpl$AppInputStream.read(SSLSocketImpl.java:1066)
	at com.mongodb.internal.connection.SocketStream.read(SocketStream.java:182)
	at com.mongodb.internal.connection.InternalStreamConnection.receiveResponseBuffers(InternalStreamConnection.java:829)
	... 4 common frames omitted
2026-09-18 14:49:18 INFO  [room-creation,traceId=,spanId=] [cluster-ClusterId{value='6aac31b02fc30302e91c7a35', description='Cluster0'}-ac-2s659uf-shard-00-01.pvohmlz.mongodb.net:27017] org.mongodb.driver.cluster - Exception in monitor thread while connecting to server ac-2s659uf-shard-00-01.pvohmlz.mongodb.net:27017
com.mongodb.MongoSocketReadTimeoutException: Timeout while receiving message
	at com.mongodb.internal.connection.InternalStreamConnection.createReadTimeoutException(InternalStreamConnection.java:824)
	at com.mongodb.internal.connection.InternalStreamConnection.translateReadException(InternalStreamConnection.java:812)
	at com.mongodb.internal.connection.InternalStreamConnection.receiveResponseBuffers(InternalStreamConnection.java:862)
	at com.mongodb.internal.connection.InternalStreamConnection.receiveCommandMessageResponse(InternalStreamConnection.java:517)
	at com.mongodb.internal.connection.InternalStreamConnection.receive(InternalStreamConnection.java:469)
	at com.mongodb.internal.connection.DefaultServerMonitor$ServerMonitor.lookupServerDescription(DefaultServerMonitor.java:249)
	at com.mongodb.internal.connection.DefaultServerMonitor$ServerMonitor.run(DefaultServerMonitor.java:176)
Caused by: java.net.SocketTimeoutException: Read timed out
	at java.base/sun.nio.ch.NioSocketImpl.timedRead(NioSocketImpl.java:278)
	at java.base/sun.nio.ch.NioSocketImpl.implRead(NioSocketImpl.java:304)
	at java.base/sun.nio.ch.NioSocketImpl.read(NioSocketImpl.java:346)
	at java.base/sun.nio.ch.NioSocketImpl$1.read(NioSocketImpl.java:796)
	at java.base/java.net.Socket$SocketInputStream.read(Socket.java:1099)
	at java.base/sun.security.ssl.SSLSocketInputRecord.read(SSLSocketInputRecord.java:489)
	at java.base/sun.security.ssl.SSLSocketInputRecord.readHeader(SSLSocketInputRecord.java:483)
	at java.base/sun.security.ssl.SSLSocketInputRecord.bytesInCompletePacket(SSLSocketInputRecord.java:70)
	at java.base/sun.security.ssl.SSLSocketImpl.readApplicationRecord(SSLSocketImpl.java:1461)
	at java.base/sun.security.ssl.SSLSocketImpl$AppInputStream.read(SSLSocketImpl.java:1066)
	at com.mongodb.internal.connection.SocketStream.read(SocketStream.java:182)
	at com.mongodb.internal.connection.InternalStreamConnection.receiveResponseBuffers(InternalStreamConnection.java:829)
	... 4 common frames omitted
2026-09-18 14:49:18 INFO  [room-creation,traceId=,spanId=] [cluster-ClusterId{value='6aac31b02fc30302e91c7a35', description='Cluster0'}-ac-2s659uf-shard-00-02.pvohmlz.mongodb.net:27017] org.mongodb.driver.cluster - Exception in monitor thread while connecting to server ac-2s659uf-shard-00-02.pvohmlz.mongodb.net:27017
com.mongodb.MongoSocketReadTimeoutException: Timeout while receiving message
	at com.mongodb.internal.connection.InternalStreamConnection.createReadTimeoutException(InternalStreamConnection.java:824)
	at com.mongodb.internal.connection.InternalStreamConnection.translateReadException(InternalStreamConnection.java:812)
	at com.mongodb.internal.connection.InternalStreamConnection.receiveResponseBuffers(InternalStreamConnection.java:862)
	at com.mongodb.internal.connection.InternalStreamConnection.receiveCommandMessageResponse(InternalStreamConnection.java:517)
	at com.mongodb.internal.connection.InternalStreamConnection.receive(InternalStreamConnection.java:469)
	at com.mongodb.internal.connection.DefaultServerMonitor$ServerMonitor.lookupServerDescription(DefaultServerMonitor.java:249)
	at com.mongodb.internal.connection.DefaultServerMonitor$ServerMonitor.run(DefaultServerMonitor.java:176)
Caused by: java.net.SocketTimeoutException: Read timed out
	at java.base/sun.nio.ch.NioSocketImpl.timedRead(NioSocketImpl.java:278)
	at java.base/sun.nio.ch.NioSocketImpl.implRead(NioSocketImpl.java:304)
	at java.base/sun.nio.ch.NioSocketImpl.read(NioSocketImpl.java:346)
	at java.base/sun.nio.ch.NioSocketImpl$1.read(NioSocketImpl.java:796)
	at java.base/java.net.Socket$SocketInputStream.read(Socket.java:1099)
	at java.base/sun.security.ssl.SSLSocketInputRecord.read(SSLSocketInputRecord.java:489)
	at java.base/sun.security.ssl.SSLSocketInputRecord.readHeader(SSLSocketInputRecord.java:483)
	at java.base/sun.security.ssl.SSLSocketInputRecord.bytesInCompletePacket(SSLSocketInputRecord.java:70)
	at java.base/sun.security.ssl.SSLSocketImpl.readApplicationRecord(SSLSocketImpl.java:1461)
	at java.base/sun.security.ssl.SSLSocketImpl$AppInputStream.read(SSLSocketImpl.java:1066)
	at com.mongodb.internal.connection.SocketStream.read(SocketStream.java:182)
	at com.mongodb.internal.connection.InternalStreamConnection.receiveResponseBuffers(InternalStreamConnection.java:829)
	... 4 common frames omitted
2026-09-18 14:49:30 INFO  [room-creation,traceId=,spanId=] [cluster-ClusterId{value='6aac31b02fc30302e91c7a35', description='Cluster0'}-ac-2s659uf-shard-00-01.pvohmlz.mongodb.net:27017] org.mongodb.driver.cluster - Exception in monitor thread while connecting to server ac-2s659uf-shard-00-01.pvohmlz.mongodb.net:27017
com.mongodb.MongoSocketException: No such host is known (ac-2s659uf-shard-00-01.pvohmlz.mongodb.net)
	at com.mongodb.internal.connection.ServerAddressHelper.getSocketAddresses(ServerAddressHelper.java:75)
	at com.mongodb.internal.connection.SocketStream.initializeSocket(SocketStream.java:100)
	at com.mongodb.internal.connection.SocketStream.open(SocketStream.java:79)
	at com.mongodb.internal.connection.InternalStreamConnection.open(InternalStreamConnection.java:233)
	at com.mongodb.internal.connection.DefaultServerMonitor$ServerMonitor.lookupServerDescription(DefaultServerMonitor.java:219)
	at com.mongodb.internal.connection.DefaultServerMonitor$ServerMonitor.run(DefaultServerMonitor.java:176)
Caused by: java.net.UnknownHostException: No such host is known (ac-2s659uf-shard-00-01.pvohmlz.mongodb.net)
	at java.base/java.net.Inet6AddressImpl.lookupAllHostAddr(Native Method)
	at java.base/java.net.Inet6AddressImpl.lookupAllHostAddr(Inet6AddressImpl.java:52)
	at java.base/java.net.InetAddress$PlatformResolver.lookupByName(InetAddress.java:1211)
	at java.base/java.net.InetAddress.getAddressesFromNameService(InetAddress.java:1828)
	at java.base/java.net.InetAddress$NameServiceAddresses.get(InetAddress.java:1139)
	at java.base/java.net.InetAddress.getAllByName0(InetAddress.java:1818)
	at java.base/java.net.InetAddress.getAllByName(InetAddress.java:1688)
	at com.mongodb.internal.connection.DefaultInetAddressResolver.lookupByName(DefaultInetAddressResolver.java:34)
	at com.mongodb.internal.connection.ServerAddressHelper.getSocketAddresses(ServerAddressHelper.java:71)
	... 5 common frames omitted
2026-09-18 14:49:30 INFO  [room-creation,traceId=,spanId=] [cluster-ClusterId{value='6aac31b02fc30302e91c7a35', description='Cluster0'}-ac-2s659uf-shard-00-02.pvohmlz.mongodb.net:27017] org.mongodb.driver.cluster - Exception in monitor thread while connecting to server ac-2s659uf-shard-00-02.pvohmlz.mongodb.net:27017
com.mongodb.MongoSocketException: No such host is known (ac-2s659uf-shard-00-02.pvohmlz.mongodb.net)
	at com.mongodb.internal.connection.ServerAddressHelper.getSocketAddresses(ServerAddressHelper.java:75)
	at com.mongodb.internal.connection.SocketStream.initializeSocket(SocketStream.java:100)
	at com.mongodb.internal.connection.SocketStream.open(SocketStream.java:79)
	at com.mongodb.internal.connection.InternalStreamConnection.open(InternalStreamConnection.java:233)
	at com.mongodb.internal.connection.DefaultServerMonitor$ServerMonitor.lookupServerDescription(DefaultServerMonitor.java:219)
	at com.mongodb.internal.connection.DefaultServerMonitor$ServerMonitor.run(DefaultServerMonitor.java:176)
Caused by: java.net.UnknownHostException: No such host is known (ac-2s659uf-shard-00-02.pvohmlz.mongodb.net)
	at java.base/java.net.Inet6AddressImpl.lookupAllHostAddr(Native Method)
	at java.base/java.net.Inet6AddressImpl.lookupAllHostAddr(Inet6AddressImpl.java:52)
	at java.base/java.net.InetAddress$PlatformResolver.lookupByName(InetAddress.java:1211)
	at java.base/java.net.InetAddress.getAddressesFromNameService(InetAddress.java:1828)
	at java.base/java.net.InetAddress$NameServiceAddresses.get(InetAddress.java:1139)
	at java.base/java.net.InetAddress.getAllByName0(InetAddress.java:1818)
	at java.base/java.net.InetAddress.getAllByName(InetAddress.java:1688)
	at com.mongodb.internal.connection.DefaultInetAddressResolver.lookupByName(DefaultInetAddressResolver.java:34)
	at com.mongodb.internal.connection.ServerAddressHelper.getSocketAddresses(ServerAddressHelper.java:71)
	... 5 common frames omitted
2026-09-18 14:49:30 INFO  [room-creation,traceId=,spanId=] [cluster-ClusterId{value='6aac31b02fc30302e91c7a35', description='Cluster0'}-ac-2s659uf-shard-00-00.pvohmlz.mongodb.net:27017] org.mongodb.driver.cluster - Exception in monitor thread while connecting to server ac-2s659uf-shard-00-00.pvohmlz.mongodb.net:27017
com.mongodb.MongoSocketException: No such host is known (ac-2s659uf-shard-00-00.pvohmlz.mongodb.net)
	at com.mongodb.internal.connection.ServerAddressHelper.getSocketAddresses(ServerAddressHelper.java:75)
	at com.mongodb.internal.connection.SocketStream.initializeSocket(SocketStream.java:100)
	at com.mongodb.internal.connection.SocketStream.open(SocketStream.java:79)
	at com.mongodb.internal.connection.InternalStreamConnection.open(InternalStreamConnection.java:233)
	at com.mongodb.internal.connection.DefaultServerMonitor$ServerMonitor.lookupServerDescription(DefaultServerMonitor.java:219)
	at com.mongodb.internal.connection.DefaultServerMonitor$ServerMonitor.run(DefaultServerMonitor.java:176)
Caused by: java.net.UnknownHostException: No such host is known (ac-2s659uf-shard-00-00.pvohmlz.mongodb.net)
	at java.base/java.net.Inet6AddressImpl.lookupAllHostAddr(Native Method)
	at java.base/java.net.Inet6AddressImpl.lookupAllHostAddr(Inet6AddressImpl.java:52)
	at java.base/java.net.InetAddress$PlatformResolver.lookupByName(InetAddress.java:1211)
	at java.base/java.net.InetAddress.getAddressesFromNameService(InetAddress.java:1828)
	at java.base/java.net.InetAddress$NameServiceAddresses.get(InetAddress.java:1139)
	at java.base/java.net.InetAddress.getAllByName0(InetAddress.java:1818)
	at java.base/java.net.InetAddress.getAllByName(InetAddress.java:1688)
	at com.mongodb.internal.connection.DefaultInetAddressResolver.lookupByName(DefaultInetAddressResolver.java:34)
	at com.mongodb.internal.connection.ServerAddressHelper.getSocketAddresses(ServerAddressHelper.java:71)
	... 5 common frames omitted
2026-09-18 14:49:32 INFO  [room-creation,traceId=,spanId=] [MessageBroker-3] org.mongodb.driver.cluster - Waiting for server to become available for operation with ID 3853. Remaining time: 29999 ms. Selector: ReadPreferenceServerSelector{readPreference=primary}, topology description: {type=REPLICA_SET, servers=[{address=ac-2s659uf-shard-00-02.pvohmlz.mongodb.net:27017, type=UNKNOWN, state=CONNECTING, exception={com.mongodb.MongoSocketException: No such host is known (ac-2s659uf-shard-00-02.pvohmlz.mongodb.net)}, caused by {java.net.UnknownHostException: No such host is known (ac-2s659uf-shard-00-02.pvohmlz.mongodb.net)}}, {address=ac-2s659uf-shard-00-01.pvohmlz.mongodb.net:27017, type=UNKNOWN, state=CONNECTING, exception={com.mongodb.MongoSocketException: No such host is known (ac-2s659uf-shard-00-01.pvohmlz.mongodb.net)}, caused by {java.net.UnknownHostException: No such host is known (ac-2s659uf-shard-00-01.pvohmlz.mongodb.net)}}, {address=ac-2s659uf-shard-00-00.pvohmlz.mongodb.net:27017, type=UNKNOWN, state=CONNECTING, exception={com.mongodb.MongoSocketException: No such host is known (ac-2s659uf-shard-00-00.pvohmlz.mongodb.net)}, caused by {java.net.UnknownHostException: No such host is known (ac-2s659uf-shard-00-00.pvohmlz.mongodb.net)}}].
2026-09-18 14:49:32 INFO  [room-creation,traceId=,spanId=] [cluster-ClusterId{value='6aac31b02fc30302e91c7a35', description='Cluster0'}-ac-2s659uf-shard-00-00.pvohmlz.mongodb.net:27017] org.mongodb.driver.cluster - Exception in monitor thread while connecting to server ac-2s659uf-shard-00-00.pvohmlz.mongodb.net:27017
com.mongodb.MongoSocketException: ac-2s659uf-shard-00-00.pvohmlz.mongodb.net
	at com.mongodb.internal.connection.ServerAddressHelper.getSocketAddresses(ServerAddressHelper.java:75)
	at com.mongodb.internal.connection.SocketStream.initializeSocket(SocketStream.java:100)
	at com.mongodb.internal.connection.SocketStream.open(SocketStream.java:79)
	at com.mongodb.internal.connection.InternalStreamConnection.open(InternalStreamConnection.java:233)
	at com.mongodb.internal.connection.DefaultServerMonitor$ServerMonitor.lookupServerDescription(DefaultServerMonitor.java:219)
	at com.mongodb.internal.connection.DefaultServerMonitor$ServerMonitor.run(DefaultServerMonitor.java:176)
Caused by: java.net.UnknownHostException: ac-2s659uf-shard-00-00.pvohmlz.mongodb.net
	at java.base/java.net.InetAddress$CachedLookup.get(InetAddress.java:988)
	at java.base/java.net.InetAddress.getAllByName0(InetAddress.java:1818)
	at java.base/java.net.InetAddress.getAllByName(InetAddress.java:1688)
	at com.mongodb.internal.connection.DefaultInetAddressResolver.lookupByName(DefaultInetAddressResolver.java:34)
	at com.mongodb.internal.connection.ServerAddressHelper.getSocketAddresses(ServerAddressHelper.java:71)
	... 5 common frames omitted
2026-09-18 14:49:32 INFO  [room-creation,traceId=,spanId=] [cluster-ClusterId{value='6aac31b02fc30302e91c7a35', description='Cluster0'}-ac-2s659uf-shard-00-01.pvohmlz.mongodb.net:27017] org.mongodb.driver.cluster - Exception in monitor thread while connecting to server ac-2s659uf-shard-00-01.pvohmlz.mongodb.net:27017
com.mongodb.MongoSocketException: ac-2s659uf-shard-00-01.pvohmlz.mongodb.net
	at com.mongodb.internal.connection.ServerAddressHelper.getSocketAddresses(ServerAddressHelper.java:75)
	at com.mongodb.internal.connection.SocketStream.initializeSocket(SocketStream.java:100)
	at com.mongodb.internal.connection.SocketStream.open(SocketStream.java:79)
	at com.mongodb.internal.connection.InternalStreamConnection.open(InternalStreamConnection.java:233)
	at com.mongodb.internal.connection.DefaultServerMonitor$ServerMonitor.lookupServerDescription(DefaultServerMonitor.java:219)
	at com.mongodb.internal.connection.DefaultServerMonitor$ServerMonitor.run(DefaultServerMonitor.java:176)
Caused by: java.net.UnknownHostException: ac-2s659uf-shard-00-01.pvohmlz.mongodb.net
	at java.base/java.net.InetAddress$CachedLookup.get(InetAddress.java:988)
	at java.base/java.net.InetAddress.getAllByName0(InetAddress.java:1818)
	at java.base/java.net.InetAddress.getAllByName(InetAddress.java:1688)
	at com.mongodb.internal.connection.DefaultInetAddressResolver.lookupByName(DefaultInetAddressResolver.java:34)
	at com.mongodb.internal.connection.ServerAddressHelper.getSocketAddresses(ServerAddressHelper.java:71)
	... 5 common frames omitted
2026-09-18 14:49:32 INFO  [room-creation,traceId=,spanId=] [cluster-ClusterId{value='6aac31b02fc30302e91c7a35', description='Cluster0'}-ac-2s659uf-shard-00-02.pvohmlz.mongodb.net:27017] org.mongodb.driver.cluster - Exception in monitor thread while connecting to server ac-2s659uf-shard-00-02.pvohmlz.mongodb.net:27017
com.mongodb.MongoSocketException: ac-2s659uf-shard-00-02.pvohmlz.mongodb.net
	at com.mongodb.internal.connection.ServerAddressHelper.getSocketAddresses(ServerAddressHelper.java:75)
	at com.mongodb.internal.connection.SocketStream.initializeSocket(SocketStream.java:100)
	at com.mongodb.internal.connection.SocketStream.open(SocketStream.java:79)
	at com.mongodb.internal.connection.InternalStreamConnection.open(InternalStreamConnection.java:233)
	at com.mongodb.internal.connection.DefaultServerMonitor$ServerMonitor.lookupServerDescription(DefaultServerMonitor.java:219)
	at com.mongodb.internal.connection.DefaultServerMonitor$ServerMonitor.run(DefaultServerMonitor.java:176)
Caused by: java.net.UnknownHostException: ac-2s659uf-shard-00-02.pvohmlz.mongodb.net
	at java.base/java.net.InetAddress$CachedLookup.get(InetAddress.java:988)
	at java.base/java.net.InetAddress.getAllByName0(InetAddress.java:1818)
	at java.base/java.net.InetAddress.getAllByName(InetAddress.java:1688)
	at com.mongodb.internal.connection.DefaultInetAddressResolver.lookupByName(DefaultInetAddressResolver.java:34)
	at com.mongodb.internal.connection.ServerAddressHelper.getSocketAddresses(ServerAddressHelper.java:71)
	... 5 common frames omitted
2026-09-18 14:49:40 INFO  [room-creation,traceId=,spanId=] [cluster-ClusterId{value='6aac31b02fc30302e91c7a35', description='Cluster0'}-ac-2s659uf-shard-00-02.pvohmlz.mongodb.net:27017] org.mongodb.driver.cluster - Exception in monitor thread while connecting to server ac-2s659uf-shard-00-02.pvohmlz.mongodb.net:27017
com.mongodb.MongoSocketException: No such host is known (ac-2s659uf-shard-00-02.pvohmlz.mongodb.net)
	at com.mongodb.internal.connection.ServerAddressHelper.getSocketAddresses(ServerAddressHelper.java:75)
	at com.mongodb.internal.connection.SocketStream.initializeSocket(SocketStream.java:100)
	at com.mongodb.internal.connection.SocketStream.open(SocketStream.java:79)
	at com.mongodb.internal.connection.InternalStreamConnection.open(InternalStreamConnection.java:233)
	at com.mongodb.internal.connection.DefaultServerMonitor$ServerMonitor.lookupServerDescription(DefaultServerMonitor.java:219)
	at com.mongodb.internal.connection.DefaultServerMonitor$ServerMonitor.run(DefaultServerMonitor.java:176)
Caused by: java.net.UnknownHostException: No such host is known (ac-2s659uf-shard-00-02.pvohmlz.mongodb.net)
	at java.base/java.net.Inet6AddressImpl.lookupAllHostAddr(Native Method)
	at java.base/java.net.Inet6AddressImpl.lookupAllHostAddr(Inet6AddressImpl.java:52)
	at java.base/java.net.InetAddress$PlatformResolver.lookupByName(InetAddress.java:1211)
	at java.base/java.net.InetAddress.getAddressesFromNameService(InetAddress.java:1828)
	at java.base/java.net.InetAddress$NameServiceAddresses.get(InetAddress.java:1139)
	at java.base/java.net.InetAddress.getAllByName0(InetAddress.java:1818)
	at java.base/java.net.InetAddress.getAllByName(InetAddress.java:1688)
	at com.mongodb.internal.connection.DefaultInetAddressResolver.lookupByName(DefaultInetAddressResolver.java:34)
	at com.mongodb.internal.connection.ServerAddressHelper.getSocketAddresses(ServerAddressHelper.java:71)
	... 5 common frames omitted
2026-09-18 14:49:40 INFO  [room-creation,traceId=,spanId=] [cluster-ClusterId{value='6aac31b02fc30302e91c7a35', description='Cluster0'}-ac-2s659uf-shard-00-02.pvohmlz.mongodb.net:27017] org.mongodb.driver.cluster - Exception in monitor thread while connecting to server ac-2s659uf-shard-00-02.pvohmlz.mongodb.net:27017
com.mongodb.MongoSocketException: ac-2s659uf-shard-00-02.pvohmlz.mongodb.net
	at com.mongodb.internal.connection.ServerAddressHelper.getSocketAddresses(ServerAddressHelper.java:75)
	at com.mongodb.internal.connection.SocketStream.initializeSocket(SocketStream.java:100)
	at com.mongodb.internal.connection.SocketStream.open(SocketStream.java:79)
	at com.mongodb.internal.connection.InternalStreamConnection.open(InternalStreamConnection.java:233)
	at com.mongodb.internal.connection.DefaultServerMonitor$ServerMonitor.lookupServerDescription(DefaultServerMonitor.java:219)
	at com.mongodb.internal.connection.DefaultServerMonitor$ServerMonitor.run(DefaultServerMonitor.java:176)
Caused by: java.net.UnknownHostException: ac-2s659uf-shard-00-02.pvohmlz.mongodb.net
	at java.base/java.net.InetAddress$CachedLookup.get(InetAddress.java:988)
	at java.base/java.net.InetAddress.getAllByName0(InetAddress.java:1818)
	at java.base/java.net.InetAddress.getAllByName(InetAddress.java:1688)
	at com.mongodb.internal.connection.DefaultInetAddressResolver.lookupByName(DefaultInetAddressResolver.java:34)
	at com.mongodb.internal.connection.ServerAddressHelper.getSocketAddresses(ServerAddressHelper.java:71)
	... 5 common frames omitted
2026-09-18 14:49:40 INFO  [room-creation,traceId=,spanId=] [cluster-ClusterId{value='6aac31b02fc30302e91c7a35', description='Cluster0'}-ac-2s659uf-shard-00-00.pvohmlz.mongodb.net:27017] org.mongodb.driver.cluster - Exception in monitor thread while connecting to server ac-2s659uf-shard-00-00.pvohmlz.mongodb.net:27017
com.mongodb.MongoSocketException: No such host is known (ac-2s659uf-shard-00-00.pvohmlz.mongodb.net)
	at com.mongodb.internal.connection.ServerAddressHelper.getSocketAddresses(ServerAddressHelper.java:75)
	at com.mongodb.internal.connection.SocketStream.initializeSocket(SocketStream.java:100)
	at com.mongodb.internal.connection.SocketStream.open(SocketStream.java:79)
	at com.mongodb.internal.connection.InternalStreamConnection.open(InternalStreamConnection.java:233)
	at com.mongodb.internal.connection.DefaultServerMonitor$ServerMonitor.lookupServerDescription(DefaultServerMonitor.java:219)
	at com.mongodb.internal.connection.DefaultServerMonitor$ServerMonitor.run(DefaultServerMonitor.java:176)
Caused by: java.net.UnknownHostException: No such host is known (ac-2s659uf-shard-00-00.pvohmlz.mongodb.net)
	at java.base/java.net.Inet6AddressImpl.lookupAllHostAddr(Native Method)
	at java.base/java.net.Inet6AddressImpl.lookupAllHostAddr(Inet6AddressImpl.java:52)
	at java.base/java.net.InetAddress$PlatformResolver.lookupByName(InetAddress.java:1211)
	at java.base/java.net.InetAddress.getAddressesFromNameService(InetAddress.java:1828)
	at java.base/java.net.InetAddress$NameServiceAddresses.get(InetAddress.java:1139)
	at java.base/java.net.InetAddress.getAllByName0(InetAddress.java:1818)
	at java.base/java.net.InetAddress.getAllByName(InetAddress.java:1688)
	at com.mongodb.internal.connection.DefaultInetAddressResolver.lookupByName(DefaultInetAddressResolver.java:34)
	at com.mongodb.internal.connection.ServerAddressHelper.getSocketAddresses(ServerAddressHelper.java:71)
	... 5 common frames omitted
2026-09-18 14:49:41 INFO  [room-creation,traceId=,spanId=] [cluster-ClusterId{value='6aac31b02fc30302e91c7a35', description='Cluster0'}-ac-2s659uf-shard-00-00.pvohmlz.mongodb.net:27017] org.mongodb.driver.cluster - Exception in monitor thread while connecting to server ac-2s659uf-shard-00-00.pvohmlz.mongodb.net:27017
com.mongodb.MongoSocketException: ac-2s659uf-shard-00-00.pvohmlz.mongodb.net
	at com.mongodb.internal.connection.ServerAddressHelper.getSocketAddresses(ServerAddressHelper.java:75)
	at com.mongodb.internal.connection.SocketStream.initializeSocket(SocketStream.java:100)
	at com.mongodb.internal.connection.SocketStream.open(SocketStream.java:79)
	at com.mongodb.internal.connection.InternalStreamConnection.open(InternalStreamConnection.java:233)
	at com.mongodb.internal.connection.DefaultServerMonitor$ServerMonitor.lookupServerDescription(DefaultServerMonitor.java:219)
	at com.mongodb.internal.connection.DefaultServerMonitor$ServerMonitor.run(DefaultServerMonitor.java:176)
Caused by: java.net.UnknownHostException: ac-2s659uf-shard-00-00.pvohmlz.mongodb.net
	at java.base/java.net.InetAddress$CachedLookup.get(InetAddress.java:988)
	at java.base/java.net.InetAddress.getAllByName0(InetAddress.java:1818)
	at java.base/java.net.InetAddress.getAllByName(InetAddress.java:1688)
	at com.mongodb.internal.connection.DefaultInetAddressResolver.lookupByName(DefaultInetAddressResolver.java:34)
	at com.mongodb.internal.connection.ServerAddressHelper.getSocketAddresses(ServerAddressHelper.java:71)
	... 5 common frames omitted
2026-09-18 14:49:50 INFO  [room-creation,traceId=,spanId=] [cluster-ClusterId{value='6aac31b02fc30302e91c7a35', description='Cluster0'}-ac-2s659uf-shard-00-01.pvohmlz.mongodb.net:27017] org.mongodb.driver.cluster - Exception in monitor thread while connecting to server ac-2s659uf-shard-00-01.pvohmlz.mongodb.net:27017
com.mongodb.MongoSocketException: No such host is known (ac-2s659uf-shard-00-01.pvohmlz.mongodb.net)
	at com.mongodb.internal.connection.ServerAddressHelper.getSocketAddresses(ServerAddressHelper.java:75)
	at com.mongodb.internal.connection.SocketStream.initializeSocket(SocketStream.java:100)
	at com.mongodb.internal.connection.SocketStream.open(SocketStream.java:79)
	at com.mongodb.internal.connection.InternalStreamConnection.open(InternalStreamConnection.java:233)
	at com.mongodb.internal.connection.DefaultServerMonitor$ServerMonitor.lookupServerDescription(DefaultServerMonitor.java:219)
	at com.mongodb.internal.connection.DefaultServerMonitor$ServerMonitor.run(DefaultServerMonitor.java:176)
Caused by: java.net.UnknownHostException: No such host is known (ac-2s659uf-shard-00-01.pvohmlz.mongodb.net)
	at java.base/java.net.Inet6AddressImpl.lookupAllHostAddr(Native Method)
	at java.base/java.net.Inet6AddressImpl.lookupAllHostAddr(Inet6AddressImpl.java:52)
	at java.base/java.net.InetAddress$PlatformResolver.lookupByName(InetAddress.java:1211)
	at java.base/java.net.InetAddress.getAddressesFromNameService(InetAddress.java:1828)
	at java.base/java.net.InetAddress$NameServiceAddresses.get(InetAddress.java:1139)
	at java.base/java.net.InetAddress.getAllByName0(InetAddress.java:1818)
	at java.base/java.net.InetAddress.getAllByName(InetAddress.java:1688)
	at com.mongodb.internal.connection.DefaultInetAddressResolver.lookupByName(DefaultInetAddressResolver.java:34)
	at com.mongodb.internal.connection.ServerAddressHelper.getSocketAddresses(ServerAddressHelper.java:71)
	... 5 common frames omitted
2026-09-18 14:49:51 INFO  [room-creation,traceId=,spanId=] [cluster-ClusterId{value='6aac31b02fc30302e91c7a35', description='Cluster0'}-ac-2s659uf-shard-00-01.pvohmlz.mongodb.net:27017] org.mongodb.driver.cluster - Exception in monitor thread while connecting to server ac-2s659uf-shard-00-01.pvohmlz.mongodb.net:27017
com.mongodb.MongoSocketException: ac-2s659uf-shard-00-01.pvohmlz.mongodb.net
	at com.mongodb.internal.connection.ServerAddressHelper.getSocketAddresses(ServerAddressHelper.java:75)
	at com.mongodb.internal.connection.SocketStream.initializeSocket(SocketStream.java:100)
	at com.mongodb.internal.connection.SocketStream.open(SocketStream.java:79)
	at com.mongodb.internal.connection.InternalStreamConnection.open(InternalStreamConnection.java:233)
	at com.mongodb.internal.connection.DefaultServerMonitor$ServerMonitor.lookupServerDescription(DefaultServerMonitor.java:219)
	at com.mongodb.internal.connection.DefaultServerMonitor$ServerMonitor.run(DefaultServerMonitor.java:176)
Caused by: java.net.UnknownHostException: ac-2s659uf-shard-00-01.pvohmlz.mongodb.net
	at java.base/java.net.InetAddress$CachedLookup.get(InetAddress.java:988)
	at java.base/java.net.InetAddress.getAllByName0(InetAddress.java:1818)
	at java.base/java.net.InetAddress.getAllByName(InetAddress.java:1688)
	at com.mongodb.internal.connection.DefaultInetAddressResolver.lookupByName(DefaultInetAddressResolver.java:34)
	at com.mongodb.internal.connection.ServerAddressHelper.getSocketAddresses(ServerAddressHelper.java:71)
	... 5 common frames omitted
2026-09-18 14:49:51 INFO  [room-creation,traceId=,spanId=] [cluster-ClusterId{value='6aac31b02fc30302e91c7a35', description='Cluster0'}-ac-2s659uf-shard-00-00.pvohmlz.mongodb.net:27017] org.mongodb.driver.cluster - Exception in monitor thread while connecting to server ac-2s659uf-shard-00-00.pvohmlz.mongodb.net:27017
com.mongodb.MongoSocketException: No such host is known (ac-2s659uf-shard-00-00.pvohmlz.mongodb.net)
	at com.mongodb.internal.connection.ServerAddressHelper.getSocketAddresses(ServerAddressHelper.java:75)
	at com.mongodb.internal.connection.SocketStream.initializeSocket(SocketStream.java:100)
	at com.mongodb.internal.connection.SocketStream.open(SocketStream.java:79)
	at com.mongodb.internal.connection.InternalStreamConnection.open(InternalStreamConnection.java:233)
	at com.mongodb.internal.connection.DefaultServerMonitor$ServerMonitor.lookupServerDescription(DefaultServerMonitor.java:219)
	at com.mongodb.internal.connection.DefaultServerMonitor$ServerMonitor.run(DefaultServerMonitor.java:176)
Caused by: java.net.UnknownHostException: No such host is known (ac-2s659uf-shard-00-00.pvohmlz.mongodb.net)
	at java.base/java.net.Inet6AddressImpl.lookupAllHostAddr(Native Method)
	at java.base/java.net.Inet6AddressImpl.lookupAllHostAddr(Inet6AddressImpl.java:52)
	at java.base/java.net.InetAddress$PlatformResolver.lookupByName(InetAddress.java:1211)
	at java.base/java.net.InetAddress.getAddressesFromNameService(InetAddress.java:1828)
	at java.base/java.net.InetAddress$NameServiceAddresses.get(InetAddress.java:1139)
	at java.base/java.net.InetAddress.getAllByName0(InetAddress.java:1818)
	at java.base/java.net.InetAddress.getAllByName(InetAddress.java:1688)
	at com.mongodb.internal.connection.DefaultInetAddressResolver.lookupByName(DefaultInetAddressResolver.java:34)
	at com.mongodb.internal.connection.ServerAddressHelper.getSocketAddresses(ServerAddressHelper.java:71)
	... 5 common frames omitted
2026-09-18 14:49:51 INFO  [room-creation,traceId=,spanId=] [cluster-ClusterId{value='6aac31b02fc30302e91c7a35', description='Cluster0'}-ac-2s659uf-shard-00-00.pvohmlz.mongodb.net:27017] org.mongodb.driver.cluster - Exception in monitor thread while connecting to server ac-2s659uf-shard-00-00.pvohmlz.mongodb.net:27017
com.mongodb.MongoSocketException: ac-2s659uf-shard-00-00.pvohmlz.mongodb.net
	at com.mongodb.internal.connection.ServerAddressHelper.getSocketAddresses(ServerAddressHelper.java:75)
	at com.mongodb.internal.connection.SocketStream.initializeSocket(SocketStream.java:100)
	at com.mongodb.internal.connection.SocketStream.open(SocketStream.java:79)
	at com.mongodb.internal.connection.InternalStreamConnection.open(InternalStreamConnection.java:233)
	at com.mongodb.internal.connection.DefaultServerMonitor$ServerMonitor.lookupServerDescription(DefaultServerMonitor.java:219)
	at com.mongodb.internal.connection.DefaultServerMonitor$ServerMonitor.run(DefaultServerMonitor.java:176)
Caused by: java.net.UnknownHostException: ac-2s659uf-shard-00-00.pvohmlz.mongodb.net
	at java.base/java.net.InetAddress$CachedLookup.get(InetAddress.java:988)
	at java.base/java.net.InetAddress.getAllByName0(InetAddress.java:1818)
	at java.base/java.net.InetAddress.getAllByName(InetAddress.java:1688)
	at com.mongodb.internal.connection.DefaultInetAddressResolver.lookupByName(DefaultInetAddressResolver.java:34)
	at com.mongodb.internal.connection.ServerAddressHelper.getSocketAddresses(ServerAddressHelper.java:71)
	... 5 common frames omitted
2026-09-18 14:50:00 INFO  [room-creation,traceId=,spanId=] [cluster-ClusterId{value='6aac31b02fc30302e91c7a35', description='Cluster0'}-ac-2s659uf-shard-00-01.pvohmlz.mongodb.net:27017] org.mongodb.driver.cluster - Exception in monitor thread while connecting to server ac-2s659uf-shard-00-01.pvohmlz.mongodb.net:27017
com.mongodb.MongoSocketException: No such host is known (ac-2s659uf-shard-00-01.pvohmlz.mongodb.net)
	at com.mongodb.internal.connection.ServerAddressHelper.getSocketAddresses(ServerAddressHelper.java:75)
	at com.mongodb.internal.connection.SocketStream.initializeSocket(SocketStream.java:100)
	at com.mongodb.internal.connection.SocketStream.open(SocketStream.java:79)
	at com.mongodb.internal.connection.InternalStreamConnection.open(InternalStreamConnection.java:233)
	at com.mongodb.internal.connection.DefaultServerMonitor$ServerMonitor.lookupServerDescription(DefaultServerMonitor.java:219)
	at com.mongodb.internal.connection.DefaultServerMonitor$ServerMonitor.run(DefaultServerMonitor.java:176)
Caused by: java.net.UnknownHostException: No such host is known (ac-2s659uf-shard-00-01.pvohmlz.mongodb.net)
	at java.base/java.net.Inet6AddressImpl.lookupAllHostAddr(Native Method)
	at java.base/java.net.Inet6AddressImpl.lookupAllHostAddr(Inet6AddressImpl.java:52)
	at java.base/java.net.InetAddress$PlatformResolver.lookupByName(InetAddress.java:1211)
	at java.base/java.net.InetAddress.getAddressesFromNameService(InetAddress.java:1828)
	at java.base/java.net.InetAddress$NameServiceAddresses.get(InetAddress.java:1139)
	at java.base/java.net.InetAddress.getAllByName0(InetAddress.java:1818)
	at java.base/java.net.InetAddress.getAllByName(InetAddress.java:1688)
	at com.mongodb.internal.connection.DefaultInetAddressResolver.lookupByName(DefaultInetAddressResolver.java:34)
	at com.mongodb.internal.connection.ServerAddressHelper.getSocketAddresses(ServerAddressHelper.java:71)
	... 5 common frames omitted
2026-09-18 14:50:01 INFO  [room-creation,traceId=,spanId=] [cluster-ClusterId{value='6aac31b02fc30302e91c7a35', description='Cluster0'}-ac-2s659uf-shard-00-01.pvohmlz.mongodb.net:27017] org.mongodb.driver.cluster - Exception in monitor thread while connecting to server ac-2s659uf-shard-00-01.pvohmlz.mongodb.net:27017
com.mongodb.MongoSocketException: ac-2s659uf-shard-00-01.pvohmlz.mongodb.net
	at com.mongodb.internal.connection.ServerAddressHelper.getSocketAddresses(ServerAddressHelper.java:75)
	at com.mongodb.internal.connection.SocketStream.initializeSocket(SocketStream.java:100)
	at com.mongodb.internal.connection.SocketStream.open(SocketStream.java:79)
	at com.mongodb.internal.connection.InternalStreamConnection.open(InternalStreamConnection.java:233)
	at com.mongodb.internal.connection.DefaultServerMonitor$ServerMonitor.lookupServerDescription(DefaultServerMonitor.java:219)
	at com.mongodb.internal.connection.DefaultServerMonitor$ServerMonitor.run(DefaultServerMonitor.java:176)
Caused by: java.net.UnknownHostException: ac-2s659uf-shard-00-01.pvohmlz.mongodb.net
	at java.base/java.net.InetAddress$CachedLookup.get(InetAddress.java:988)
	at java.base/java.net.InetAddress.getAllByName0(InetAddress.java:1818)
	at java.base/java.net.InetAddress.getAllByName(InetAddress.java:1688)
	at com.mongodb.internal.connection.DefaultInetAddressResolver.lookupByName(DefaultInetAddressResolver.java:34)
	at com.mongodb.internal.connection.ServerAddressHelper.getSocketAddresses(ServerAddressHelper.java:71)
	... 5 common frames omitted
2026-09-18 14:50:01 INFO  [room-creation,traceId=,spanId=] [cluster-ClusterId{value='6aac31b02fc30302e91c7a35', description='Cluster0'}-ac-2s659uf-shard-00-00.pvohmlz.mongodb.net:27017] org.mongodb.driver.cluster - Exception in monitor thread while connecting to server ac-2s659uf-shard-00-00.pvohmlz.mongodb.net:27017
com.mongodb.MongoSocketException: No such host is known (ac-2s659uf-shard-00-00.pvohmlz.mongodb.net)
	at com.mongodb.internal.connection.ServerAddressHelper.getSocketAddresses(ServerAddressHelper.java:75)
	at com.mongodb.internal.connection.SocketStream.initializeSocket(SocketStream.java:100)
	at com.mongodb.internal.connection.SocketStream.open(SocketStream.java:79)
	at com.mongodb.internal.connection.InternalStreamConnection.open(InternalStreamConnection.java:233)
	at com.mongodb.internal.connection.DefaultServerMonitor$ServerMonitor.lookupServerDescription(DefaultServerMonitor.java:219)
	at com.mongodb.internal.connection.DefaultServerMonitor$ServerMonitor.run(DefaultServerMonitor.java:176)
Caused by: java.net.UnknownHostException: No such host is known (ac-2s659uf-shard-00-00.pvohmlz.mongodb.net)
	at java.base/java.net.Inet6AddressImpl.lookupAllHostAddr(Native Method)
	at java.base/java.net.Inet6AddressImpl.lookupAllHostAddr(Inet6AddressImpl.java:52)
	at java.base/java.net.InetAddress$PlatformResolver.lookupByName(InetAddress.java:1211)
	at java.base/java.net.InetAddress.getAddressesFromNameService(InetAddress.java:1828)
	at java.base/java.net.InetAddress$NameServiceAddresses.get(InetAddress.java:1139)
	at java.base/java.net.InetAddress.getAllByName0(InetAddress.java:1818)
	at java.base/java.net.InetAddress.getAllByName(InetAddress.java:1688)
	at com.mongodb.internal.connection.DefaultInetAddressResolver.lookupByName(DefaultInetAddressResolver.java:34)
	at com.mongodb.internal.connection.ServerAddressHelper.getSocketAddresses(ServerAddressHelper.java:71)
	... 5 common frames omitted
2026-09-18 14:50:01 INFO  [room-creation,traceId=,spanId=] [cluster-ClusterId{value='6aac31b02fc30302e91c7a35', description='Cluster0'}-ac-2s659uf-shard-00-00.pvohmlz.mongodb.net:27017] org.mongodb.driver.cluster - Exception in monitor thread while connecting to server ac-2s659uf-shard-00-00.pvohmlz.mongodb.net:27017
com.mongodb.MongoSocketException: ac-2s659uf-shard-00-00.pvohmlz.mongodb.net
	at com.mongodb.internal.connection.ServerAddressHelper.getSocketAddresses(ServerAddressHelper.java:75)
	at com.mongodb.internal.connection.SocketStream.initializeSocket(SocketStream.java:100)
	at com.mongodb.internal.connection.SocketStream.open(SocketStream.java:79)
	at com.mongodb.internal.connection.InternalStreamConnection.open(InternalStreamConnection.java:233)
	at com.mongodb.internal.connection.DefaultServerMonitor$ServerMonitor.lookupServerDescription(DefaultServerMonitor.java:219)
	at com.mongodb.internal.connection.DefaultServerMonitor$ServerMonitor.run(DefaultServerMonitor.java:176)
Caused by: java.net.UnknownHostException: ac-2s659uf-shard-00-00.pvohmlz.mongodb.net
	at java.base/java.net.InetAddress$CachedLookup.get(InetAddress.java:988)
	at java.base/java.net.InetAddress.getAllByName0(InetAddress.java:1818)
	at java.base/java.net.InetAddress.getAllByName(InetAddress.java:1688)
	at com.mongodb.internal.connection.DefaultInetAddressResolver.lookupByName(DefaultInetAddressResolver.java:34)
	at com.mongodb.internal.connection.ServerAddressHelper.getSocketAddresses(ServerAddressHelper.java:71)
	... 5 common frames omitted
2026-09-18 14:50:02 ERROR [room-creation,traceId=,spanId=] [MessageBroker-3] o.s.s.s.TaskUtils$LoggingErrorHandler - Unexpected error occurred in scheduled task
org.springframework.dao.DataAccessResourceFailureException: Exception receiving message
	at org.springframework.data.mongodb.core.MongoExceptionTranslator.doTranslateException(MongoExceptionTranslator.java:87)
	at org.springframework.data.mongodb.core.MongoExceptionTranslator.translateExceptionIfPossible(MongoExceptionTranslator.java:74)
	at org.springframework.data.mongodb.core.MongoTemplate.potentiallyConvertRuntimeException(MongoTemplate.java:3008)
	at org.springframework.data.mongodb.core.MongoTemplate.executeFindMultiInternal(MongoTemplate.java:2933)
	at org.springframework.data.mongodb.core.MongoTemplate.doFind(MongoTemplate.java:2631)
	at org.springframework.data.mongodb.core.ExecutableFindOperationSupport$ExecutableFindSupport.doFind(ExecutableFindOperationSupport.java:177)
	at org.springframework.data.mongodb.core.ExecutableFindOperationSupport$ExecutableFindSupport.all(ExecutableFindOperationSupport.java:135)
	at org.springframework.data.mongodb.repository.query.AbstractMongoQuery.lambda$getExecution$4(AbstractMongoQuery.java:226)
	at org.springframework.data.mongodb.repository.query.AbstractMongoQuery.doExecute(AbstractMongoQuery.java:184)
	at org.springframework.data.mongodb.repository.query.AbstractMongoQuery.execute(AbstractMongoQuery.java:156)
	at org.springframework.data.repository.core.support.RepositoryMethodInvoker.doInvoke(RepositoryMethodInvoker.java:170)
	at org.springframework.data.repository.core.support.RepositoryMethodInvoker.invoke(RepositoryMethodInvoker.java:158)
	at org.springframework.data.repository.core.support.QueryExecutorMethodInterceptor.doInvoke(QueryExecutorMethodInterceptor.java:170)
	at org.springframework.data.repository.core.support.QueryExecutorMethodInterceptor.invoke(QueryExecutorMethodInterceptor.java:149)
	at org.springframework.aop.framework.ReflectiveMethodInvocation.proceed(ReflectiveMethodInvocation.java:184)
	at org.springframework.data.projection.DefaultMethodInvokingMethodInterceptor.invoke(DefaultMethodInvokingMethodInterceptor.java:69)
	at org.springframework.aop.framework.ReflectiveMethodInvocation.proceed(ReflectiveMethodInvocation.java:184)
	at org.springframework.data.mongodb.repository.support.CrudMethodMetadataPostProcessor$CrudMethodMetadataPopulatingMethodInterceptor.invoke(CrudMethodMetadataPostProcessor.java:129)
	at org.springframework.aop.framework.ReflectiveMethodInvocation.proceed(ReflectiveMethodInvocation.java:184)
	at org.springframework.aop.framework.JdkDynamicAopProxy.invoke(JdkDynamicAopProxy.java:223)
	at jdk.proxy2/jdk.proxy2.$Proxy131.findByGameStatus(Unknown Source)
	at java.base/jdk.internal.reflect.DirectMethodHandleAccessor.invoke(DirectMethodHandleAccessor.java:103)
	at java.base/java.lang.reflect.Method.invoke(Method.java:580)
	at org.springframework.aop.support.AopUtils.invokeJoinpointUsingReflection(AopUtils.java:359)
	at org.springframework.aop.framework.ReflectiveMethodInvocation.invokeJoinpoint(ReflectiveMethodInvocation.java:196)
	at org.springframework.aop.framework.ReflectiveMethodInvocation.proceed(ReflectiveMethodInvocation.java:163)
	at org.springframework.dao.support.PersistenceExceptionTranslationInterceptor.invoke(PersistenceExceptionTranslationInterceptor.java:138)
	at org.springframework.aop.framework.ReflectiveMethodInvocation.proceed(ReflectiveMethodInvocation.java:184)
	at org.springframework.aop.framework.JdkDynamicAopProxy.invoke(JdkDynamicAopProxy.java:223)
	at jdk.proxy2/jdk.proxy2.$Proxy131.findByGameStatus(Unknown Source)
	at com.sadetech.room_creation.service.RoomService.cleanExpiredRoom(RoomService.java:2018)
	at java.base/jdk.internal.reflect.DirectMethodHandleAccessor.invoke(DirectMethodHandleAccessor.java:103)
	at java.base/java.lang.reflect.Method.invoke(Method.java:580)
	at org.springframework.scheduling.support.ScheduledMethodRunnable.runInternal(ScheduledMethodRunnable.java:130)
	at org.springframework.scheduling.support.ScheduledMethodRunnable.lambda$run$2(ScheduledMethodRunnable.java:124)
	at io.micrometer.observation.Observation.observe(Observation.java:499)
	at org.springframework.scheduling.support.ScheduledMethodRunnable.run(ScheduledMethodRunnable.java:124)
	at org.springframework.scheduling.config.Task$OutcomeTrackingRunnable.run(Task.java:83)
	at org.springframework.scheduling.support.DelegatingErrorHandlingRunnable.run(DelegatingErrorHandlingRunnable.java:54)
	at java.base/java.util.concurrent.Executors$RunnableAdapter.call(Executors.java:572)
	at java.base/java.util.concurrent.FutureTask.runAndReset(FutureTask.java:358)
	at java.base/java.util.concurrent.ScheduledThreadPoolExecutor$ScheduledFutureTask.run(ScheduledThreadPoolExecutor.java:305)
	at java.base/java.util.concurrent.ThreadPoolExecutor.runWorker(ThreadPoolExecutor.java:1144)
	at java.base/java.util.concurrent.ThreadPoolExecutor$Worker.run(ThreadPoolExecutor.java:642)
	at java.base/java.lang.Thread.run(Thread.java:1583)
Caused by: com.mongodb.MongoSocketReadException: Exception receiving message
	at com.mongodb.internal.connection.InternalStreamConnection.translateReadException(InternalStreamConnection.java:814)
	at com.mongodb.internal.connection.InternalStreamConnection.receiveResponseBuffers(InternalStreamConnection.java:862)
	at com.mongodb.internal.connection.InternalStreamConnection.receiveCommandMessageResponse(InternalStreamConnection.java:517)
	at com.mongodb.internal.connection.InternalStreamConnection.sendAndReceiveInternal(InternalStreamConnection.java:448)
	at com.mongodb.internal.connection.InternalStreamConnection.lambda$sendAndReceive$0(InternalStreamConnection.java:375)
	at com.mongodb.internal.connection.InternalStreamConnection.sendAndReceive(InternalStreamConnection.java:378)
	at com.mongodb.internal.connection.UsageTrackingInternalConnection.sendAndReceive(UsageTrackingInternalConnection.java:111)
	at com.mongodb.internal.connection.DefaultConnectionPool$PooledConnection.sendAndReceive(DefaultConnectionPool.java:748)
	at com.mongodb.internal.connection.CommandProtocolImpl.execute(CommandProtocolImpl.java:68)
	at com.mongodb.internal.connection.DefaultServer$DefaultServerProtocolExecutor.execute(DefaultServer.java:208)
	at com.mongodb.internal.connection.DefaultServerConnection.executeProtocol(DefaultServerConnection.java:113)
	at com.mongodb.internal.connection.DefaultServerConnection.command(DefaultServerConnection.java:82)
	at com.mongodb.internal.connection.DefaultServerConnection.command(DefaultServerConnection.java:73)
	at com.mongodb.internal.connection.DefaultServer$OperationCountTrackingConnection.command(DefaultServer.java:298)
	at com.mongodb.internal.operation.SyncOperationHelper.createReadCommandAndExecute(SyncOperationHelper.java:298)
	at com.mongodb.internal.operation.FindOperation.lambda$execute$1(FindOperation.java:299)
	at com.mongodb.internal.operation.SyncOperationHelper.lambda$withSourceAndConnection$0(SyncOperationHelper.java:131)
	at com.mongodb.internal.operation.SyncOperationHelper.withSuppliedResource(SyncOperationHelper.java:156)
	at com.mongodb.internal.operation.SyncOperationHelper.lambda$withSourceAndConnection$1(SyncOperationHelper.java:130)
	at com.mongodb.internal.operation.SyncOperationHelper.withSuppliedResource(SyncOperationHelper.java:156)
	at com.mongodb.internal.operation.SyncOperationHelper.withSourceAndConnection(SyncOperationHelper.java:129)
	at com.mongodb.internal.operation.FindOperation.lambda$execute$2(FindOperation.java:296)
	at com.mongodb.internal.operation.SyncOperationHelper.lambda$decorateReadWithRetries$13(SyncOperationHelper.java:317)
	at com.mongodb.internal.async.function.RetryingSyncSupplier.get(RetryingSyncSupplier.java:67)
	at com.mongodb.internal.operation.FindOperation.execute(FindOperation.java:307)
	at com.mongodb.internal.operation.FindOperation.execute(FindOperation.java:70)
	at com.mongodb.client.internal.MongoClusterImpl$OperationExecutorImpl.execute(MongoClusterImpl.java:358)
	at com.mongodb.client.internal.MongoIterableImpl.execute(MongoIterableImpl.java:156)
	at com.mongodb.client.internal.MongoIterableImpl.iterator(MongoIterableImpl.java:116)
	at org.springframework.data.mongodb.core.MongoTemplate.executeFindMultiInternal(MongoTemplate.java:2920)
	... 41 common frames omitted
Caused by: java.net.SocketException: Connection reset
	at java.base/sun.nio.ch.NioSocketImpl.implRead(NioSocketImpl.java:318)
	at java.base/sun.nio.ch.NioSocketImpl.read(NioSocketImpl.java:346)
	at java.base/sun.nio.ch.NioSocketImpl$1.read(NioSocketImpl.java:796)
	at java.base/java.net.Socket$SocketInputStream.read(Socket.java:1099)
	at java.base/sun.security.ssl.SSLSocketInputRecord.read(SSLSocketInputRecord.java:489)
	at java.base/sun.security.ssl.SSLSocketInputRecord.readHeader(SSLSocketInputRecord.java:483)
	at java.base/sun.security.ssl.SSLSocketInputRecord.bytesInCompletePacket(SSLSocketInputRecord.java:70)
	at java.base/sun.security.ssl.SSLSocketImpl.readApplicationRecord(SSLSocketImpl.java:1461)
	at java.base/sun.security.ssl.SSLSocketImpl$AppInputStream.read(SSLSocketImpl.java:1066)
	at com.mongodb.internal.connection.SocketStream.read(SocketStream.java:182)
	at com.mongodb.internal.connection.InternalStreamConnection.receiveResponseBuffers(InternalStreamConnection.java:829)
	... 69 common frames omitted
2026-09-18 14:50:12 INFO  [room-creation,traceId=,spanId=] [MessageBroker-3] org.mongodb.driver.cluster - Waiting for server to become available for operation with ID 4052. Remaining time: 29999 ms. Selector: ReadPreferenceServerSelector{readPreference=primary}, topology description: {type=REPLICA_SET, servers=[{address=ac-2s659uf-shard-00-02.pvohmlz.mongodb.net:27017, type=UNKNOWN, state=CONNECTING, exception={com.mongodb.MongoSocketException: ac-2s659uf-shard-00-02.pvohmlz.mongodb.net}, caused by {java.net.UnknownHostException: ac-2s659uf-shard-00-02.pvohmlz.mongodb.net}}, {address=ac-2s659uf-shard-00-01.pvohmlz.mongodb.net:27017, type=UNKNOWN, state=CONNECTING, exception={com.mongodb.MongoSocketException: ac-2s659uf-shard-00-01.pvohmlz.mongodb.net}, caused by {java.net.UnknownHostException: ac-2s659uf-shard-00-01.pvohmlz.mongodb.net}}, {address=ac-2s659uf-shard-00-00.pvohmlz.mongodb.net:27017, type=UNKNOWN, state=CONNECTING, exception={com.mongodb.MongoSocketException: ac-2s659uf-shard-00-00.pvohmlz.mongodb.net}, caused by {java.net.UnknownHostException: ac-2s659uf-shard-00-00.pvohmlz.mongodb.net}}].
2026-09-18 14:50:12 INFO  [room-creation,traceId=,spanId=] [cluster-ClusterId{value='6aac31b02fc30302e91c7a35', description='Cluster0'}-ac-2s659uf-shard-00-00.pvohmlz.mongodb.net:27017] org.mongodb.driver.cluster - Exception in monitor thread while connecting to server ac-2s659uf-shard-00-00.pvohmlz.mongodb.net:27017
com.mongodb.MongoSocketException: No such host is known (ac-2s659uf-shard-00-00.pvohmlz.mongodb.net)
	at com.mongodb.internal.connection.ServerAddressHelper.getSocketAddresses(ServerAddressHelper.java:75)
	at com.mongodb.internal.connection.SocketStream.initializeSocket(SocketStream.java:100)
	at com.mongodb.internal.connection.SocketStream.open(SocketStream.java:79)
	at com.mongodb.internal.connection.InternalStreamConnection.open(InternalStreamConnection.java:233)
	at com.mongodb.internal.connection.DefaultServerMonitor$ServerMonitor.lookupServerDescription(DefaultServerMonitor.java:219)
	at com.mongodb.internal.connection.DefaultServerMonitor$ServerMonitor.run(DefaultServerMonitor.java:176)
Caused by: java.net.UnknownHostException: No such host is known (ac-2s659uf-shard-00-00.pvohmlz.mongodb.net)
	at java.base/java.net.Inet6AddressImpl.lookupAllHostAddr(Native Method)
	at java.base/java.net.Inet6AddressImpl.lookupAllHostAddr(Inet6AddressImpl.java:52)
	at java.base/java.net.InetAddress$PlatformResolver.lookupByName(InetAddress.java:1211)
	at java.base/java.net.InetAddress.getAddressesFromNameService(InetAddress.java:1828)
	at java.base/java.net.InetAddress$NameServiceAddresses.get(InetAddress.java:1139)
	at java.base/java.net.InetAddress.getAllByName0(InetAddress.java:1818)
	at java.base/java.net.InetAddress.getAllByName(InetAddress.java:1688)
	at com.mongodb.internal.connection.DefaultInetAddressResolver.lookupByName(DefaultInetAddressResolver.java:34)
	at com.mongodb.internal.connection.ServerAddressHelper.getSocketAddresses(ServerAddressHelper.java:71)
	... 5 common frames omitted
2026-09-18 14:50:12 INFO  [room-creation,traceId=,spanId=] [cluster-ClusterId{value='6aac31b02fc30302e91c7a35', description='Cluster0'}-ac-2s659uf-shard-00-01.pvohmlz.mongodb.net:27017] org.mongodb.driver.cluster - Exception in monitor thread while connecting to server ac-2s659uf-shard-00-01.pvohmlz.mongodb.net:27017
com.mongodb.MongoSocketException: No such host is known (ac-2s659uf-shard-00-01.pvohmlz.mongodb.net)
	at com.mongodb.internal.connection.ServerAddressHelper.getSocketAddresses(ServerAddressHelper.java:75)
	at com.mongodb.internal.connection.SocketStream.initializeSocket(SocketStream.java:100)
	at com.mongodb.internal.connection.SocketStream.open(SocketStream.java:79)
	at com.mongodb.internal.connection.InternalStreamConnection.open(InternalStreamConnection.java:233)
	at com.mongodb.internal.connection.DefaultServerMonitor$ServerMonitor.lookupServerDescription(DefaultServerMonitor.java:219)
	at com.mongodb.internal.connection.DefaultServerMonitor$ServerMonitor.run(DefaultServerMonitor.java:176)
Caused by: java.net.UnknownHostException: No such host is known (ac-2s659uf-shard-00-01.pvohmlz.mongodb.net)
	at java.base/java.net.Inet6AddressImpl.lookupAllHostAddr(Native Method)
	at java.base/java.net.Inet6AddressImpl.lookupAllHostAddr(Inet6AddressImpl.java:52)
	at java.base/java.net.InetAddress$PlatformResolver.lookupByName(InetAddress.java:1211)
	at java.base/java.net.InetAddress.getAddressesFromNameService(InetAddress.java:1828)
	at java.base/java.net.InetAddress$NameServiceAddresses.get(InetAddress.java:1139)
	at java.base/java.net.InetAddress.getAllByName0(InetAddress.java:1818)
	at java.base/java.net.InetAddress.getAllByName(InetAddress.java:1688)
	at com.mongodb.internal.connection.DefaultInetAddressResolver.lookupByName(DefaultInetAddressResolver.java:34)
	at com.mongodb.internal.connection.ServerAddressHelper.getSocketAddresses(ServerAddressHelper.java:71)
	... 5 common frames omitted
2026-09-18 14:50:13 INFO  [room-creation,traceId=,spanId=] [cluster-ClusterId{value='6aac31b02fc30302e91c7a35', description='Cluster0'}-ac-2s659uf-shard-00-01.pvohmlz.mongodb.net:27017] org.mongodb.driver.cluster - Exception in monitor thread while connecting to server ac-2s659uf-shard-00-01.pvohmlz.mongodb.net:27017
com.mongodb.MongoSocketException: ac-2s659uf-shard-00-01.pvohmlz.mongodb.net
	at com.mongodb.internal.connection.ServerAddressHelper.getSocketAddresses(ServerAddressHelper.java:75)
	at com.mongodb.internal.connection.SocketStream.initializeSocket(SocketStream.java:100)
	at com.mongodb.internal.connection.SocketStream.open(SocketStream.java:79)
	at com.mongodb.internal.connection.InternalStreamConnection.open(InternalStreamConnection.java:233)
	at com.mongodb.internal.connection.DefaultServerMonitor$ServerMonitor.lookupServerDescription(DefaultServerMonitor.java:219)
	at com.mongodb.internal.connection.DefaultServerMonitor$ServerMonitor.run(DefaultServerMonitor.java:176)
Caused by: java.net.UnknownHostException: ac-2s659uf-shard-00-01.pvohmlz.mongodb.net
	at java.base/java.net.InetAddress$CachedLookup.get(InetAddress.java:988)
	at java.base/java.net.InetAddress.getAllByName0(InetAddress.java:1818)
	at java.base/java.net.InetAddress.getAllByName(InetAddress.java:1688)
	at com.mongodb.internal.connection.DefaultInetAddressResolver.lookupByName(DefaultInetAddressResolver.java:34)
	at com.mongodb.internal.connection.ServerAddressHelper.getSocketAddresses(ServerAddressHelper.java:71)
	... 5 common frames omitted
2026-09-18 14:50:13 INFO  [room-creation,traceId=,spanId=] [cluster-ClusterId{value='6aac31b02fc30302e91c7a35', description='Cluster0'}-ac-2s659uf-shard-00-00.pvohmlz.mongodb.net:27017] org.mongodb.driver.cluster - Exception in monitor thread while connecting to server ac-2s659uf-shard-00-00.pvohmlz.mongodb.net:27017
com.mongodb.MongoSocketException: ac-2s659uf-shard-00-00.pvohmlz.mongodb.net
	at com.mongodb.internal.connection.ServerAddressHelper.getSocketAddresses(ServerAddressHelper.java:75)
	at com.mongodb.internal.connection.SocketStream.initializeSocket(SocketStream.java:100)
	at com.mongodb.internal.connection.SocketStream.open(SocketStream.java:79)
	at com.mongodb.internal.connection.InternalStreamConnection.open(InternalStreamConnection.java:233)
	at com.mongodb.internal.connection.DefaultServerMonitor$ServerMonitor.lookupServerDescription(DefaultServerMonitor.java:219)
	at com.mongodb.internal.connection.DefaultServerMonitor$ServerMonitor.run(DefaultServerMonitor.java:176)
Caused by: java.net.UnknownHostException: ac-2s659uf-shard-00-00.pvohmlz.mongodb.net
	at java.base/java.net.InetAddress$CachedLookup.get(InetAddress.java:988)
	at java.base/java.net.InetAddress.getAllByName0(InetAddress.java:1818)
	at java.base/java.net.InetAddress.getAllByName(InetAddress.java:1688)
	at com.mongodb.internal.connection.DefaultInetAddressResolver.lookupByName(DefaultInetAddressResolver.java:34)
	at com.mongodb.internal.connection.ServerAddressHelper.getSocketAddresses(ServerAddressHelper.java:71)
	... 5 common frames omitted
2026-09-18 14:50:22 INFO  [room-creation,traceId=,spanId=] [cluster-ClusterId{value='6aac31b02fc30302e91c7a35', description='Cluster0'}-ac-2s659uf-shard-00-01.pvohmlz.mongodb.net:27017] org.mongodb.driver.cluster - Exception in monitor thread while connecting to server ac-2s659uf-shard-00-01.pvohmlz.mongodb.net:27017
com.mongodb.MongoSocketException: No such host is known (ac-2s659uf-shard-00-01.pvohmlz.mongodb.net)
	at com.mongodb.internal.connection.ServerAddressHelper.getSocketAddresses(ServerAddressHelper.java:75)
	at com.mongodb.internal.connection.SocketStream.initializeSocket(SocketStream.java:100)
	at com.mongodb.internal.connection.SocketStream.open(SocketStream.java:79)
	at com.mongodb.internal.connection.InternalStreamConnection.open(InternalStreamConnection.java:233)
	at com.mongodb.internal.connection.DefaultServerMonitor$ServerMonitor.lookupServerDescription(DefaultServerMonitor.java:219)
	at com.mongodb.internal.connection.DefaultServerMonitor$ServerMonitor.run(DefaultServerMonitor.java:176)
Caused by: java.net.UnknownHostException: No such host is known (ac-2s659uf-shard-00-01.pvohmlz.mongodb.net)
	at java.base/java.net.Inet6AddressImpl.lookupAllHostAddr(Native Method)
	at java.base/java.net.Inet6AddressImpl.lookupAllHostAddr(Inet6AddressImpl.java:52)
	at java.base/java.net.InetAddress$PlatformResolver.lookupByName(InetAddress.java:1211)
	at java.base/java.net.InetAddress.getAddressesFromNameService(InetAddress.java:1828)
	at java.base/java.net.InetAddress$NameServiceAddresses.get(InetAddress.java:1139)
	at java.base/java.net.InetAddress.getAllByName0(InetAddress.java:1818)
	at java.base/java.net.InetAddress.getAllByName(InetAddress.java:1688)
	at com.mongodb.internal.connection.DefaultInetAddressResolver.lookupByName(DefaultInetAddressResolver.java:34)
	at com.mongodb.internal.connection.ServerAddressHelper.getSocketAddresses(ServerAddressHelper.java:71)
	... 5 common frames omitted
2026-09-18 14:50:22 INFO  [room-creation,traceId=,spanId=] [cluster-ClusterId{value='6aac31b02fc30302e91c7a35', description='Cluster0'}-ac-2s659uf-shard-00-00.pvohmlz.mongodb.net:27017] org.mongodb.driver.cluster - Exception in monitor thread while connecting to server ac-2s659uf-shard-00-00.pvohmlz.mongodb.net:27017
com.mongodb.MongoSocketException: No such host is known (ac-2s659uf-shard-00-00.pvohmlz.mongodb.net)
	at com.mongodb.internal.connection.ServerAddressHelper.getSocketAddresses(ServerAddressHelper.java:75)
	at com.mongodb.internal.connection.SocketStream.initializeSocket(SocketStream.java:100)
	at com.mongodb.internal.connection.SocketStream.open(SocketStream.java:79)
	at com.mongodb.internal.connection.InternalStreamConnection.open(InternalStreamConnection.java:233)
	at com.mongodb.internal.connection.DefaultServerMonitor$ServerMonitor.lookupServerDescription(DefaultServerMonitor.java:219)
	at com.mongodb.internal.connection.DefaultServerMonitor$ServerMonitor.run(DefaultServerMonitor.java:176)
Caused by: java.net.UnknownHostException: No such host is known (ac-2s659uf-shard-00-00.pvohmlz.mongodb.net)
	at java.base/java.net.Inet6AddressImpl.lookupAllHostAddr(Native Method)
	at java.base/java.net.Inet6AddressImpl.lookupAllHostAddr(Inet6AddressImpl.java:52)
	at java.base/java.net.InetAddress$PlatformResolver.lookupByName(InetAddress.java:1211)
	at java.base/java.net.InetAddress.getAddressesFromNameService(InetAddress.java:1828)
	at java.base/java.net.InetAddress$NameServiceAddresses.get(InetAddress.java:1139)
	at java.base/java.net.InetAddress.getAllByName0(InetAddress.java:1818)
	at java.base/java.net.InetAddress.getAllByName(InetAddress.java:1688)
	at com.mongodb.internal.connection.DefaultInetAddressResolver.lookupByName(DefaultInetAddressResolver.java:34)
	at com.mongodb.internal.connection.ServerAddressHelper.getSocketAddresses(ServerAddressHelper.java:71)
	... 5 common frames omitted
2026-09-18 14:50:23 INFO  [room-creation,traceId=,spanId=] [cluster-ClusterId{value='6aac31b02fc30302e91c7a35', description='Cluster0'}-ac-2s659uf-shard-00-00.pvohmlz.mongodb.net:27017] org.mongodb.driver.cluster - Exception in monitor thread while connecting to server ac-2s659uf-shard-00-00.pvohmlz.mongodb.net:27017
com.mongodb.MongoSocketException: ac-2s659uf-shard-00-00.pvohmlz.mongodb.net
	at com.mongodb.internal.connection.ServerAddressHelper.getSocketAddresses(ServerAddressHelper.java:75)
	at com.mongodb.internal.connection.SocketStream.initializeSocket(SocketStream.java:100)
	at com.mongodb.internal.connection.SocketStream.open(SocketStream.java:79)
	at com.mongodb.internal.connection.InternalStreamConnection.open(InternalStreamConnection.java:233)
	at com.mongodb.internal.connection.DefaultServerMonitor$ServerMonitor.lookupServerDescription(DefaultServerMonitor.java:219)
	at com.mongodb.internal.connection.DefaultServerMonitor$ServerMonitor.run(DefaultServerMonitor.java:176)
Caused by: java.net.UnknownHostException: ac-2s659uf-shard-00-00.pvohmlz.mongodb.net
	at java.base/java.net.InetAddress$CachedLookup.get(InetAddress.java:988)
	at java.base/java.net.InetAddress.getAllByName0(InetAddress.java:1818)
	at java.base/java.net.InetAddress.getAllByName(InetAddress.java:1688)
	at com.mongodb.internal.connection.DefaultInetAddressResolver.lookupByName(DefaultInetAddressResolver.java:34)
	at com.mongodb.internal.connection.ServerAddressHelper.getSocketAddresses(ServerAddressHelper.java:71)
	... 5 common frames omitted
2026-09-18 14:50:23 INFO  [room-creation,traceId=,spanId=] [cluster-ClusterId{value='6aac31b02fc30302e91c7a35', description='Cluster0'}-ac-2s659uf-shard-00-01.pvohmlz.mongodb.net:27017] org.mongodb.driver.cluster - Exception in monitor thread while connecting to server ac-2s659uf-shard-00-01.pvohmlz.mongodb.net:27017
com.mongodb.MongoSocketException: ac-2s659uf-shard-00-01.pvohmlz.mongodb.net
	at com.mongodb.internal.connection.ServerAddressHelper.getSocketAddresses(ServerAddressHelper.java:75)
	at com.mongodb.internal.connection.SocketStream.initializeSocket(SocketStream.java:100)
	at com.mongodb.internal.connection.SocketStream.open(SocketStream.java:79)
	at com.mongodb.internal.connection.InternalStreamConnection.open(InternalStreamConnection.java:233)
	at com.mongodb.internal.connection.DefaultServerMonitor$ServerMonitor.lookupServerDescription(DefaultServerMonitor.java:219)
	at com.mongodb.internal.connection.DefaultServerMonitor$ServerMonitor.run(DefaultServerMonitor.java:176)
Caused by: java.net.UnknownHostException: ac-2s659uf-shard-00-01.pvohmlz.mongodb.net
	at java.base/java.net.InetAddress$CachedLookup.get(InetAddress.java:988)
	at java.base/java.net.InetAddress.getAllByName0(InetAddress.java:1818)
	at java.base/java.net.InetAddress.getAllByName(InetAddress.java:1688)
	at com.mongodb.internal.connection.DefaultInetAddressResolver.lookupByName(DefaultInetAddressResolver.java:34)
	at com.mongodb.internal.connection.ServerAddressHelper.getSocketAddresses(ServerAddressHelper.java:71)
	... 5 common frames omitted
2026-09-18 14:50:33 INFO  [room-creation,traceId=,spanId=] [cluster-ClusterId{value='6aac31b02fc30302e91c7a35', description='Cluster0'}-ac-2s659uf-shard-00-01.pvohmlz.mongodb.net:27017] org.mongodb.driver.cluster - Exception in monitor thread while connecting to server ac-2s659uf-shard-00-01.pvohmlz.mongodb.net:27017
com.mongodb.MongoSocketException: No such host is known (ac-2s659uf-shard-00-01.pvohmlz.mongodb.net)
	at com.mongodb.internal.connection.ServerAddressHelper.getSocketAddresses(ServerAddressHelper.java:75)
	at com.mongodb.internal.connection.SocketStream.initializeSocket(SocketStream.java:100)
	at com.mongodb.internal.connection.SocketStream.open(SocketStream.java:79)
	at com.mongodb.internal.connection.InternalStreamConnection.open(InternalStreamConnection.java:233)
	at com.mongodb.internal.connection.DefaultServerMonitor$ServerMonitor.lookupServerDescription(DefaultServerMonitor.java:219)
	at com.mongodb.internal.connection.DefaultServerMonitor$ServerMonitor.run(DefaultServerMonitor.java:176)
Caused by: java.net.UnknownHostException: No such host is known (ac-2s659uf-shard-00-01.pvohmlz.mongodb.net)
	at java.base/java.net.Inet6AddressImpl.lookupAllHostAddr(Native Method)
	at java.base/java.net.Inet6AddressImpl.lookupAllHostAddr(Inet6AddressImpl.java:52)
	at java.base/java.net.InetAddress$PlatformResolver.lookupByName(InetAddress.java:1211)
	at java.base/java.net.InetAddress.getAddressesFromNameService(InetAddress.java:1828)
	at java.base/java.net.InetAddress$NameServiceAddresses.get(InetAddress.java:1139)
	at java.base/java.net.InetAddress.getAllByName0(InetAddress.java:1818)
	at java.base/java.net.InetAddress.getAllByName(InetAddress.java:1688)
	at com.mongodb.internal.connection.DefaultInetAddressResolver.lookupByName(DefaultInetAddressResolver.java:34)
	at com.mongodb.internal.connection.ServerAddressHelper.getSocketAddresses(ServerAddressHelper.java:71)
	... 5 common frames omitted
2026-09-18 14:50:33 INFO  [room-creation,traceId=,spanId=] [cluster-ClusterId{value='6aac31b02fc30302e91c7a35', description='Cluster0'}-ac-2s659uf-shard-00-00.pvohmlz.mongodb.net:27017] org.mongodb.driver.cluster - Exception in monitor thread while connecting to server ac-2s659uf-shard-00-00.pvohmlz.mongodb.net:27017
com.mongodb.MongoSocketException: No such host is known (ac-2s659uf-shard-00-00.pvohmlz.mongodb.net)
	at com.mongodb.internal.connection.ServerAddressHelper.getSocketAddresses(ServerAddressHelper.java:75)
	at com.mongodb.internal.connection.SocketStream.initializeSocket(SocketStream.java:100)
	at com.mongodb.internal.connection.SocketStream.open(SocketStream.java:79)
	at com.mongodb.internal.connection.InternalStreamConnection.open(InternalStreamConnection.java:233)
	at com.mongodb.internal.connection.DefaultServerMonitor$ServerMonitor.lookupServerDescription(DefaultServerMonitor.java:219)
	at com.mongodb.internal.connection.DefaultServerMonitor$ServerMonitor.run(DefaultServerMonitor.java:176)
Caused by: java.net.UnknownHostException: No such host is known (ac-2s659uf-shard-00-00.pvohmlz.mongodb.net)
	at java.base/java.net.Inet6AddressImpl.lookupAllHostAddr(Native Method)
	at java.base/java.net.Inet6AddressImpl.lookupAllHostAddr(Inet6AddressImpl.java:52)
	at java.base/java.net.InetAddress$PlatformResolver.lookupByName(InetAddress.java:1211)
	at java.base/java.net.InetAddress.getAddressesFromNameService(InetAddress.java:1828)
	at java.base/java.net.InetAddress$NameServiceAddresses.get(InetAddress.java:1139)
	at java.base/java.net.InetAddress.getAllByName0(InetAddress.java:1818)
	at java.base/java.net.InetAddress.getAllByName(InetAddress.java:1688)
	at com.mongodb.internal.connection.DefaultInetAddressResolver.lookupByName(DefaultInetAddressResolver.java:34)
	at com.mongodb.internal.connection.ServerAddressHelper.getSocketAddresses(ServerAddressHelper.java:71)
	... 5 common frames omitted
2026-09-18 14:50:33 INFO  [room-creation,traceId=,spanId=] [cluster-ClusterId{value='6aac31b02fc30302e91c7a35', description='Cluster0'}-ac-2s659uf-shard-00-01.pvohmlz.mongodb.net:27017] org.mongodb.driver.cluster - Exception in monitor thread while connecting to server ac-2s659uf-shard-00-01.pvohmlz.mongodb.net:27017
com.mongodb.MongoSocketException: ac-2s659uf-shard-00-01.pvohmlz.mongodb.net
	at com.mongodb.internal.connection.ServerAddressHelper.getSocketAddresses(ServerAddressHelper.java:75)
	at com.mongodb.internal.connection.SocketStream.initializeSocket(SocketStream.java:100)
	at com.mongodb.internal.connection.SocketStream.open(SocketStream.java:79)
	at com.mongodb.internal.connection.InternalStreamConnection.open(InternalStreamConnection.java:233)
	at com.mongodb.internal.connection.DefaultServerMonitor$ServerMonitor.lookupServerDescription(DefaultServerMonitor.java:219)
	at com.mongodb.internal.connection.DefaultServerMonitor$ServerMonitor.run(DefaultServerMonitor.java:176)
Caused by: java.net.UnknownHostException: ac-2s659uf-shard-00-01.pvohmlz.mongodb.net
	at java.base/java.net.InetAddress$CachedLookup.get(InetAddress.java:988)
	at java.base/java.net.InetAddress.getAllByName0(InetAddress.java:1818)
	at java.base/java.net.InetAddress.getAllByName(InetAddress.java:1688)
	at com.mongodb.internal.connection.DefaultInetAddressResolver.lookupByName(DefaultInetAddressResolver.java:34)
	at com.mongodb.internal.connection.ServerAddressHelper.getSocketAddresses(ServerAddressHelper.java:71)
	... 5 common frames omitted
2026-09-18 14:50:33 INFO  [room-creation,traceId=,spanId=] [cluster-ClusterId{value='6aac31b02fc30302e91c7a35', description='Cluster0'}-ac-2s659uf-shard-00-00.pvohmlz.mongodb.net:27017] org.mongodb.driver.cluster - Exception in monitor thread while connecting to server ac-2s659uf-shard-00-00.pvohmlz.mongodb.net:27017
com.mongodb.MongoSocketException: ac-2s659uf-shard-00-00.pvohmlz.mongodb.net
	at com.mongodb.internal.connection.ServerAddressHelper.getSocketAddresses(ServerAddressHelper.java:75)
	at com.mongodb.internal.connection.SocketStream.initializeSocket(SocketStream.java:100)
	at com.mongodb.internal.connection.SocketStream.open(SocketStream.java:79)
	at com.mongodb.internal.connection.InternalStreamConnection.open(InternalStreamConnection.java:233)
	at com.mongodb.internal.connection.DefaultServerMonitor$ServerMonitor.lookupServerDescription(DefaultServerMonitor.java:219)
	at com.mongodb.internal.connection.DefaultServerMonitor$ServerMonitor.run(DefaultServerMonitor.java:176)
Caused by: java.net.UnknownHostException: ac-2s659uf-shard-00-00.pvohmlz.mongodb.net
	at java.base/java.net.InetAddress$CachedLookup.get(InetAddress.java:988)
	at java.base/java.net.InetAddress.getAllByName0(InetAddress.java:1818)
	at java.base/java.net.InetAddress.getAllByName(InetAddress.java:1688)
	at com.mongodb.internal.connection.DefaultInetAddressResolver.lookupByName(DefaultInetAddressResolver.java:34)
	at com.mongodb.internal.connection.ServerAddressHelper.getSocketAddresses(ServerAddressHelper.java:71)
	... 5 common frames omitted
2026-09-18 14:50:42 ERROR [room-creation,traceId=,spanId=] [MessageBroker-3] o.s.s.s.TaskUtils$LoggingErrorHandler - Unexpected error occurred in scheduled task
org.springframework.dao.DataAccessResourceFailureException: Timed out while waiting for a server that matches ReadPreferenceServerSelector{readPreference=primary}. Client view of cluster state is {type=REPLICA_SET, servers=[{address=ac-2s659uf-shard-00-02.pvohmlz.mongodb.net:27017, type=UNKNOWN, state=CONNECTING, exception={com.mongodb.MongoSocketException: ac-2s659uf-shard-00-02.pvohmlz.mongodb.net}, caused by {java.net.UnknownHostException: ac-2s659uf-shard-00-02.pvohmlz.mongodb.net}}, {address=ac-2s659uf-shard-00-01.pvohmlz.mongodb.net:27017, type=UNKNOWN, state=CONNECTING, exception={com.mongodb.MongoSocketException: ac-2s659uf-shard-00-01.pvohmlz.mongodb.net}, caused by {java.net.UnknownHostException: ac-2s659uf-shard-00-01.pvohmlz.mongodb.net}}, {address=ac-2s659uf-shard-00-00.pvohmlz.mongodb.net:27017, type=UNKNOWN, state=CONNECTING, exception={com.mongodb.MongoSocketException: ac-2s659uf-shard-00-00.pvohmlz.mongodb.net}, caused by {java.net.UnknownHostException: ac-2s659uf-shard-00-00.pvohmlz.mongodb.net}}]
	at org.springframework.data.mongodb.core.MongoExceptionTranslator.doTranslateException(MongoExceptionTranslator.java:97)
	at org.springframework.data.mongodb.core.MongoExceptionTranslator.translateExceptionIfPossible(MongoExceptionTranslator.java:74)
	at org.springframework.data.mongodb.core.MongoTemplate.potentiallyConvertRuntimeException(MongoTemplate.java:3008)
	at org.springframework.data.mongodb.core.MongoTemplate.executeFindMultiInternal(MongoTemplate.java:2933)
	at org.springframework.data.mongodb.core.MongoTemplate.doFind(MongoTemplate.java:2631)
	at org.springframework.data.mongodb.core.ExecutableFindOperationSupport$ExecutableFindSupport.doFind(ExecutableFindOperationSupport.java:177)
	at org.springframework.data.mongodb.core.ExecutableFindOperationSupport$ExecutableFindSupport.all(ExecutableFindOperationSupport.java:135)
	at org.springframework.data.mongodb.repository.query.AbstractMongoQuery.lambda$getExecution$4(AbstractMongoQuery.java:226)
	at org.springframework.data.mongodb.repository.query.AbstractMongoQuery.doExecute(AbstractMongoQuery.java:184)
	at org.springframework.data.mongodb.repository.query.AbstractMongoQuery.execute(AbstractMongoQuery.java:156)
	at org.springframework.data.repository.core.support.RepositoryMethodInvoker.doInvoke(RepositoryMethodInvoker.java:170)
	at org.springframework.data.repository.core.support.RepositoryMethodInvoker.invoke(RepositoryMethodInvoker.java:158)
	at org.springframework.data.repository.core.support.QueryExecutorMethodInterceptor.doInvoke(QueryExecutorMethodInterceptor.java:170)
	at org.springframework.data.repository.core.support.QueryExecutorMethodInterceptor.invoke(QueryExecutorMethodInterceptor.java:149)
	at org.springframework.aop.framework.ReflectiveMethodInvocation.proceed(ReflectiveMethodInvocation.java:184)
	at org.springframework.data.projection.DefaultMethodInvokingMethodInterceptor.invoke(DefaultMethodInvokingMethodInterceptor.java:69)
	at org.springframework.aop.framework.ReflectiveMethodInvocation.proceed(ReflectiveMethodInvocation.java:184)
	at org.springframework.data.mongodb.repository.support.CrudMethodMetadataPostProcessor$CrudMethodMetadataPopulatingMethodInterceptor.invoke(CrudMethodMetadataPostProcessor.java:129)
	at org.springframework.aop.framework.ReflectiveMethodInvocation.proceed(ReflectiveMethodInvocation.java:184)
	at org.springframework.aop.framework.JdkDynamicAopProxy.invoke(JdkDynamicAopProxy.java:223)
	at jdk.proxy2/jdk.proxy2.$Proxy131.findByGameStatus(Unknown Source)
	at java.base/jdk.internal.reflect.DirectMethodHandleAccessor.invoke(DirectMethodHandleAccessor.java:103)
	at java.base/java.lang.reflect.Method.invoke(Method.java:580)
	at org.springframework.aop.support.AopUtils.invokeJoinpointUsingReflection(AopUtils.java:359)
	at org.springframework.aop.framework.ReflectiveMethodInvocation.invokeJoinpoint(ReflectiveMethodInvocation.java:196)
	at org.springframework.aop.framework.ReflectiveMethodInvocation.proceed(ReflectiveMethodInvocation.java:163)
	at org.springframework.dao.support.PersistenceExceptionTranslationInterceptor.invoke(PersistenceExceptionTranslationInterceptor.java:138)
	at org.springframework.aop.framework.ReflectiveMethodInvocation.proceed(ReflectiveMethodInvocation.java:184)
	at org.springframework.aop.framework.JdkDynamicAopProxy.invoke(JdkDynamicAopProxy.java:223)
	at jdk.proxy2/jdk.proxy2.$Proxy131.findByGameStatus(Unknown Source)
	at com.sadetech.room_creation.service.RoomService.cleanExpiredRoom(RoomService.java:2018)
	at java.base/jdk.internal.reflect.DirectMethodHandleAccessor.invoke(DirectMethodHandleAccessor.java:103)
	at java.base/java.lang.reflect.Method.invoke(Method.java:580)
	at org.springframework.scheduling.support.ScheduledMethodRunnable.runInternal(ScheduledMethodRunnable.java:130)
	at org.springframework.scheduling.support.ScheduledMethodRunnable.lambda$run$2(ScheduledMethodRunnable.java:124)
	at io.micrometer.observation.Observation.observe(Observation.java:499)
	at org.springframework.scheduling.support.ScheduledMethodRunnable.run(ScheduledMethodRunnable.java:124)
	at org.springframework.scheduling.config.Task$OutcomeTrackingRunnable.run(Task.java:83)
	at org.springframework.scheduling.support.DelegatingErrorHandlingRunnable.run(DelegatingErrorHandlingRunnable.java:54)
	at java.base/java.util.concurrent.Executors$RunnableAdapter.call(Executors.java:572)
	at java.base/java.util.concurrent.FutureTask.runAndReset(FutureTask.java:358)
	at java.base/java.util.concurrent.ScheduledThreadPoolExecutor$ScheduledFutureTask.run(ScheduledThreadPoolExecutor.java:305)
	at java.base/java.util.concurrent.ThreadPoolExecutor.runWorker(ThreadPoolExecutor.java:1144)
	at java.base/java.util.concurrent.ThreadPoolExecutor$Worker.run(ThreadPoolExecutor.java:642)
	at java.base/java.lang.Thread.run(Thread.java:1583)
Caused by: com.mongodb.MongoTimeoutException: Timed out while waiting for a server that matches ReadPreferenceServerSelector{readPreference=primary}. Client view of cluster state is {type=REPLICA_SET, servers=[{address=ac-2s659uf-shard-00-02.pvohmlz.mongodb.net:27017, type=UNKNOWN, state=CONNECTING, exception={com.mongodb.MongoSocketException: ac-2s659uf-shard-00-02.pvohmlz.mongodb.net}, caused by {java.net.UnknownHostException: ac-2s659uf-shard-00-02.pvohmlz.mongodb.net}}, {address=ac-2s659uf-shard-00-01.pvohmlz.mongodb.net:27017, type=UNKNOWN, state=CONNECTING, exception={com.mongodb.MongoSocketException: ac-2s659uf-shard-00-01.pvohmlz.mongodb.net}, caused by {java.net.UnknownHostException: ac-2s659uf-shard-00-01.pvohmlz.mongodb.net}}, {address=ac-2s659uf-shard-00-00.pvohmlz.mongodb.net:27017, type=UNKNOWN, state=CONNECTING, exception={com.mongodb.MongoSocketException: ac-2s659uf-shard-00-00.pvohmlz.mongodb.net}, caused by {java.net.UnknownHostException: ac-2s659uf-shard-00-00.pvohmlz.mongodb.net}}]
	at com.mongodb.internal.connection.BaseCluster.logAndThrowTimeoutException(BaseCluster.java:427)
	at com.mongodb.internal.connection.BaseCluster.lambda$selectServer$0(BaseCluster.java:154)
	at com.mongodb.internal.time.Timeout.lambda$onExistsAndExpired$16(Timeout.java:236)
	at com.mongodb.internal.time.Timeout.lambda$run$10(Timeout.java:201)
	at com.mongodb.internal.time.TimePoint.checkedCall(TimePoint.java:98)
	at com.mongodb.internal.time.Timeout.call(Timeout.java:174)
	at com.mongodb.internal.time.Timeout.run(Timeout.java:194)
	at com.mongodb.internal.time.Timeout.onExistsAndExpired(Timeout.java:233)
	at com.mongodb.internal.time.Timeout.onExpired(Timeout.java:226)
	at com.mongodb.internal.connection.BaseCluster.selectServer(BaseCluster.java:153)
	at com.mongodb.internal.connection.AbstractMultiServerCluster.selectServer(AbstractMultiServerCluster.java:59)
	at com.mongodb.internal.binding.ClusterBinding.getReadConnectionSource(ClusterBinding.java:82)
	at com.mongodb.client.internal.ClientSessionBinding.getConnectionSource(ClientSessionBinding.java:108)
	at com.mongodb.client.internal.ClientSessionBinding.getReadConnectionSource(ClientSessionBinding.java:88)
	at com.mongodb.internal.operation.SyncOperationHelper.withSuppliedResource(SyncOperationHelper.java:148)
	at com.mongodb.internal.operation.SyncOperationHelper.withSourceAndConnection(SyncOperationHelper.java:129)
	at com.mongodb.internal.operation.FindOperation.lambda$execute$2(FindOperation.java:296)
	at com.mongodb.internal.operation.SyncOperationHelper.lambda$decorateReadWithRetries$13(SyncOperationHelper.java:317)
	at com.mongodb.internal.async.function.RetryingSyncSupplier.get(RetryingSyncSupplier.java:67)
	at com.mongodb.internal.operation.FindOperation.execute(FindOperation.java:307)
	at com.mongodb.internal.operation.FindOperation.execute(FindOperation.java:70)
	at com.mongodb.client.internal.MongoClusterImpl$OperationExecutorImpl.execute(MongoClusterImpl.java:358)
	at com.mongodb.client.internal.MongoIterableImpl.execute(MongoIterableImpl.java:156)
	at com.mongodb.client.internal.MongoIterableImpl.iterator(MongoIterableImpl.java:116)
	at org.springframework.data.mongodb.core.MongoTemplate.executeFindMultiInternal(MongoTemplate.java:2920)
	... 41 common frames omitted
2026-09-18 14:50:52 INFO  [room-creation,traceId=,spanId=] [MessageBroker-3] org.mongodb.driver.cluster - Waiting for server to become available for operation with ID 4245. Remaining time: 29999 ms. Selector: ReadPreferenceServerSelector{readPreference=primary}, topology description: {type=REPLICA_SET, servers=[{address=ac-2s659uf-shard-00-02.pvohmlz.mongodb.net:27017, type=UNKNOWN, state=CONNECTING, exception={com.mongodb.MongoSocketException: ac-2s659uf-shard-00-02.pvohmlz.mongodb.net}, caused by {java.net.UnknownHostException: ac-2s659uf-shard-00-02.pvohmlz.mongodb.net}}, {address=ac-2s659uf-shard-00-01.pvohmlz.mongodb.net:27017, type=UNKNOWN, state=CONNECTING, exception={com.mongodb.MongoSocketException: ac-2s659uf-shard-00-01.pvohmlz.mongodb.net}, caused by {java.net.UnknownHostException: ac-2s659uf-shard-00-01.pvohmlz.mongodb.net}}, {address=ac-2s659uf-shard-00-00.pvohmlz.mongodb.net:27017, type=UNKNOWN, state=CONNECTING, exception={com.mongodb.MongoSocketException: ac-2s659uf-shard-00-00.pvohmlz.mongodb.net}, caused by {java.net.UnknownHostException: ac-2s659uf-shard-00-00.pvohmlz.mongodb.net}}].
2026-09-18 14:51:22 ERROR [room-creation,traceId=,spanId=] [MessageBroker-3] o.s.s.s.TaskUtils$LoggingErrorHandler - Unexpected error occurred in scheduled task
org.springframework.dao.DataAccessResourceFailureException: Timed out while waiting for a server that matches ReadPreferenceServerSelector{readPreference=primary}. Client view of cluster state is {type=REPLICA_SET, servers=[{address=ac-2s659uf-shard-00-02.pvohmlz.mongodb.net:27017, type=UNKNOWN, state=CONNECTING, exception={com.mongodb.MongoSocketException: ac-2s659uf-shard-00-02.pvohmlz.mongodb.net}, caused by {java.net.UnknownHostException: ac-2s659uf-shard-00-02.pvohmlz.mongodb.net}}, {address=ac-2s659uf-shard-00-01.pvohmlz.mongodb.net:27017, type=UNKNOWN, state=CONNECTING, exception={com.mongodb.MongoSocketException: ac-2s659uf-shard-00-01.pvohmlz.mongodb.net}, caused by {java.net.UnknownHostException: ac-2s659uf-shard-00-01.pvohmlz.mongodb.net}}, {address=ac-2s659uf-shard-00-00.pvohmlz.mongodb.net:27017, type=UNKNOWN, state=CONNECTING, exception={com.mongodb.MongoSocketException: ac-2s659uf-shard-00-00.pvohmlz.mongodb.net}, caused by {java.net.UnknownHostException: ac-2s659uf-shard-00-00.pvohmlz.mongodb.net}}]
	at org.springframework.data.mongodb.core.MongoExceptionTranslator.doTranslateException(MongoExceptionTranslator.java:97)
	at org.springframework.data.mongodb.core.MongoExceptionTranslator.translateExceptionIfPossible(MongoExceptionTranslator.java:74)
	at org.springframework.data.mongodb.core.MongoTemplate.potentiallyConvertRuntimeException(MongoTemplate.java:3008)
	at org.springframework.data.mongodb.core.MongoTemplate.executeFindMultiInternal(MongoTemplate.java:2933)
	at org.springframework.data.mongodb.core.MongoTemplate.doFind(MongoTemplate.java:2631)
	at org.springframework.data.mongodb.core.ExecutableFindOperationSupport$ExecutableFindSupport.doFind(ExecutableFindOperationSupport.java:177)
	at org.springframework.data.mongodb.core.ExecutableFindOperationSupport$ExecutableFindSupport.all(ExecutableFindOperationSupport.java:135)
	at org.springframework.data.mongodb.repository.query.AbstractMongoQuery.lambda$getExecution$4(AbstractMongoQuery.java:226)
	at org.springframework.data.mongodb.repository.query.AbstractMongoQuery.doExecute(AbstractMongoQuery.java:184)
	at org.springframework.data.mongodb.repository.query.AbstractMongoQuery.execute(AbstractMongoQuery.java:156)
	at org.springframework.data.repository.core.support.RepositoryMethodInvoker.doInvoke(RepositoryMethodInvoker.java:170)
	at org.springframework.data.repository.core.support.RepositoryMethodInvoker.invoke(RepositoryMethodInvoker.java:158)
	at org.springframework.data.repository.core.support.QueryExecutorMethodInterceptor.doInvoke(QueryExecutorMethodInterceptor.java:170)
	at org.springframework.data.repository.core.support.QueryExecutorMethodInterceptor.invoke(QueryExecutorMethodInterceptor.java:149)
	at org.springframework.aop.framework.ReflectiveMethodInvocation.proceed(ReflectiveMethodInvocation.java:184)
	at org.springframework.data.projection.DefaultMethodInvokingMethodInterceptor.invoke(DefaultMethodInvokingMethodInterceptor.java:69)
	at org.springframework.aop.framework.ReflectiveMethodInvocation.proceed(ReflectiveMethodInvocation.java:184)
	at org.springframework.data.mongodb.repository.support.CrudMethodMetadataPostProcessor$CrudMethodMetadataPopulatingMethodInterceptor.invoke(CrudMethodMetadataPostProcessor.java:129)
	at org.springframework.aop.framework.ReflectiveMethodInvocation.proceed(ReflectiveMethodInvocation.java:184)
	at org.springframework.aop.framework.JdkDynamicAopProxy.invoke(JdkDynamicAopProxy.java:223)
	at jdk.proxy2/jdk.proxy2.$Proxy131.findByGameStatus(Unknown Source)
	at java.base/jdk.internal.reflect.DirectMethodHandleAccessor.invoke(DirectMethodHandleAccessor.java:103)
	at java.base/java.lang.reflect.Method.invoke(Method.java:580)
	at org.springframework.aop.support.AopUtils.invokeJoinpointUsingReflection(AopUtils.java:359)
	at org.springframework.aop.framework.ReflectiveMethodInvocation.invokeJoinpoint(ReflectiveMethodInvocation.java:196)
	at org.springframework.aop.framework.ReflectiveMethodInvocation.proceed(ReflectiveMethodInvocation.java:163)
	at org.springframework.dao.support.PersistenceExceptionTranslationInterceptor.invoke(PersistenceExceptionTranslationInterceptor.java:138)
	at org.springframework.aop.framework.ReflectiveMethodInvocation.proceed(ReflectiveMethodInvocation.java:184)
	at org.springframework.aop.framework.JdkDynamicAopProxy.invoke(JdkDynamicAopProxy.java:223)
	at jdk.proxy2/jdk.proxy2.$Proxy131.findByGameStatus(Unknown Source)
	at com.sadetech.room_creation.service.RoomService.cleanExpiredRoom(RoomService.java:2018)
	at java.base/jdk.internal.reflect.DirectMethodHandleAccessor.invoke(DirectMethodHandleAccessor.java:103)
	at java.base/java.lang.reflect.Method.invoke(Method.java:580)
	at org.springframework.scheduling.support.ScheduledMethodRunnable.runInternal(ScheduledMethodRunnable.java:130)
	at org.springframework.scheduling.support.ScheduledMethodRunnable.lambda$run$2(ScheduledMethodRunnable.java:124)
	at io.micrometer.observation.Observation.observe(Observation.java:499)
	at org.springframework.scheduling.support.ScheduledMethodRunnable.run(ScheduledMethodRunnable.java:124)
	at org.springframework.scheduling.config.Task$OutcomeTrackingRunnable.run(Task.java:83)
	at org.springframework.scheduling.support.DelegatingErrorHandlingRunnable.run(DelegatingErrorHandlingRunnable.java:54)
	at java.base/java.util.concurrent.Executors$RunnableAdapter.call(Executors.java:572)
	at java.base/java.util.concurrent.FutureTask.runAndReset(FutureTask.java:358)
	at java.base/java.util.concurrent.ScheduledThreadPoolExecutor$ScheduledFutureTask.run(ScheduledThreadPoolExecutor.java:305)
	at java.base/java.util.concurrent.ThreadPoolExecutor.runWorker(ThreadPoolExecutor.java:1144)
	at java.base/java.util.concurrent.ThreadPoolExecutor$Worker.run(ThreadPoolExecutor.java:642)
	at java.base/java.lang.Thread.run(Thread.java:1583)
Caused by: com.mongodb.MongoTimeoutException: Timed out while waiting for a server that matches ReadPreferenceServerSelector{readPreference=primary}. Client view of cluster state is {type=REPLICA_SET, servers=[{address=ac-2s659uf-shard-00-02.pvohmlz.mongodb.net:27017, type=UNKNOWN, state=CONNECTING, exception={com.mongodb.MongoSocketException: ac-2s659uf-shard-00-02.pvohmlz.mongodb.net}, caused by {java.net.UnknownHostException: ac-2s659uf-shard-00-02.pvohmlz.mongodb.net}}, {address=ac-2s659uf-shard-00-01.pvohmlz.mongodb.net:27017, type=UNKNOWN, state=CONNECTING, exception={com.mongodb.MongoSocketException: ac-2s659uf-shard-00-01.pvohmlz.mongodb.net}, caused by {java.net.UnknownHostException: ac-2s659uf-shard-00-01.pvohmlz.mongodb.net}}, {address=ac-2s659uf-shard-00-00.pvohmlz.mongodb.net:27017, type=UNKNOWN, state=CONNECTING, exception={com.mongodb.MongoSocketException: ac-2s659uf-shard-00-00.pvohmlz.mongodb.net}, caused by {java.net.UnknownHostException: ac-2s659uf-shard-00-00.pvohmlz.mongodb.net}}]
	at com.mongodb.internal.connection.BaseCluster.logAndThrowTimeoutException(BaseCluster.java:427)
	at com.mongodb.internal.connection.BaseCluster.lambda$selectServer$0(BaseCluster.java:154)
	at com.mongodb.internal.time.Timeout.lambda$onExistsAndExpired$16(Timeout.java:236)
	at com.mongodb.internal.time.Timeout.lambda$run$10(Timeout.java:201)
	at com.mongodb.internal.time.TimePoint.checkedCall(TimePoint.java:98)
	at com.mongodb.internal.time.Timeout.call(Timeout.java:174)
	at com.mongodb.internal.time.Timeout.run(Timeout.java:194)
	at com.mongodb.internal.time.Timeout.onExistsAndExpired(Timeout.java:233)
	at com.mongodb.internal.time.Timeout.onExpired(Timeout.java:226)
	at com.mongodb.internal.connection.BaseCluster.selectServer(BaseCluster.java:153)
	at com.mongodb.internal.connection.AbstractMultiServerCluster.selectServer(AbstractMultiServerCluster.java:59)
	at com.mongodb.internal.binding.ClusterBinding.getReadConnectionSource(ClusterBinding.java:82)
	at com.mongodb.client.internal.ClientSessionBinding.getConnectionSource(ClientSessionBinding.java:108)
	at com.mongodb.client.internal.ClientSessionBinding.getReadConnectionSource(ClientSessionBinding.java:88)
	at com.mongodb.internal.operation.SyncOperationHelper.withSuppliedResource(SyncOperationHelper.java:148)
	at com.mongodb.internal.operation.SyncOperationHelper.withSourceAndConnection(SyncOperationHelper.java:129)
	at com.mongodb.internal.operation.FindOperation.lambda$execute$2(FindOperation.java:296)
	at com.mongodb.internal.operation.SyncOperationHelper.lambda$decorateReadWithRetries$13(SyncOperationHelper.java:317)
	at com.mongodb.internal.async.function.RetryingSyncSupplier.get(RetryingSyncSupplier.java:67)
	at com.mongodb.internal.operation.FindOperation.execute(FindOperation.java:307)
	at com.mongodb.internal.operation.FindOperation.execute(FindOperation.java:70)
	at com.mongodb.client.internal.MongoClusterImpl$OperationExecutorImpl.execute(MongoClusterImpl.java:358)
	at com.mongodb.client.internal.MongoIterableImpl.execute(MongoIterableImpl.java:156)
	at com.mongodb.client.internal.MongoIterableImpl.iterator(MongoIterableImpl.java:116)
	at org.springframework.data.mongodb.core.MongoTemplate.executeFindMultiInternal(MongoTemplate.java:2920)
	... 41 common frames omitted
2026-09-18 14:51:32 INFO  [room-creation,traceId=,spanId=] [MessageBroker-3] org.mongodb.driver.cluster - Waiting for server to become available for operation with ID 4438. Remaining time: 29999 ms. Selector: ReadPreferenceServerSelector{readPreference=primary}, topology description: {type=REPLICA_SET, servers=[{address=ac-2s659uf-shard-00-02.pvohmlz.mongodb.net:27017, type=UNKNOWN, state=CONNECTING, exception={com.mongodb.MongoSocketException: ac-2s659uf-shard-00-02.pvohmlz.mongodb.net}, caused by {java.net.UnknownHostException: ac-2s659uf-shard-00-02.pvohmlz.mongodb.net}}, {address=ac-2s659uf-shard-00-01.pvohmlz.mongodb.net:27017, type=UNKNOWN, state=CONNECTING, exception={com.mongodb.MongoSocketException: ac-2s659uf-shard-00-01.pvohmlz.mongodb.net}, caused by {java.net.UnknownHostException: ac-2s659uf-shard-00-01.pvohmlz.mongodb.net}}, {address=ac-2s659uf-shard-00-00.pvohmlz.mongodb.net:27017, type=UNKNOWN, state=CONNECTING, exception={com.mongodb.MongoSocketException: ac-2s659uf-shard-00-00.pvohmlz.mongodb.net}, caused by {java.net.UnknownHostException: ac-2s659uf-shard-00-00.pvohmlz.mongodb.net}}].
2026-09-18 14:52:02 ERROR [room-creation,traceId=,spanId=] [MessageBroker-3] o.s.s.s.TaskUtils$LoggingErrorHandler - Unexpected error occurred in scheduled task
org.springframework.dao.DataAccessResourceFailureException: Timed out while waiting for a server that matches ReadPreferenceServerSelector{readPreference=primary}. Client view of cluster state is {type=REPLICA_SET, servers=[{address=ac-2s659uf-shard-00-02.pvohmlz.mongodb.net:27017, type=UNKNOWN, state=CONNECTING, exception={com.mongodb.MongoSocketException: ac-2s659uf-shard-00-02.pvohmlz.mongodb.net}, caused by {java.net.UnknownHostException: ac-2s659uf-shard-00-02.pvohmlz.mongodb.net}}, {address=ac-2s659uf-shard-00-01.pvohmlz.mongodb.net:27017, type=UNKNOWN, state=CONNECTING, exception={com.mongodb.MongoSocketException: ac-2s659uf-shard-00-01.pvohmlz.mongodb.net}, caused by {java.net.UnknownHostException: ac-2s659uf-shard-00-01.pvohmlz.mongodb.net}}, {address=ac-2s659uf-shard-00-00.pvohmlz.mongodb.net:27017, type=UNKNOWN, state=CONNECTING, exception={com.mongodb.MongoSocketException: ac-2s659uf-shard-00-00.pvohmlz.mongodb.net}, caused by {java.net.UnknownHostException: ac-2s659uf-shard-00-00.pvohmlz.mongodb.net}}]
	at org.springframework.data.mongodb.core.MongoExceptionTranslator.doTranslateException(MongoExceptionTranslator.java:97)
	at org.springframework.data.mongodb.core.MongoExceptionTranslator.translateExceptionIfPossible(MongoExceptionTranslator.java:74)
	at org.springframework.data.mongodb.core.MongoTemplate.potentiallyConvertRuntimeException(MongoTemplate.java:3008)
	at org.springframework.data.mongodb.core.MongoTemplate.executeFindMultiInternal(MongoTemplate.java:2933)
	at org.springframework.data.mongodb.core.MongoTemplate.doFind(MongoTemplate.java:2631)
	at org.springframework.data.mongodb.core.ExecutableFindOperationSupport$ExecutableFindSupport.doFind(ExecutableFindOperationSupport.java:177)
	at org.springframework.data.mongodb.core.ExecutableFindOperationSupport$ExecutableFindSupport.all(ExecutableFindOperationSupport.java:135)
	at org.springframework.data.mongodb.repository.query.AbstractMongoQuery.lambda$getExecution$4(AbstractMongoQuery.java:226)
	at org.springframework.data.mongodb.repository.query.AbstractMongoQuery.doExecute(AbstractMongoQuery.java:184)
	at org.springframework.data.mongodb.repository.query.AbstractMongoQuery.execute(AbstractMongoQuery.java:156)
	at org.springframework.data.repository.core.support.RepositoryMethodInvoker.doInvoke(RepositoryMethodInvoker.java:170)
	at org.springframework.data.repository.core.support.RepositoryMethodInvoker.invoke(RepositoryMethodInvoker.java:158)
	at org.springframework.data.repository.core.support.QueryExecutorMethodInterceptor.doInvoke(QueryExecutorMethodInterceptor.java:170)
	at org.springframework.data.repository.core.support.QueryExecutorMethodInterceptor.invoke(QueryExecutorMethodInterceptor.java:149)
	at org.springframework.aop.framework.ReflectiveMethodInvocation.proceed(ReflectiveMethodInvocation.java:184)
	at org.springframework.data.projection.DefaultMethodInvokingMethodInterceptor.invoke(DefaultMethodInvokingMethodInterceptor.java:69)
	at org.springframework.aop.framework.ReflectiveMethodInvocation.proceed(ReflectiveMethodInvocation.java:184)
	at org.springframework.data.mongodb.repository.support.CrudMethodMetadataPostProcessor$CrudMethodMetadataPopulatingMethodInterceptor.invoke(CrudMethodMetadataPostProcessor.java:129)
	at org.springframework.aop.framework.ReflectiveMethodInvocation.proceed(ReflectiveMethodInvocation.java:184)
	at org.springframework.aop.framework.JdkDynamicAopProxy.invoke(JdkDynamicAopProxy.java:223)
	at jdk.proxy2/jdk.proxy2.$Proxy131.findByGameStatus(Unknown Source)
	at java.base/jdk.internal.reflect.DirectMethodHandleAccessor.invoke(DirectMethodHandleAccessor.java:103)
	at java.base/java.lang.reflect.Method.invoke(Method.java:580)
	at org.springframework.aop.support.AopUtils.invokeJoinpointUsingReflection(AopUtils.java:359)
	at org.springframework.aop.framework.ReflectiveMethodInvocation.invokeJoinpoint(ReflectiveMethodInvocation.java:196)
	at org.springframework.aop.framework.ReflectiveMethodInvocation.proceed(ReflectiveMethodInvocation.java:163)
	at org.springframework.dao.support.PersistenceExceptionTranslationInterceptor.invoke(PersistenceExceptionTranslationInterceptor.java:138)
	at org.springframework.aop.framework.ReflectiveMethodInvocation.proceed(ReflectiveMethodInvocation.java:184)
	at org.springframework.aop.framework.JdkDynamicAopProxy.invoke(JdkDynamicAopProxy.java:223)
	at jdk.proxy2/jdk.proxy2.$Proxy131.findByGameStatus(Unknown Source)
	at com.sadetech.room_creation.service.RoomService.cleanExpiredRoom(RoomService.java:2018)
	at java.base/jdk.internal.reflect.DirectMethodHandleAccessor.invoke(DirectMethodHandleAccessor.java:103)
	at java.base/java.lang.reflect.Method.invoke(Method.java:580)
	at org.springframework.scheduling.support.ScheduledMethodRunnable.runInternal(ScheduledMethodRunnable.java:130)
	at org.springframework.scheduling.support.ScheduledMethodRunnable.lambda$run$2(ScheduledMethodRunnable.java:124)
	at io.micrometer.observation.Observation.observe(Observation.java:499)
	at org.springframework.scheduling.support.ScheduledMethodRunnable.run(ScheduledMethodRunnable.java:124)
	at org.springframework.scheduling.config.Task$OutcomeTrackingRunnable.run(Task.java:83)
	at org.springframework.scheduling.support.DelegatingErrorHandlingRunnable.run(DelegatingErrorHandlingRunnable.java:54)
	at java.base/java.util.concurrent.Executors$RunnableAdapter.call(Executors.java:572)
	at java.base/java.util.concurrent.FutureTask.runAndReset(FutureTask.java:358)
	at java.base/java.util.concurrent.ScheduledThreadPoolExecutor$ScheduledFutureTask.run(ScheduledThreadPoolExecutor.java:305)
	at java.base/java.util.concurrent.ThreadPoolExecutor.runWorker(ThreadPoolExecutor.java:1144)
	at java.base/java.util.concurrent.ThreadPoolExecutor$Worker.run(ThreadPoolExecutor.java:642)
	at java.base/java.lang.Thread.run(Thread.java:1583)
Caused by: com.mongodb.MongoTimeoutException: Timed out while waiting for a server that matches ReadPreferenceServerSelector{readPreference=primary}. Client view of cluster state is {type=REPLICA_SET, servers=[{address=ac-2s659uf-shard-00-02.pvohmlz.mongodb.net:27017, type=UNKNOWN, state=CONNECTING, exception={com.mongodb.MongoSocketException: ac-2s659uf-shard-00-02.pvohmlz.mongodb.net}, caused by {java.net.UnknownHostException: ac-2s659uf-shard-00-02.pvohmlz.mongodb.net}}, {address=ac-2s659uf-shard-00-01.pvohmlz.mongodb.net:27017, type=UNKNOWN, state=CONNECTING, exception={com.mongodb.MongoSocketException: ac-2s659uf-shard-00-01.pvohmlz.mongodb.net}, caused by {java.net.UnknownHostException: ac-2s659uf-shard-00-01.pvohmlz.mongodb.net}}, {address=ac-2s659uf-shard-00-00.pvohmlz.mongodb.net:27017, type=UNKNOWN, state=CONNECTING, exception={com.mongodb.MongoSocketException: ac-2s659uf-shard-00-00.pvohmlz.mongodb.net}, caused by {java.net.UnknownHostException: ac-2s659uf-shard-00-00.pvohmlz.mongodb.net}}]
	at com.mongodb.internal.connection.BaseCluster.logAndThrowTimeoutException(BaseCluster.java:427)
	at com.mongodb.internal.connection.BaseCluster.lambda$selectServer$0(BaseCluster.java:154)
	at com.mongodb.internal.time.Timeout.lambda$onExistsAndExpired$16(Timeout.java:236)
	at com.mongodb.internal.time.Timeout.lambda$run$10(Timeout.java:201)
	at com.mongodb.internal.time.TimePoint.checkedCall(TimePoint.java:98)
	at com.mongodb.internal.time.Timeout.call(Timeout.java:174)
	at com.mongodb.internal.time.Timeout.run(Timeout.java:194)
	at com.mongodb.internal.time.Timeout.onExistsAndExpired(Timeout.java:233)
	at com.mongodb.internal.time.Timeout.onExpired(Timeout.java:226)
	at com.mongodb.internal.connection.BaseCluster.selectServer(BaseCluster.java:153)
	at com.mongodb.internal.connection.AbstractMultiServerCluster.selectServer(AbstractMultiServerCluster.java:59)
	at com.mongodb.internal.binding.ClusterBinding.getReadConnectionSource(ClusterBinding.java:82)
	at com.mongodb.client.internal.ClientSessionBinding.getConnectionSource(ClientSessionBinding.java:108)
	at com.mongodb.client.internal.ClientSessionBinding.getReadConnectionSource(ClientSessionBinding.java:88)
	at com.mongodb.internal.operation.SyncOperationHelper.withSuppliedResource(SyncOperationHelper.java:148)
	at com.mongodb.internal.operation.SyncOperationHelper.withSourceAndConnection(SyncOperationHelper.java:129)
	at com.mongodb.internal.operation.FindOperation.lambda$execute$2(FindOperation.java:296)
	at com.mongodb.internal.operation.SyncOperationHelper.lambda$decorateReadWithRetries$13(SyncOperationHelper.java:317)
	at com.mongodb.internal.async.function.RetryingSyncSupplier.get(RetryingSyncSupplier.java:67)
	at com.mongodb.internal.operation.FindOperation.execute(FindOperation.java:307)
	at com.mongodb.internal.operation.FindOperation.execute(FindOperation.java:70)
	at com.mongodb.client.internal.MongoClusterImpl$OperationExecutorImpl.execute(MongoClusterImpl.java:358)
	at com.mongodb.client.internal.MongoIterableImpl.execute(MongoIterableImpl.java:156)
	at com.mongodb.client.internal.MongoIterableImpl.iterator(MongoIterableImpl.java:116)
	at org.springframework.data.mongodb.core.MongoTemplate.executeFindMultiInternal(MongoTemplate.java:2920)
	... 41 common frames omitted
2026-09-18 14:52:12 INFO  [room-creation,traceId=,spanId=] [MessageBroker-1] org.mongodb.driver.cluster - Waiting for server to become available for operation with ID 4631. Remaining time: 29999 ms. Selector: ReadPreferenceServerSelector{readPreference=primary}, topology description: {type=REPLICA_SET, servers=[{address=ac-2s659uf-shard-00-02.pvohmlz.mongodb.net:27017, type=UNKNOWN, state=CONNECTING, exception={com.mongodb.MongoSocketException: ac-2s659uf-shard-00-02.pvohmlz.mongodb.net}, caused by {java.net.UnknownHostException: ac-2s659uf-shard-00-02.pvohmlz.mongodb.net}}, {address=ac-2s659uf-shard-00-01.pvohmlz.mongodb.net:27017, type=UNKNOWN, state=CONNECTING, exception={com.mongodb.MongoSocketException: ac-2s659uf-shard-00-01.pvohmlz.mongodb.net}, caused by {java.net.UnknownHostException: ac-2s659uf-shard-00-01.pvohmlz.mongodb.net}}, {address=ac-2s659uf-shard-00-00.pvohmlz.mongodb.net:27017, type=UNKNOWN, state=CONNECTING, exception={com.mongodb.MongoSocketException: ac-2s659uf-shard-00-00.pvohmlz.mongodb.net}, caused by {java.net.UnknownHostException: ac-2s659uf-shard-00-00.pvohmlz.mongodb.net}}].
2026-09-18 14:52:42 ERROR [room-creation,traceId=,spanId=] [MessageBroker-1] o.s.s.s.TaskUtils$LoggingErrorHandler - Unexpected error occurred in scheduled task
org.springframework.dao.DataAccessResourceFailureException: Timed out while waiting for a server that matches ReadPreferenceServerSelector{readPreference=primary}. Client view of cluster state is {type=REPLICA_SET, servers=[{address=ac-2s659uf-shard-00-02.pvohmlz.mongodb.net:27017, type=UNKNOWN, state=CONNECTING, exception={com.mongodb.MongoSocketException: ac-2s659uf-shard-00-02.pvohmlz.mongodb.net}, caused by {java.net.UnknownHostException: ac-2s659uf-shard-00-02.pvohmlz.mongodb.net}}, {address=ac-2s659uf-shard-00-01.pvohmlz.mongodb.net:27017, type=UNKNOWN, state=CONNECTING, exception={com.mongodb.MongoSocketException: ac-2s659uf-shard-00-01.pvohmlz.mongodb.net}, caused by {java.net.UnknownHostException: ac-2s659uf-shard-00-01.pvohmlz.mongodb.net}}, {address=ac-2s659uf-shard-00-00.pvohmlz.mongodb.net:27017, type=UNKNOWN, state=CONNECTING, exception={com.mongodb.MongoSocketException: ac-2s659uf-shard-00-00.pvohmlz.mongodb.net}, caused by {java.net.UnknownHostException: ac-2s659uf-shard-00-00.pvohmlz.mongodb.net}}]
	at org.springframework.data.mongodb.core.MongoExceptionTranslator.doTranslateException(MongoExceptionTranslator.java:97)
	at org.springframework.data.mongodb.core.MongoExceptionTranslator.translateExceptionIfPossible(MongoExceptionTranslator.java:74)
	at org.springframework.data.mongodb.core.MongoTemplate.potentiallyConvertRuntimeException(MongoTemplate.java:3008)
	at org.springframework.data.mongodb.core.MongoTemplate.executeFindMultiInternal(MongoTemplate.java:2933)
	at org.springframework.data.mongodb.core.MongoTemplate.doFind(MongoTemplate.java:2631)
	at org.springframework.data.mongodb.core.ExecutableFindOperationSupport$ExecutableFindSupport.doFind(ExecutableFindOperationSupport.java:177)
	at org.springframework.data.mongodb.core.ExecutableFindOperationSupport$ExecutableFindSupport.all(ExecutableFindOperationSupport.java:135)
	at org.springframework.data.mongodb.repository.query.AbstractMongoQuery.lambda$getExecution$4(AbstractMongoQuery.java:226)
	at org.springframework.data.mongodb.repository.query.AbstractMongoQuery.doExecute(AbstractMongoQuery.java:184)
	at org.springframework.data.mongodb.repository.query.AbstractMongoQuery.execute(AbstractMongoQuery.java:156)
	at org.springframework.data.repository.core.support.RepositoryMethodInvoker.doInvoke(RepositoryMethodInvoker.java:170)
	at org.springframework.data.repository.core.support.RepositoryMethodInvoker.invoke(RepositoryMethodInvoker.java:158)
	at org.springframework.data.repository.core.support.QueryExecutorMethodInterceptor.doInvoke(QueryExecutorMethodInterceptor.java:170)
	at org.springframework.data.repository.core.support.QueryExecutorMethodInterceptor.invoke(QueryExecutorMethodInterceptor.java:149)
	at org.springframework.aop.framework.ReflectiveMethodInvocation.proceed(ReflectiveMethodInvocation.java:184)
	at org.springframework.data.projection.DefaultMethodInvokingMethodInterceptor.invoke(DefaultMethodInvokingMethodInterceptor.java:69)
	at org.springframework.aop.framework.ReflectiveMethodInvocation.proceed(ReflectiveMethodInvocation.java:184)
	at org.springframework.data.mongodb.repository.support.CrudMethodMetadataPostProcessor$CrudMethodMetadataPopulatingMethodInterceptor.invoke(CrudMethodMetadataPostProcessor.java:129)
	at org.springframework.aop.framework.ReflectiveMethodInvocation.proceed(ReflectiveMethodInvocation.java:184)
	at org.springframework.aop.framework.JdkDynamicAopProxy.invoke(JdkDynamicAopProxy.java:223)
	at jdk.proxy2/jdk.proxy2.$Proxy131.findByGameStatus(Unknown Source)
	at java.base/jdk.internal.reflect.DirectMethodHandleAccessor.invoke(DirectMethodHandleAccessor.java:103)
	at java.base/java.lang.reflect.Method.invoke(Method.java:580)
	at org.springframework.aop.support.AopUtils.invokeJoinpointUsingReflection(AopUtils.java:359)
	at org.springframework.aop.framework.ReflectiveMethodInvocation.invokeJoinpoint(ReflectiveMethodInvocation.java:196)
	at org.springframework.aop.framework.ReflectiveMethodInvocation.proceed(ReflectiveMethodInvocation.java:163)
	at org.springframework.dao.support.PersistenceExceptionTranslationInterceptor.invoke(PersistenceExceptionTranslationInterceptor.java:138)
	at org.springframework.aop.framework.ReflectiveMethodInvocation.proceed(ReflectiveMethodInvocation.java:184)
	at org.springframework.aop.framework.JdkDynamicAopProxy.invoke(JdkDynamicAopProxy.java:223)
	at jdk.proxy2/jdk.proxy2.$Proxy131.findByGameStatus(Unknown Source)
	at com.sadetech.room_creation.service.RoomService.cleanExpiredRoom(RoomService.java:2018)
	at java.base/jdk.internal.reflect.DirectMethodHandleAccessor.invoke(DirectMethodHandleAccessor.java:103)
	at java.base/java.lang.reflect.Method.invoke(Method.java:580)
	at org.springframework.scheduling.support.ScheduledMethodRunnable.runInternal(ScheduledMethodRunnable.java:130)
	at org.springframework.scheduling.support.ScheduledMethodRunnable.lambda$run$2(ScheduledMethodRunnable.java:124)
	at io.micrometer.observation.Observation.observe(Observation.java:499)
	at org.springframework.scheduling.support.ScheduledMethodRunnable.run(ScheduledMethodRunnable.java:124)
	at org.springframework.scheduling.config.Task$OutcomeTrackingRunnable.run(Task.java:83)
	at org.springframework.scheduling.support.DelegatingErrorHandlingRunnable.run(DelegatingErrorHandlingRunnable.java:54)
	at java.base/java.util.concurrent.Executors$RunnableAdapter.call(Executors.java:572)
	at java.base/java.util.concurrent.FutureTask.runAndReset(FutureTask.java:358)
	at java.base/java.util.concurrent.ScheduledThreadPoolExecutor$ScheduledFutureTask.run(ScheduledThreadPoolExecutor.java:305)
	at java.base/java.util.concurrent.ThreadPoolExecutor.runWorker(ThreadPoolExecutor.java:1144)
	at java.base/java.util.concurrent.ThreadPoolExecutor$Worker.run(ThreadPoolExecutor.java:642)
	at java.base/java.lang.Thread.run(Thread.java:1583)
Caused by: com.mongodb.MongoTimeoutException: Timed out while waiting for a server that matches ReadPreferenceServerSelector{readPreference=primary}. Client view of cluster state is {type=REPLICA_SET, servers=[{address=ac-2s659uf-shard-00-02.pvohmlz.mongodb.net:27017, type=UNKNOWN, state=CONNECTING, exception={com.mongodb.MongoSocketException: ac-2s659uf-shard-00-02.pvohmlz.mongodb.net}, caused by {java.net.UnknownHostException: ac-2s659uf-shard-00-02.pvohmlz.mongodb.net}}, {address=ac-2s659uf-shard-00-01.pvohmlz.mongodb.net:27017, type=UNKNOWN, state=CONNECTING, exception={com.mongodb.MongoSocketException: ac-2s659uf-shard-00-01.pvohmlz.mongodb.net}, caused by {java.net.UnknownHostException: ac-2s659uf-shard-00-01.pvohmlz.mongodb.net}}, {address=ac-2s659uf-shard-00-00.pvohmlz.mongodb.net:27017, type=UNKNOWN, state=CONNECTING, exception={com.mongodb.MongoSocketException: ac-2s659uf-shard-00-00.pvohmlz.mongodb.net}, caused by {java.net.UnknownHostException: ac-2s659uf-shard-00-00.pvohmlz.mongodb.net}}]
	at com.mongodb.internal.connection.BaseCluster.logAndThrowTimeoutException(BaseCluster.java:427)
	at com.mongodb.internal.connection.BaseCluster.lambda$selectServer$0(BaseCluster.java:154)
	at com.mongodb.internal.time.Timeout.lambda$onExistsAndExpired$16(Timeout.java:236)
	at com.mongodb.internal.time.Timeout.lambda$run$10(Timeout.java:201)
	at com.mongodb.internal.time.TimePoint.checkedCall(TimePoint.java:98)
	at com.mongodb.internal.time.Timeout.call(Timeout.java:174)
	at com.mongodb.internal.time.Timeout.run(Timeout.java:194)
	at com.mongodb.internal.time.Timeout.onExistsAndExpired(Timeout.java:233)
	at com.mongodb.internal.time.Timeout.onExpired(Timeout.java:226)
	at com.mongodb.internal.connection.BaseCluster.selectServer(BaseCluster.java:153)
	at com.mongodb.internal.connection.AbstractMultiServerCluster.selectServer(AbstractMultiServerCluster.java:59)
	at com.mongodb.internal.binding.ClusterBinding.getReadConnectionSource(ClusterBinding.java:82)
	at com.mongodb.client.internal.ClientSessionBinding.getConnectionSource(ClientSessionBinding.java:108)
	at com.mongodb.client.internal.ClientSessionBinding.getReadConnectionSource(ClientSessionBinding.java:88)
	at com.mongodb.internal.operation.SyncOperationHelper.withSuppliedResource(SyncOperationHelper.java:148)
	at com.mongodb.internal.operation.SyncOperationHelper.withSourceAndConnection(SyncOperationHelper.java:129)
	at com.mongodb.internal.operation.FindOperation.lambda$execute$2(FindOperation.java:296)
	at com.mongodb.internal.operation.SyncOperationHelper.lambda$decorateReadWithRetries$13(SyncOperationHelper.java:317)
	at com.mongodb.internal.async.function.RetryingSyncSupplier.get(RetryingSyncSupplier.java:67)
	at com.mongodb.internal.operation.FindOperation.execute(FindOperation.java:307)
	at com.mongodb.internal.operation.FindOperation.execute(FindOperation.java:70)
	at com.mongodb.client.internal.MongoClusterImpl$OperationExecutorImpl.execute(MongoClusterImpl.java:358)
	at com.mongodb.client.internal.MongoIterableImpl.execute(MongoIterableImpl.java:156)
	at com.mongodb.client.internal.MongoIterableImpl.iterator(MongoIterableImpl.java:116)
	at org.springframework.data.mongodb.core.MongoTemplate.executeFindMultiInternal(MongoTemplate.java:2920)
	... 41 common frames omitted
2026-09-18 14:52:52 INFO  [room-creation,traceId=,spanId=] [MessageBroker-1] org.mongodb.driver.cluster - Waiting for server to become available for operation with ID 4824. Remaining time: 29999 ms. Selector: ReadPreferenceServerSelector{readPreference=primary}, topology description: {type=REPLICA_SET, servers=[{address=ac-2s659uf-shard-00-02.pvohmlz.mongodb.net:27017, type=UNKNOWN, state=CONNECTING, exception={com.mongodb.MongoSocketException: ac-2s659uf-shard-00-02.pvohmlz.mongodb.net}, caused by {java.net.UnknownHostException: ac-2s659uf-shard-00-02.pvohmlz.mongodb.net}}, {address=ac-2s659uf-shard-00-01.pvohmlz.mongodb.net:27017, type=UNKNOWN, state=CONNECTING, exception={com.mongodb.MongoSocketException: ac-2s659uf-shard-00-01.pvohmlz.mongodb.net}, caused by {java.net.UnknownHostException: ac-2s659uf-shard-00-01.pvohmlz.mongodb.net}}, {address=ac-2s659uf-shard-00-00.pvohmlz.mongodb.net:27017, type=UNKNOWN, state=CONNECTING, exception={com.mongodb.MongoSocketException: ac-2s659uf-shard-00-00.pvohmlz.mongodb.net}, caused by {java.net.UnknownHostException: ac-2s659uf-shard-00-00.pvohmlz.mongodb.net}}].
2026-09-18 14:53:22 ERROR [room-creation,traceId=,spanId=] [MessageBroker-1] o.s.s.s.TaskUtils$LoggingErrorHandler - Unexpected error occurred in scheduled task
org.springframework.dao.DataAccessResourceFailureException: Timed out while waiting for a server that matches ReadPreferenceServerSelector{readPreference=primary}. Client view of cluster state is {type=REPLICA_SET, servers=[{address=ac-2s659uf-shard-00-02.pvohmlz.mongodb.net:27017, type=UNKNOWN, state=CONNECTING, exception={com.mongodb.MongoSocketException: ac-2s659uf-shard-00-02.pvohmlz.mongodb.net}, caused by {java.net.UnknownHostException: ac-2s659uf-shard-00-02.pvohmlz.mongodb.net}}, {address=ac-2s659uf-shard-00-01.pvohmlz.mongodb.net:27017, type=UNKNOWN, state=CONNECTING, exception={com.mongodb.MongoSocketException: ac-2s659uf-shard-00-01.pvohmlz.mongodb.net}, caused by {java.net.UnknownHostException: ac-2s659uf-shard-00-01.pvohmlz.mongodb.net}}, {address=ac-2s659uf-shard-00-00.pvohmlz.mongodb.net:27017, type=UNKNOWN, state=CONNECTING, exception={com.mongodb.MongoSocketException: ac-2s659uf-shard-00-00.pvohmlz.mongodb.net}, caused by {java.net.UnknownHostException: ac-2s659uf-shard-00-00.pvohmlz.mongodb.net}}]
	at org.springframework.data.mongodb.core.MongoExceptionTranslator.doTranslateException(MongoExceptionTranslator.java:97)
	at org.springframework.data.mongodb.core.MongoExceptionTranslator.translateExceptionIfPossible(MongoExceptionTranslator.java:74)
	at org.springframework.data.mongodb.core.MongoTemplate.potentiallyConvertRuntimeException(MongoTemplate.java:3008)
	at org.springframework.data.mongodb.core.MongoTemplate.executeFindMultiInternal(MongoTemplate.java:2933)
	at org.springframework.data.mongodb.core.MongoTemplate.doFind(MongoTemplate.java:2631)
	at org.springframework.data.mongodb.core.ExecutableFindOperationSupport$ExecutableFindSupport.doFind(ExecutableFindOperationSupport.java:177)
	at org.springframework.data.mongodb.core.ExecutableFindOperationSupport$ExecutableFindSupport.all(ExecutableFindOperationSupport.java:135)
	at org.springframework.data.mongodb.repository.query.AbstractMongoQuery.lambda$getExecution$4(AbstractMongoQuery.java:226)
	at org.springframework.data.mongodb.repository.query.AbstractMongoQuery.doExecute(AbstractMongoQuery.java:184)
	at org.springframework.data.mongodb.repository.query.AbstractMongoQuery.execute(AbstractMongoQuery.java:156)
	at org.springframework.data.repository.core.support.RepositoryMethodInvoker.doInvoke(RepositoryMethodInvoker.java:170)
	at org.springframework.data.repository.core.support.RepositoryMethodInvoker.invoke(RepositoryMethodInvoker.java:158)
	at org.springframework.data.repository.core.support.QueryExecutorMethodInterceptor.doInvoke(QueryExecutorMethodInterceptor.java:170)
	at org.springframework.data.repository.core.support.QueryExecutorMethodInterceptor.invoke(QueryExecutorMethodInterceptor.java:149)
	at org.springframework.aop.framework.ReflectiveMethodInvocation.proceed(ReflectiveMethodInvocation.java:184)
	at org.springframework.data.projection.DefaultMethodInvokingMethodInterceptor.invoke(DefaultMethodInvokingMethodInterceptor.java:69)
	at org.springframework.aop.framework.ReflectiveMethodInvocation.proceed(ReflectiveMethodInvocation.java:184)
	at org.springframework.data.mongodb.repository.support.CrudMethodMetadataPostProcessor$CrudMethodMetadataPopulatingMethodInterceptor.invoke(CrudMethodMetadataPostProcessor.java:129)
	at org.springframework.aop.framework.ReflectiveMethodInvocation.proceed(ReflectiveMethodInvocation.java:184)
	at org.springframework.aop.framework.JdkDynamicAopProxy.invoke(JdkDynamicAopProxy.java:223)
	at jdk.proxy2/jdk.proxy2.$Proxy131.findByGameStatus(Unknown Source)
	at java.base/jdk.internal.reflect.DirectMethodHandleAccessor.invoke(DirectMethodHandleAccessor.java:103)
	at java.base/java.lang.reflect.Method.invoke(Method.java:580)
	at org.springframework.aop.support.AopUtils.invokeJoinpointUsingReflection(AopUtils.java:359)
	at org.springframework.aop.framework.ReflectiveMethodInvocation.invokeJoinpoint(ReflectiveMethodInvocation.java:196)
	at org.springframework.aop.framework.ReflectiveMethodInvocation.proceed(ReflectiveMethodInvocation.java:163)
	at org.springframework.dao.support.PersistenceExceptionTranslationInterceptor.invoke(PersistenceExceptionTranslationInterceptor.java:138)
	at org.springframework.aop.framework.ReflectiveMethodInvocation.proceed(ReflectiveMethodInvocation.java:184)
	at org.springframework.aop.framework.JdkDynamicAopProxy.invoke(JdkDynamicAopProxy.java:223)
	at jdk.proxy2/jdk.proxy2.$Proxy131.findByGameStatus(Unknown Source)
	at com.sadetech.room_creation.service.RoomService.cleanExpiredRoom(RoomService.java:2018)
	at java.base/jdk.internal.reflect.DirectMethodHandleAccessor.invoke(DirectMethodHandleAccessor.java:103)
	at java.base/java.lang.reflect.Method.invoke(Method.java:580)
	at org.springframework.scheduling.support.ScheduledMethodRunnable.runInternal(ScheduledMethodRunnable.java:130)
	at org.springframework.scheduling.support.ScheduledMethodRunnable.lambda$run$2(ScheduledMethodRunnable.java:124)
	at io.micrometer.observation.Observation.observe(Observation.java:499)
	at org.springframework.scheduling.support.ScheduledMethodRunnable.run(ScheduledMethodRunnable.java:124)
	at org.springframework.scheduling.config.Task$OutcomeTrackingRunnable.run(Task.java:83)
	at org.springframework.scheduling.support.DelegatingErrorHandlingRunnable.run(DelegatingErrorHandlingRunnable.java:54)
	at java.base/java.util.concurrent.Executors$RunnableAdapter.call(Executors.java:572)
	at java.base/java.util.concurrent.FutureTask.runAndReset(FutureTask.java:358)
	at java.base/java.util.concurrent.ScheduledThreadPoolExecutor$ScheduledFutureTask.run(ScheduledThreadPoolExecutor.java:305)
	at java.base/java.util.concurrent.ThreadPoolExecutor.runWorker(ThreadPoolExecutor.java:1144)
	at java.base/java.util.concurrent.ThreadPoolExecutor$Worker.run(ThreadPoolExecutor.java:642)
	at java.base/java.lang.Thread.run(Thread.java:1583)
Caused by: com.mongodb.MongoTimeoutException: Timed out while waiting for a server that matches ReadPreferenceServerSelector{readPreference=primary}. Client view of cluster state is {type=REPLICA_SET, servers=[{address=ac-2s659uf-shard-00-02.pvohmlz.mongodb.net:27017, type=UNKNOWN, state=CONNECTING, exception={com.mongodb.MongoSocketException: ac-2s659uf-shard-00-02.pvohmlz.mongodb.net}, caused by {java.net.UnknownHostException: ac-2s659uf-shard-00-02.pvohmlz.mongodb.net}}, {address=ac-2s659uf-shard-00-01.pvohmlz.mongodb.net:27017, type=UNKNOWN, state=CONNECTING, exception={com.mongodb.MongoSocketException: ac-2s659uf-shard-00-01.pvohmlz.mongodb.net}, caused by {java.net.UnknownHostException: ac-2s659uf-shard-00-01.pvohmlz.mongodb.net}}, {address=ac-2s659uf-shard-00-00.pvohmlz.mongodb.net:27017, type=UNKNOWN, state=CONNECTING, exception={com.mongodb.MongoSocketException: ac-2s659uf-shard-00-00.pvohmlz.mongodb.net}, caused by {java.net.UnknownHostException: ac-2s659uf-shard-00-00.pvohmlz.mongodb.net}}]
	at com.mongodb.internal.connection.BaseCluster.logAndThrowTimeoutException(BaseCluster.java:427)
	at com.mongodb.internal.connection.BaseCluster.lambda$selectServer$0(BaseCluster.java:154)
	at com.mongodb.internal.time.Timeout.lambda$onExistsAndExpired$16(Timeout.java:236)
	at com.mongodb.internal.time.Timeout.lambda$run$10(Timeout.java:201)
	at com.mongodb.internal.time.TimePoint.checkedCall(TimePoint.java:98)
	at com.mongodb.internal.time.Timeout.call(Timeout.java:174)
	at com.mongodb.internal.time.Timeout.run(Timeout.java:194)
	at com.mongodb.internal.time.Timeout.onExistsAndExpired(Timeout.java:233)
	at com.mongodb.internal.time.Timeout.onExpired(Timeout.java:226)
	at com.mongodb.internal.connection.BaseCluster.selectServer(BaseCluster.java:153)
	at com.mongodb.internal.connection.AbstractMultiServerCluster.selectServer(AbstractMultiServerCluster.java:59)
	at com.mongodb.internal.binding.ClusterBinding.getReadConnectionSource(ClusterBinding.java:82)
	at com.mongodb.client.internal.ClientSessionBinding.getConnectionSource(ClientSessionBinding.java:108)
	at com.mongodb.client.internal.ClientSessionBinding.getReadConnectionSource(ClientSessionBinding.java:88)
	at com.mongodb.internal.operation.SyncOperationHelper.withSuppliedResource(SyncOperationHelper.java:148)
	at com.mongodb.internal.operation.SyncOperationHelper.withSourceAndConnection(SyncOperationHelper.java:129)
	at com.mongodb.internal.operation.FindOperation.lambda$execute$2(FindOperation.java:296)
	at com.mongodb.internal.operation.SyncOperationHelper.lambda$decorateReadWithRetries$13(SyncOperationHelper.java:317)
	at com.mongodb.internal.async.function.RetryingSyncSupplier.get(RetryingSyncSupplier.java:67)
	at com.mongodb.internal.operation.FindOperation.execute(FindOperation.java:307)
	at com.mongodb.internal.operation.FindOperation.execute(FindOperation.java:70)
	at com.mongodb.client.internal.MongoClusterImpl$OperationExecutorImpl.execute(MongoClusterImpl.java:358)
	at com.mongodb.client.internal.MongoIterableImpl.execute(MongoIterableImpl.java:156)
	at com.mongodb.client.internal.MongoIterableImpl.iterator(MongoIterableImpl.java:116)
	at org.springframework.data.mongodb.core.MongoTemplate.executeFindMultiInternal(MongoTemplate.java:2920)
	... 41 common frames omitted
2026-09-18 14:53:32 INFO  [room-creation,traceId=,spanId=] [MessageBroker-1] org.mongodb.driver.cluster - Waiting for server to become available for operation with ID 5017. Remaining time: 29999 ms. Selector: ReadPreferenceServerSelector{readPreference=primary}, topology description: {type=REPLICA_SET, servers=[{address=ac-2s659uf-shard-00-02.pvohmlz.mongodb.net:27017, type=UNKNOWN, state=CONNECTING, exception={com.mongodb.MongoSocketException: ac-2s659uf-shard-00-02.pvohmlz.mongodb.net}, caused by {java.net.UnknownHostException: ac-2s659uf-shard-00-02.pvohmlz.mongodb.net}}, {address=ac-2s659uf-shard-00-01.pvohmlz.mongodb.net:27017, type=UNKNOWN, state=CONNECTING, exception={com.mongodb.MongoSocketException: ac-2s659uf-shard-00-01.pvohmlz.mongodb.net}, caused by {java.net.UnknownHostException: ac-2s659uf-shard-00-01.pvohmlz.mongodb.net}}, {address=ac-2s659uf-shard-00-00.pvohmlz.mongodb.net:27017, type=UNKNOWN, state=CONNECTING, exception={com.mongodb.MongoSocketException: ac-2s659uf-shard-00-00.pvohmlz.mongodb.net}, caused by {java.net.UnknownHostException: ac-2s659uf-shard-00-00.pvohmlz.mongodb.net}}].
2026-09-18 14:53:49 INFO  [room-creation,traceId=,spanId=] [AsyncResolver-bootstrap-executor-%d] c.n.d.s.r.aws.ConfigClusterResolver - Resolving eureka endpoints via configuration
2026-09-18 14:54:02 ERROR [room-creation,traceId=,spanId=] [MessageBroker-1] o.s.s.s.TaskUtils$LoggingErrorHandler - Unexpected error occurred in scheduled task
org.springframework.dao.DataAccessResourceFailureException: Timed out while waiting for a server that matches ReadPreferenceServerSelector{readPreference=primary}. Client view of cluster state is {type=REPLICA_SET, servers=[{address=ac-2s659uf-shard-00-02.pvohmlz.mongodb.net:27017, type=UNKNOWN, state=CONNECTING, exception={com.mongodb.MongoSocketException: ac-2s659uf-shard-00-02.pvohmlz.mongodb.net}, caused by {java.net.UnknownHostException: ac-2s659uf-shard-00-02.pvohmlz.mongodb.net}}, {address=ac-2s659uf-shard-00-01.pvohmlz.mongodb.net:27017, type=UNKNOWN, state=CONNECTING, exception={com.mongodb.MongoSocketException: ac-2s659uf-shard-00-01.pvohmlz.mongodb.net}, caused by {java.net.UnknownHostException: ac-2s659uf-shard-00-01.pvohmlz.mongodb.net}}, {address=ac-2s659uf-shard-00-00.pvohmlz.mongodb.net:27017, type=UNKNOWN, state=CONNECTING, exception={com.mongodb.MongoSocketException: ac-2s659uf-shard-00-00.pvohmlz.mongodb.net}, caused by {java.net.UnknownHostException: ac-2s659uf-shard-00-00.pvohmlz.mongodb.net}}]
	at org.springframework.data.mongodb.core.MongoExceptionTranslator.doTranslateException(MongoExceptionTranslator.java:97)
	at org.springframework.data.mongodb.core.MongoExceptionTranslator.translateExceptionIfPossible(MongoExceptionTranslator.java:74)
	at org.springframework.data.mongodb.core.MongoTemplate.potentiallyConvertRuntimeException(MongoTemplate.java:3008)
	at org.springframework.data.mongodb.core.MongoTemplate.executeFindMultiInternal(MongoTemplate.java:2933)
	at org.springframework.data.mongodb.core.MongoTemplate.doFind(MongoTemplate.java:2631)
	at org.springframework.data.mongodb.core.ExecutableFindOperationSupport$ExecutableFindSupport.doFind(ExecutableFindOperationSupport.java:177)
	at org.springframework.data.mongodb.core.ExecutableFindOperationSupport$ExecutableFindSupport.all(ExecutableFindOperationSupport.java:135)
	at org.springframework.data.mongodb.repository.query.AbstractMongoQuery.lambda$getExecution$4(AbstractMongoQuery.java:226)
	at org.springframework.data.mongodb.repository.query.AbstractMongoQuery.doExecute(AbstractMongoQuery.java:184)
	at org.springframework.data.mongodb.repository.query.AbstractMongoQuery.execute(AbstractMongoQuery.java:156)
	at org.springframework.data.repository.core.support.RepositoryMethodInvoker.doInvoke(RepositoryMethodInvoker.java:170)
	at org.springframework.data.repository.core.support.RepositoryMethodInvoker.invoke(RepositoryMethodInvoker.java:158)
	at org.springframework.data.repository.core.support.QueryExecutorMethodInterceptor.doInvoke(QueryExecutorMethodInterceptor.java:170)
	at org.springframework.data.repository.core.support.QueryExecutorMethodInterceptor.invoke(QueryExecutorMethodInterceptor.java:149)
	at org.springframework.aop.framework.ReflectiveMethodInvocation.proceed(ReflectiveMethodInvocation.java:184)
	at org.springframework.data.projection.DefaultMethodInvokingMethodInterceptor.invoke(DefaultMethodInvokingMethodInterceptor.java:69)
	at org.springframework.aop.framework.ReflectiveMethodInvocation.proceed(ReflectiveMethodInvocation.java:184)
	at org.springframework.data.mongodb.repository.support.CrudMethodMetadataPostProcessor$CrudMethodMetadataPopulatingMethodInterceptor.invoke(CrudMethodMetadataPostProcessor.java:129)
	at org.springframework.aop.framework.ReflectiveMethodInvocation.proceed(ReflectiveMethodInvocation.java:184)
	at org.springframework.aop.framework.JdkDynamicAopProxy.invoke(JdkDynamicAopProxy.java:223)
	at jdk.proxy2/jdk.proxy2.$Proxy131.findByGameStatus(Unknown Source)
	at java.base/jdk.internal.reflect.DirectMethodHandleAccessor.invoke(DirectMethodHandleAccessor.java:103)
	at java.base/java.lang.reflect.Method.invoke(Method.java:580)
	at org.springframework.aop.support.AopUtils.invokeJoinpointUsingReflection(AopUtils.java:359)
	at org.springframework.aop.framework.ReflectiveMethodInvocation.invokeJoinpoint(ReflectiveMethodInvocation.java:196)
	at org.springframework.aop.framework.ReflectiveMethodInvocation.proceed(ReflectiveMethodInvocation.java:163)
	at org.springframework.dao.support.PersistenceExceptionTranslationInterceptor.invoke(PersistenceExceptionTranslationInterceptor.java:138)
	at org.springframework.aop.framework.ReflectiveMethodInvocation.proceed(ReflectiveMethodInvocation.java:184)
	at org.springframework.aop.framework.JdkDynamicAopProxy.invoke(JdkDynamicAopProxy.java:223)
	at jdk.proxy2/jdk.proxy2.$Proxy131.findByGameStatus(Unknown Source)
	at com.sadetech.room_creation.service.RoomService.cleanExpiredRoom(RoomService.java:2018)
	at java.base/jdk.internal.reflect.DirectMethodHandleAccessor.invoke(DirectMethodHandleAccessor.java:103)
	at java.base/java.lang.reflect.Method.invoke(Method.java:580)
	at org.springframework.scheduling.support.ScheduledMethodRunnable.runInternal(ScheduledMethodRunnable.java:130)
	at org.springframework.scheduling.support.ScheduledMethodRunnable.lambda$run$2(ScheduledMethodRunnable.java:124)
	at io.micrometer.observation.Observation.observe(Observation.java:499)
	at org.springframework.scheduling.support.ScheduledMethodRunnable.run(ScheduledMethodRunnable.java:124)
	at org.springframework.scheduling.config.Task$OutcomeTrackingRunnable.run(Task.java:83)
	at org.springframework.scheduling.support.DelegatingErrorHandlingRunnable.run(DelegatingErrorHandlingRunnable.java:54)
	at java.base/java.util.concurrent.Executors$RunnableAdapter.call(Executors.java:572)
	at java.base/java.util.concurrent.FutureTask.runAndReset(FutureTask.java:358)
	at java.base/java.util.concurrent.ScheduledThreadPoolExecutor$ScheduledFutureTask.run(ScheduledThreadPoolExecutor.java:305)
	at java.base/java.util.concurrent.ThreadPoolExecutor.runWorker(ThreadPoolExecutor.java:1144)
	at java.base/java.util.concurrent.ThreadPoolExecutor$Worker.run(ThreadPoolExecutor.java:642)
	at java.base/java.lang.Thread.run(Thread.java:1583)
Caused by: com.mongodb.MongoTimeoutException: Timed out while waiting for a server that matches ReadPreferenceServerSelector{readPreference=primary}. Client view of cluster state is {type=REPLICA_SET, servers=[{address=ac-2s659uf-shard-00-02.pvohmlz.mongodb.net:27017, type=UNKNOWN, state=CONNECTING, exception={com.mongodb.MongoSocketException: ac-2s659uf-shard-00-02.pvohmlz.mongodb.net}, caused by {java.net.UnknownHostException: ac-2s659uf-shard-00-02.pvohmlz.mongodb.net}}, {address=ac-2s659uf-shard-00-01.pvohmlz.mongodb.net:27017, type=UNKNOWN, state=CONNECTING, exception={com.mongodb.MongoSocketException: ac-2s659uf-shard-00-01.pvohmlz.mongodb.net}, caused by {java.net.UnknownHostException: ac-2s659uf-shard-00-01.pvohmlz.mongodb.net}}, {address=ac-2s659uf-shard-00-00.pvohmlz.mongodb.net:27017, type=UNKNOWN, state=CONNECTING, exception={com.mongodb.MongoSocketException: ac-2s659uf-shard-00-00.pvohmlz.mongodb.net}, caused by {java.net.UnknownHostException: ac-2s659uf-shard-00-00.pvohmlz.mongodb.net}}]
	at com.mongodb.internal.connection.BaseCluster.logAndThrowTimeoutException(BaseCluster.java:427)
	at com.mongodb.internal.connection.BaseCluster.lambda$selectServer$0(BaseCluster.java:154)
	at com.mongodb.internal.time.Timeout.lambda$onExistsAndExpired$16(Timeout.java:236)
	at com.mongodb.internal.time.Timeout.lambda$run$10(Timeout.java:201)
	at com.mongodb.internal.time.TimePoint.checkedCall(TimePoint.java:98)
	at com.mongodb.internal.time.Timeout.call(Timeout.java:174)
	at com.mongodb.internal.time.Timeout.run(Timeout.java:194)
	at com.mongodb.internal.time.Timeout.onExistsAndExpired(Timeout.java:233)
	at com.mongodb.internal.time.Timeout.onExpired(Timeout.java:226)
	at com.mongodb.internal.connection.BaseCluster.selectServer(BaseCluster.java:153)
	at com.mongodb.internal.connection.AbstractMultiServerCluster.selectServer(AbstractMultiServerCluster.java:59)
	at com.mongodb.internal.binding.ClusterBinding.getReadConnectionSource(ClusterBinding.java:82)
	at com.mongodb.client.internal.ClientSessionBinding.getConnectionSource(ClientSessionBinding.java:108)
	at com.mongodb.client.internal.ClientSessionBinding.getReadConnectionSource(ClientSessionBinding.java:88)
	at com.mongodb.internal.operation.SyncOperationHelper.withSuppliedResource(SyncOperationHelper.java:148)
	at com.mongodb.internal.operation.SyncOperationHelper.withSourceAndConnection(SyncOperationHelper.java:129)
	at com.mongodb.internal.operation.FindOperation.lambda$execute$2(FindOperation.java:296)
	at com.mongodb.internal.operation.SyncOperationHelper.lambda$decorateReadWithRetries$13(SyncOperationHelper.java:317)
	at com.mongodb.internal.async.function.RetryingSyncSupplier.get(RetryingSyncSupplier.java:67)
	at com.mongodb.internal.operation.FindOperation.execute(FindOperation.java:307)
	at com.mongodb.internal.operation.FindOperation.execute(FindOperation.java:70)
	at com.mongodb.client.internal.MongoClusterImpl$OperationExecutorImpl.execute(MongoClusterImpl.java:358)
	at com.mongodb.client.internal.MongoIterableImpl.execute(MongoIterableImpl.java:156)
	at com.mongodb.client.internal.MongoIterableImpl.iterator(MongoIterableImpl.java:116)
	at org.springframework.data.mongodb.core.MongoTemplate.executeFindMultiInternal(MongoTemplate.java:2920)
	... 41 common frames omitted
2026-09-18 14:54:12 INFO  [room-creation,traceId=,spanId=] [MessageBroker-3] org.mongodb.driver.cluster - Waiting for server to become available for operation with ID 5210. Remaining time: 29999 ms. Selector: ReadPreferenceServerSelector{readPreference=primary}, topology description: {type=REPLICA_SET, servers=[{address=ac-2s659uf-shard-00-02.pvohmlz.mongodb.net:27017, type=UNKNOWN, state=CONNECTING, exception={com.mongodb.MongoSocketException: ac-2s659uf-shard-00-02.pvohmlz.mongodb.net}, caused by {java.net.UnknownHostException: ac-2s659uf-shard-00-02.pvohmlz.mongodb.net}}, {address=ac-2s659uf-shard-00-01.pvohmlz.mongodb.net:27017, type=UNKNOWN, state=CONNECTING, exception={com.mongodb.MongoSocketException: ac-2s659uf-shard-00-01.pvohmlz.mongodb.net}, caused by {java.net.UnknownHostException: ac-2s659uf-shard-00-01.pvohmlz.mongodb.net}}, {address=ac-2s659uf-shard-00-00.pvohmlz.mongodb.net:27017, type=UNKNOWN, state=CONNECTING, exception={com.mongodb.MongoSocketException: ac-2s659uf-shard-00-00.pvohmlz.mongodb.net}, caused by {java.net.UnknownHostException: ac-2s659uf-shard-00-00.pvohmlz.mongodb.net}}].
2026-09-18 14:54:42 ERROR [room-creation,traceId=,spanId=] [MessageBroker-3] o.s.s.s.TaskUtils$LoggingErrorHandler - Unexpected error occurred in scheduled task
org.springframework.dao.DataAccessResourceFailureException: Timed out while waiting for a server that matches ReadPreferenceServerSelector{readPreference=primary}. Client view of cluster state is {type=REPLICA_SET, servers=[{address=ac-2s659uf-shard-00-02.pvohmlz.mongodb.net:27017, type=UNKNOWN, state=CONNECTING, exception={com.mongodb.MongoSocketException: ac-2s659uf-shard-00-02.pvohmlz.mongodb.net}, caused by {java.net.UnknownHostException: ac-2s659uf-shard-00-02.pvohmlz.mongodb.net}}, {address=ac-2s659uf-shard-00-01.pvohmlz.mongodb.net:27017, type=UNKNOWN, state=CONNECTING, exception={com.mongodb.MongoSocketException: ac-2s659uf-shard-00-01.pvohmlz.mongodb.net}, caused by {java.net.UnknownHostException: ac-2s659uf-shard-00-01.pvohmlz.mongodb.net}}, {address=ac-2s659uf-shard-00-00.pvohmlz.mongodb.net:27017, type=UNKNOWN, state=CONNECTING, exception={com.mongodb.MongoSocketException: ac-2s659uf-shard-00-00.pvohmlz.mongodb.net}, caused by {java.net.UnknownHostException: ac-2s659uf-shard-00-00.pvohmlz.mongodb.net}}]
	at org.springframework.data.mongodb.core.MongoExceptionTranslator.doTranslateException(MongoExceptionTranslator.java:97)
	at org.springframework.data.mongodb.core.MongoExceptionTranslator.translateExceptionIfPossible(MongoExceptionTranslator.java:74)
	at org.springframework.data.mongodb.core.MongoTemplate.potentiallyConvertRuntimeException(MongoTemplate.java:3008)
	at org.springframework.data.mongodb.core.MongoTemplate.executeFindMultiInternal(MongoTemplate.java:2933)
	at org.springframework.data.mongodb.core.MongoTemplate.doFind(MongoTemplate.java:2631)
	at org.springframework.data.mongodb.core.ExecutableFindOperationSupport$ExecutableFindSupport.doFind(ExecutableFindOperationSupport.java:177)
	at org.springframework.data.mongodb.core.ExecutableFindOperationSupport$ExecutableFindSupport.all(ExecutableFindOperationSupport.java:135)
	at org.springframework.data.mongodb.repository.query.AbstractMongoQuery.lambda$getExecution$4(AbstractMongoQuery.java:226)
	at org.springframework.data.mongodb.repository.query.AbstractMongoQuery.doExecute(AbstractMongoQuery.java:184)
	at org.springframework.data.mongodb.repository.query.AbstractMongoQuery.execute(AbstractMongoQuery.java:156)
	at org.springframework.data.repository.core.support.RepositoryMethodInvoker.doInvoke(RepositoryMethodInvoker.java:170)
	at org.springframework.data.repository.core.support.RepositoryMethodInvoker.invoke(RepositoryMethodInvoker.java:158)
	at org.springframework.data.repository.core.support.QueryExecutorMethodInterceptor.doInvoke(QueryExecutorMethodInterceptor.java:170)
	at org.springframework.data.repository.core.support.QueryExecutorMethodInterceptor.invoke(QueryExecutorMethodInterceptor.java:149)
	at org.springframework.aop.framework.ReflectiveMethodInvocation.proceed(ReflectiveMethodInvocation.java:184)
	at org.springframework.data.projection.DefaultMethodInvokingMethodInterceptor.invoke(DefaultMethodInvokingMethodInterceptor.java:69)
	at org.springframework.aop.framework.ReflectiveMethodInvocation.proceed(ReflectiveMethodInvocation.java:184)
	at org.springframework.data.mongodb.repository.support.CrudMethodMetadataPostProcessor$CrudMethodMetadataPopulatingMethodInterceptor.invoke(CrudMethodMetadataPostProcessor.java:129)
	at org.springframework.aop.framework.ReflectiveMethodInvocation.proceed(ReflectiveMethodInvocation.java:184)
	at org.springframework.aop.framework.JdkDynamicAopProxy.invoke(JdkDynamicAopProxy.java:223)
	at jdk.proxy2/jdk.proxy2.$Proxy131.findByGameStatus(Unknown Source)
	at java.base/jdk.internal.reflect.DirectMethodHandleAccessor.invoke(DirectMethodHandleAccessor.java:103)
	at java.base/java.lang.reflect.Method.invoke(Method.java:580)
	at org.springframework.aop.support.AopUtils.invokeJoinpointUsingReflection(AopUtils.java:359)
	at org.springframework.aop.framework.ReflectiveMethodInvocation.invokeJoinpoint(ReflectiveMethodInvocation.java:196)
	at org.springframework.aop.framework.ReflectiveMethodInvocation.proceed(ReflectiveMethodInvocation.java:163)
	at org.springframework.dao.support.PersistenceExceptionTranslationInterceptor.invoke(PersistenceExceptionTranslationInterceptor.java:138)
	at org.springframework.aop.framework.ReflectiveMethodInvocation.proceed(ReflectiveMethodInvocation.java:184)
	at org.springframework.aop.framework.JdkDynamicAopProxy.invoke(JdkDynamicAopProxy.java:223)
	at jdk.proxy2/jdk.proxy2.$Proxy131.findByGameStatus(Unknown Source)
	at com.sadetech.room_creation.service.RoomService.cleanExpiredRoom(RoomService.java:2018)
	at java.base/jdk.internal.reflect.DirectMethodHandleAccessor.invoke(DirectMethodHandleAccessor.java:103)
	at java.base/java.lang.reflect.Method.invoke(Method.java:580)
	at org.springframework.scheduling.support.ScheduledMethodRunnable.runInternal(ScheduledMethodRunnable.java:130)
	at org.springframework.scheduling.support.ScheduledMethodRunnable.lambda$run$2(ScheduledMethodRunnable.java:124)
	at io.micrometer.observation.Observation.observe(Observation.java:499)
	at org.springframework.scheduling.support.ScheduledMethodRunnable.run(ScheduledMethodRunnable.java:124)
	at org.springframework.scheduling.config.Task$OutcomeTrackingRunnable.run(Task.java:83)
	at org.springframework.scheduling.support.DelegatingErrorHandlingRunnable.run(DelegatingErrorHandlingRunnable.java:54)
	at java.base/java.util.concurrent.Executors$RunnableAdapter.call(Executors.java:572)
	at java.base/java.util.concurrent.FutureTask.runAndReset(FutureTask.java:358)
	at java.base/java.util.concurrent.ScheduledThreadPoolExecutor$ScheduledFutureTask.run(ScheduledThreadPoolExecutor.java:305)
	at java.base/java.util.concurrent.ThreadPoolExecutor.runWorker(ThreadPoolExecutor.java:1144)
	at java.base/java.util.concurrent.ThreadPoolExecutor$Worker.run(ThreadPoolExecutor.java:642)
	at java.base/java.lang.Thread.run(Thread.java:1583)
Caused by: com.mongodb.MongoTimeoutException: Timed out while waiting for a server that matches ReadPreferenceServerSelector{readPreference=primary}. Client view of cluster state is {type=REPLICA_SET, servers=[{address=ac-2s659uf-shard-00-02.pvohmlz.mongodb.net:27017, type=UNKNOWN, state=CONNECTING, exception={com.mongodb.MongoSocketException: ac-2s659uf-shard-00-02.pvohmlz.mongodb.net}, caused by {java.net.UnknownHostException: ac-2s659uf-shard-00-02.pvohmlz.mongodb.net}}, {address=ac-2s659uf-shard-00-01.pvohmlz.mongodb.net:27017, type=UNKNOWN, state=CONNECTING, exception={com.mongodb.MongoSocketException: ac-2s659uf-shard-00-01.pvohmlz.mongodb.net}, caused by {java.net.UnknownHostException: ac-2s659uf-shard-00-01.pvohmlz.mongodb.net}}, {address=ac-2s659uf-shard-00-00.pvohmlz.mongodb.net:27017, type=UNKNOWN, state=CONNECTING, exception={com.mongodb.MongoSocketException: ac-2s659uf-shard-00-00.pvohmlz.mongodb.net}, caused by {java.net.UnknownHostException: ac-2s659uf-shard-00-00.pvohmlz.mongodb.net}}]
	at com.mongodb.internal.connection.BaseCluster.logAndThrowTimeoutException(BaseCluster.java:427)
	at com.mongodb.internal.connection.BaseCluster.lambda$selectServer$0(BaseCluster.java:154)
	at com.mongodb.internal.time.Timeout.lambda$onExistsAndExpired$16(Timeout.java:236)
	at com.mongodb.internal.time.Timeout.lambda$run$10(Timeout.java:201)
	at com.mongodb.internal.time.TimePoint.checkedCall(TimePoint.java:98)
	at com.mongodb.internal.time.Timeout.call(Timeout.java:174)
	at com.mongodb.internal.time.Timeout.run(Timeout.java:194)
	at com.mongodb.internal.time.Timeout.onExistsAndExpired(Timeout.java:233)
	at com.mongodb.internal.time.Timeout.onExpired(Timeout.java:226)
	at com.mongodb.internal.connection.BaseCluster.selectServer(BaseCluster.java:153)
	at com.mongodb.internal.connection.AbstractMultiServerCluster.selectServer(AbstractMultiServerCluster.java:59)
	at com.mongodb.internal.binding.ClusterBinding.getReadConnectionSource(ClusterBinding.java:82)
	at com.mongodb.client.internal.ClientSessionBinding.getConnectionSource(ClientSessionBinding.java:108)
	at com.mongodb.client.internal.ClientSessionBinding.getReadConnectionSource(ClientSessionBinding.java:88)
	at com.mongodb.internal.operation.SyncOperationHelper.withSuppliedResource(SyncOperationHelper.java:148)
	at com.mongodb.internal.operation.SyncOperationHelper.withSourceAndConnection(SyncOperationHelper.java:129)
	at com.mongodb.internal.operation.FindOperation.lambda$execute$2(FindOperation.java:296)
	at com.mongodb.internal.operation.SyncOperationHelper.lambda$decorateReadWithRetries$13(SyncOperationHelper.java:317)
	at com.mongodb.internal.async.function.RetryingSyncSupplier.get(RetryingSyncSupplier.java:67)
	at com.mongodb.internal.operation.FindOperation.execute(FindOperation.java:307)
	at com.mongodb.internal.operation.FindOperation.execute(FindOperation.java:70)
	at com.mongodb.client.internal.MongoClusterImpl$OperationExecutorImpl.execute(MongoClusterImpl.java:358)
	at com.mongodb.client.internal.MongoIterableImpl.execute(MongoIterableImpl.java:156)
	at com.mongodb.client.internal.MongoIterableImpl.iterator(MongoIterableImpl.java:116)
	at org.springframework.data.mongodb.core.MongoTemplate.executeFindMultiInternal(MongoTemplate.java:2920)
	... 41 common frames omitted
2026-09-18 14:54:52 INFO  [room-creation,traceId=,spanId=] [MessageBroker-3] org.mongodb.driver.cluster - Waiting for server to become available for operation with ID 5403. Remaining time: 29999 ms. Selector: ReadPreferenceServerSelector{readPreference=primary}, topology description: {type=REPLICA_SET, servers=[{address=ac-2s659uf-shard-00-02.pvohmlz.mongodb.net:27017, type=UNKNOWN, state=CONNECTING, exception={com.mongodb.MongoSocketException: ac-2s659uf-shard-00-02.pvohmlz.mongodb.net}, caused by {java.net.UnknownHostException: ac-2s659uf-shard-00-02.pvohmlz.mongodb.net}}, {address=ac-2s659uf-shard-00-01.pvohmlz.mongodb.net:27017, type=UNKNOWN, state=CONNECTING, exception={com.mongodb.MongoSocketException: ac-2s659uf-shard-00-01.pvohmlz.mongodb.net}, caused by {java.net.UnknownHostException: ac-2s659uf-shard-00-01.pvohmlz.mongodb.net}}, {address=ac-2s659uf-shard-00-00.pvohmlz.mongodb.net:27017, type=UNKNOWN, state=CONNECTING, exception={com.mongodb.MongoSocketException: ac-2s659uf-shard-00-00.pvohmlz.mongodb.net}, caused by {java.net.UnknownHostException: ac-2s659uf-shard-00-00.pvohmlz.mongodb.net}}].
2026-09-18 14:55:22 ERROR [room-creation,traceId=,spanId=] [MessageBroker-3] o.s.s.s.TaskUtils$LoggingErrorHandler - Unexpected error occurred in scheduled task
org.springframework.dao.DataAccessResourceFailureException: Timed out while waiting for a server that matches ReadPreferenceServerSelector{readPreference=primary}. Client view of cluster state is {type=REPLICA_SET, servers=[{address=ac-2s659uf-shard-00-02.pvohmlz.mongodb.net:27017, type=UNKNOWN, state=CONNECTING, exception={com.mongodb.MongoSocketException: ac-2s659uf-shard-00-02.pvohmlz.mongodb.net}, caused by {java.net.UnknownHostException: ac-2s659uf-shard-00-02.pvohmlz.mongodb.net}}, {address=ac-2s659uf-shard-00-01.pvohmlz.mongodb.net:27017, type=UNKNOWN, state=CONNECTING, exception={com.mongodb.MongoSocketException: ac-2s659uf-shard-00-01.pvohmlz.mongodb.net}, caused by {java.net.UnknownHostException: ac-2s659uf-shard-00-01.pvohmlz.mongodb.net}}, {address=ac-2s659uf-shard-00-00.pvohmlz.mongodb.net:27017, type=UNKNOWN, state=CONNECTING, exception={com.mongodb.MongoSocketException: ac-2s659uf-shard-00-00.pvohmlz.mongodb.net}, caused by {java.net.UnknownHostException: ac-2s659uf-shard-00-00.pvohmlz.mongodb.net}}]
	at org.springframework.data.mongodb.core.MongoExceptionTranslator.doTranslateException(MongoExceptionTranslator.java:97)
	at org.springframework.data.mongodb.core.MongoExceptionTranslator.translateExceptionIfPossible(MongoExceptionTranslator.java:74)
	at org.springframework.data.mongodb.core.MongoTemplate.potentiallyConvertRuntimeException(MongoTemplate.java:3008)
	at org.springframework.data.mongodb.core.MongoTemplate.executeFindMultiInternal(MongoTemplate.java:2933)
	at org.springframework.data.mongodb.core.MongoTemplate.doFind(MongoTemplate.java:2631)
	at org.springframework.data.mongodb.core.ExecutableFindOperationSupport$ExecutableFindSupport.doFind(ExecutableFindOperationSupport.java:177)
	at org.springframework.data.mongodb.core.ExecutableFindOperationSupport$ExecutableFindSupport.all(ExecutableFindOperationSupport.java:135)
	at org.springframework.data.mongodb.repository.query.AbstractMongoQuery.lambda$getExecution$4(AbstractMongoQuery.java:226)
	at org.springframework.data.mongodb.repository.query.AbstractMongoQuery.doExecute(AbstractMongoQuery.java:184)
	at org.springframework.data.mongodb.repository.query.AbstractMongoQuery.execute(AbstractMongoQuery.java:156)
	at org.springframework.data.repository.core.support.RepositoryMethodInvoker.doInvoke(RepositoryMethodInvoker.java:170)
	at org.springframework.data.repository.core.support.RepositoryMethodInvoker.invoke(RepositoryMethodInvoker.java:158)
	at org.springframework.data.repository.core.support.QueryExecutorMethodInterceptor.doInvoke(QueryExecutorMethodInterceptor.java:170)
	at org.springframework.data.repository.core.support.QueryExecutorMethodInterceptor.invoke(QueryExecutorMethodInterceptor.java:149)
	at org.springframework.aop.framework.ReflectiveMethodInvocation.proceed(ReflectiveMethodInvocation.java:184)
	at org.springframework.data.projection.DefaultMethodInvokingMethodInterceptor.invoke(DefaultMethodInvokingMethodInterceptor.java:69)
	at org.springframework.aop.framework.ReflectiveMethodInvocation.proceed(ReflectiveMethodInvocation.java:184)
	at org.springframework.data.mongodb.repository.support.CrudMethodMetadataPostProcessor$CrudMethodMetadataPopulatingMethodInterceptor.invoke(CrudMethodMetadataPostProcessor.java:129)
	at org.springframework.aop.framework.ReflectiveMethodInvocation.proceed(ReflectiveMethodInvocation.java:184)
	at org.springframework.aop.framework.JdkDynamicAopProxy.invoke(JdkDynamicAopProxy.java:223)
	at jdk.proxy2/jdk.proxy2.$Proxy131.findByGameStatus(Unknown Source)
	at java.base/jdk.internal.reflect.DirectMethodHandleAccessor.invoke(DirectMethodHandleAccessor.java:103)
	at java.base/java.lang.reflect.Method.invoke(Method.java:580)
	at org.springframework.aop.support.AopUtils.invokeJoinpointUsingReflection(AopUtils.java:359)
	at org.springframework.aop.framework.ReflectiveMethodInvocation.invokeJoinpoint(ReflectiveMethodInvocation.java:196)
	at org.springframework.aop.framework.ReflectiveMethodInvocation.proceed(ReflectiveMethodInvocation.java:163)
	at org.springframework.dao.support.PersistenceExceptionTranslationInterceptor.invoke(PersistenceExceptionTranslationInterceptor.java:138)
	at org.springframework.aop.framework.ReflectiveMethodInvocation.proceed(ReflectiveMethodInvocation.java:184)
	at org.springframework.aop.framework.JdkDynamicAopProxy.invoke(JdkDynamicAopProxy.java:223)
	at jdk.proxy2/jdk.proxy2.$Proxy131.findByGameStatus(Unknown Source)
	at com.sadetech.room_creation.service.RoomService.cleanExpiredRoom(RoomService.java:2018)
	at java.base/jdk.internal.reflect.DirectMethodHandleAccessor.invoke(DirectMethodHandleAccessor.java:103)
	at java.base/java.lang.reflect.Method.invoke(Method.java:580)
	at org.springframework.scheduling.support.ScheduledMethodRunnable.runInternal(ScheduledMethodRunnable.java:130)
	at org.springframework.scheduling.support.ScheduledMethodRunnable.lambda$run$2(ScheduledMethodRunnable.java:124)
	at io.micrometer.observation.Observation.observe(Observation.java:499)
	at org.springframework.scheduling.support.ScheduledMethodRunnable.run(ScheduledMethodRunnable.java:124)
	at org.springframework.scheduling.config.Task$OutcomeTrackingRunnable.run(Task.java:83)
	at org.springframework.scheduling.support.DelegatingErrorHandlingRunnable.run(DelegatingErrorHandlingRunnable.java:54)
	at java.base/java.util.concurrent.Executors$RunnableAdapter.call(Executors.java:572)
	at java.base/java.util.concurrent.FutureTask.runAndReset(FutureTask.java:358)
	at java.base/java.util.concurrent.ScheduledThreadPoolExecutor$ScheduledFutureTask.run(ScheduledThreadPoolExecutor.java:305)
	at java.base/java.util.concurrent.ThreadPoolExecutor.runWorker(ThreadPoolExecutor.java:1144)
	at java.base/java.util.concurrent.ThreadPoolExecutor$Worker.run(ThreadPoolExecutor.java:642)
	at java.base/java.lang.Thread.run(Thread.java:1583)
Caused by: com.mongodb.MongoTimeoutException: Timed out while waiting for a server that matches ReadPreferenceServerSelector{readPreference=primary}. Client view of cluster state is {type=REPLICA_SET, servers=[{address=ac-2s659uf-shard-00-02.pvohmlz.mongodb.net:27017, type=UNKNOWN, state=CONNECTING, exception={com.mongodb.MongoSocketException: ac-2s659uf-shard-00-02.pvohmlz.mongodb.net}, caused by {java.net.UnknownHostException: ac-2s659uf-shard-00-02.pvohmlz.mongodb.net}}, {address=ac-2s659uf-shard-00-01.pvohmlz.mongodb.net:27017, type=UNKNOWN, state=CONNECTING, exception={com.mongodb.MongoSocketException: ac-2s659uf-shard-00-01.pvohmlz.mongodb.net}, caused by {java.net.UnknownHostException: ac-2s659uf-shard-00-01.pvohmlz.mongodb.net}}, {address=ac-2s659uf-shard-00-00.pvohmlz.mongodb.net:27017, type=UNKNOWN, state=CONNECTING, exception={com.mongodb.MongoSocketException: ac-2s659uf-shard-00-00.pvohmlz.mongodb.net}, caused by {java.net.UnknownHostException: ac-2s659uf-shard-00-00.pvohmlz.mongodb.net}}]
	at com.mongodb.internal.connection.BaseCluster.logAndThrowTimeoutException(BaseCluster.java:427)
	at com.mongodb.internal.connection.BaseCluster.lambda$selectServer$0(BaseCluster.java:154)
	at com.mongodb.internal.time.Timeout.lambda$onExistsAndExpired$16(Timeout.java:236)
	at com.mongodb.internal.time.Timeout.lambda$run$10(Timeout.java:201)
	at com.mongodb.internal.time.TimePoint.checkedCall(TimePoint.java:98)
	at com.mongodb.internal.time.Timeout.call(Timeout.java:174)
	at com.mongodb.internal.time.Timeout.run(Timeout.java:194)
	at com.mongodb.internal.time.Timeout.onExistsAndExpired(Timeout.java:233)
	at com.mongodb.internal.time.Timeout.onExpired(Timeout.java:226)
	at com.mongodb.internal.connection.BaseCluster.selectServer(BaseCluster.java:153)
	at com.mongodb.internal.connection.AbstractMultiServerCluster.selectServer(AbstractMultiServerCluster.java:59)
	at com.mongodb.internal.binding.ClusterBinding.getReadConnectionSource(ClusterBinding.java:82)
	at com.mongodb.client.internal.ClientSessionBinding.getConnectionSource(ClientSessionBinding.java:108)
	at com.mongodb.client.internal.ClientSessionBinding.getReadConnectionSource(ClientSessionBinding.java:88)
	at com.mongodb.internal.operation.SyncOperationHelper.withSuppliedResource(SyncOperationHelper.java:148)
	at com.mongodb.internal.operation.SyncOperationHelper.withSourceAndConnection(SyncOperationHelper.java:129)
	at com.mongodb.internal.operation.FindOperation.lambda$execute$2(FindOperation.java:296)
	at com.mongodb.internal.operation.SyncOperationHelper.lambda$decorateReadWithRetries$13(SyncOperationHelper.java:317)
	at com.mongodb.internal.async.function.RetryingSyncSupplier.get(RetryingSyncSupplier.java:67)
	at com.mongodb.internal.operation.FindOperation.execute(FindOperation.java:307)
	at com.mongodb.internal.operation.FindOperation.execute(FindOperation.java:70)
	at com.mongodb.client.internal.MongoClusterImpl$OperationExecutorImpl.execute(MongoClusterImpl.java:358)
	at com.mongodb.client.internal.MongoIterableImpl.execute(MongoIterableImpl.java:156)
	at com.mongodb.client.internal.MongoIterableImpl.iterator(MongoIterableImpl.java:116)
	at org.springframework.data.mongodb.core.MongoTemplate.executeFindMultiInternal(MongoTemplate.java:2920)
	... 41 common frames omitted
2026-09-18 14:55:32 INFO  [room-creation,traceId=,spanId=] [MessageBroker-4] org.mongodb.driver.cluster - Waiting for server to become available for operation with ID 5596. Remaining time: 29999 ms. Selector: ReadPreferenceServerSelector{readPreference=primary}, topology description: {type=REPLICA_SET, servers=[{address=ac-2s659uf-shard-00-02.pvohmlz.mongodb.net:27017, type=UNKNOWN, state=CONNECTING, exception={com.mongodb.MongoSocketException: ac-2s659uf-shard-00-02.pvohmlz.mongodb.net}, caused by {java.net.UnknownHostException: ac-2s659uf-shard-00-02.pvohmlz.mongodb.net}}, {address=ac-2s659uf-shard-00-01.pvohmlz.mongodb.net:27017, type=UNKNOWN, state=CONNECTING, exception={com.mongodb.MongoSocketException: ac-2s659uf-shard-00-01.pvohmlz.mongodb.net}, caused by {java.net.UnknownHostException: ac-2s659uf-shard-00-01.pvohmlz.mongodb.net}}, {address=ac-2s659uf-shard-00-00.pvohmlz.mongodb.net:27017, type=UNKNOWN, state=CONNECTING, exception={com.mongodb.MongoSocketException: ac-2s659uf-shard-00-00.pvohmlz.mongodb.net}, caused by {java.net.UnknownHostException: ac-2s659uf-shard-00-00.pvohmlz.mongodb.net}}].
2026-09-18 14:55:41 INFO  [room-creation,traceId=,spanId=] [cluster-ClusterId{value='6aac31b02fc30302e91c7a35', description='Cluster0'}-ac-2s659uf-shard-00-00.pvohmlz.mongodb.net:27017] org.mongodb.driver.cluster - Exception in monitor thread while connecting to server ac-2s659uf-shard-00-00.pvohmlz.mongodb.net:27017
com.mongodb.MongoSocketException: No such host is known (ac-2s659uf-shard-00-00.pvohmlz.mongodb.net)
	at com.mongodb.internal.connection.ServerAddressHelper.getSocketAddresses(ServerAddressHelper.java:75)
	at com.mongodb.internal.connection.SocketStream.initializeSocket(SocketStream.java:100)
	at com.mongodb.internal.connection.SocketStream.open(SocketStream.java:79)
	at com.mongodb.internal.connection.InternalStreamConnection.open(InternalStreamConnection.java:233)
	at com.mongodb.internal.connection.DefaultServerMonitor$ServerMonitor.lookupServerDescription(DefaultServerMonitor.java:219)
	at com.mongodb.internal.connection.DefaultServerMonitor$ServerMonitor.run(DefaultServerMonitor.java:176)
Caused by: java.net.UnknownHostException: No such host is known (ac-2s659uf-shard-00-00.pvohmlz.mongodb.net)
	at java.base/java.net.Inet6AddressImpl.lookupAllHostAddr(Native Method)
	at java.base/java.net.Inet6AddressImpl.lookupAllHostAddr(Inet6AddressImpl.java:52)
	at java.base/java.net.InetAddress$PlatformResolver.lookupByName(InetAddress.java:1211)
	at java.base/java.net.InetAddress.getAddressesFromNameService(InetAddress.java:1828)
	at java.base/java.net.InetAddress$NameServiceAddresses.get(InetAddress.java:1139)
	at java.base/java.net.InetAddress.getAllByName0(InetAddress.java:1818)
	at java.base/java.net.InetAddress.getAllByName(InetAddress.java:1688)
	at com.mongodb.internal.connection.DefaultInetAddressResolver.lookupByName(DefaultInetAddressResolver.java:34)
	at com.mongodb.internal.connection.ServerAddressHelper.getSocketAddresses(ServerAddressHelper.java:71)
	... 5 common frames omitted
2026-09-18 14:55:41 INFO  [room-creation,traceId=,spanId=] [cluster-ClusterId{value='6aac31b02fc30302e91c7a35', description='Cluster0'}-ac-2s659uf-shard-00-00.pvohmlz.mongodb.net:27017] org.mongodb.driver.cluster - Exception in monitor thread while connecting to server ac-2s659uf-shard-00-00.pvohmlz.mongodb.net:27017
com.mongodb.MongoSocketException: ac-2s659uf-shard-00-00.pvohmlz.mongodb.net
	at com.mongodb.internal.connection.ServerAddressHelper.getSocketAddresses(ServerAddressHelper.java:75)
	at com.mongodb.internal.connection.SocketStream.initializeSocket(SocketStream.java:100)
	at com.mongodb.internal.connection.SocketStream.open(SocketStream.java:79)
	at com.mongodb.internal.connection.InternalStreamConnection.open(InternalStreamConnection.java:233)
	at com.mongodb.internal.connection.DefaultServerMonitor$ServerMonitor.lookupServerDescription(DefaultServerMonitor.java:219)
	at com.mongodb.internal.connection.DefaultServerMonitor$ServerMonitor.run(DefaultServerMonitor.java:176)
Caused by: java.net.UnknownHostException: ac-2s659uf-shard-00-00.pvohmlz.mongodb.net
	at java.base/java.net.InetAddress$CachedLookup.get(InetAddress.java:988)
	at java.base/java.net.InetAddress.getAllByName0(InetAddress.java:1818)
	at java.base/java.net.InetAddress.getAllByName(InetAddress.java:1688)
	at com.mongodb.internal.connection.DefaultInetAddressResolver.lookupByName(DefaultInetAddressResolver.java:34)
	at com.mongodb.internal.connection.ServerAddressHelper.getSocketAddresses(ServerAddressHelper.java:71)
	... 5 common frames omitted
2026-09-18 14:55:51 INFO  [room-creation,traceId=,spanId=] [cluster-ClusterId{value='6aac31b02fc30302e91c7a35', description='Cluster0'}-ac-2s659uf-shard-00-00.pvohmlz.mongodb.net:27017] org.mongodb.driver.cluster - Exception in monitor thread while connecting to server ac-2s659uf-shard-00-00.pvohmlz.mongodb.net:27017
com.mongodb.MongoSocketException: No such host is known (ac-2s659uf-shard-00-00.pvohmlz.mongodb.net)
	at com.mongodb.internal.connection.ServerAddressHelper.getSocketAddresses(ServerAddressHelper.java:75)
	at com.mongodb.internal.connection.SocketStream.initializeSocket(SocketStream.java:100)
	at com.mongodb.internal.connection.SocketStream.open(SocketStream.java:79)
	at com.mongodb.internal.connection.InternalStreamConnection.open(InternalStreamConnection.java:233)
	at com.mongodb.internal.connection.DefaultServerMonitor$ServerMonitor.lookupServerDescription(DefaultServerMonitor.java:219)
	at com.mongodb.internal.connection.DefaultServerMonitor$ServerMonitor.run(DefaultServerMonitor.java:176)
Caused by: java.net.UnknownHostException: No such host is known (ac-2s659uf-shard-00-00.pvohmlz.mongodb.net)
	at java.base/java.net.Inet6AddressImpl.lookupAllHostAddr(Native Method)
	at java.base/java.net.Inet6AddressImpl.lookupAllHostAddr(Inet6AddressImpl.java:52)
	at java.base/java.net.InetAddress$PlatformResolver.lookupByName(InetAddress.java:1211)
	at java.base/java.net.InetAddress.getAddressesFromNameService(InetAddress.java:1828)
	at java.base/java.net.InetAddress$NameServiceAddresses.get(InetAddress.java:1139)
	at java.base/java.net.InetAddress.getAllByName0(InetAddress.java:1818)
	at java.base/java.net.InetAddress.getAllByName(InetAddress.java:1688)
	at com.mongodb.internal.connection.DefaultInetAddressResolver.lookupByName(DefaultInetAddressResolver.java:34)
	at com.mongodb.internal.connection.ServerAddressHelper.getSocketAddresses(ServerAddressHelper.java:71)
	... 5 common frames omitted
2026-09-18 14:55:51 INFO  [room-creation,traceId=,spanId=] [cluster-ClusterId{value='6aac31b02fc30302e91c7a35', description='Cluster0'}-ac-2s659uf-shard-00-00.pvohmlz.mongodb.net:27017] org.mongodb.driver.cluster - Exception in monitor thread while connecting to server ac-2s659uf-shard-00-00.pvohmlz.mongodb.net:27017
com.mongodb.MongoSocketException: ac-2s659uf-shard-00-00.pvohmlz.mongodb.net
	at com.mongodb.internal.connection.ServerAddressHelper.getSocketAddresses(ServerAddressHelper.java:75)
	at com.mongodb.internal.connection.SocketStream.initializeSocket(SocketStream.java:100)
	at com.mongodb.internal.connection.SocketStream.open(SocketStream.java:79)
	at com.mongodb.internal.connection.InternalStreamConnection.open(InternalStreamConnection.java:233)
	at com.mongodb.internal.connection.DefaultServerMonitor$ServerMonitor.lookupServerDescription(DefaultServerMonitor.java:219)
	at com.mongodb.internal.connection.DefaultServerMonitor$ServerMonitor.run(DefaultServerMonitor.java:176)
Caused by: java.net.UnknownHostException: ac-2s659uf-shard-00-00.pvohmlz.mongodb.net
	at java.base/java.net.InetAddress$CachedLookup.get(InetAddress.java:988)
	at java.base/java.net.InetAddress.getAllByName0(InetAddress.java:1818)
	at java.base/java.net.InetAddress.getAllByName(InetAddress.java:1688)
	at com.mongodb.internal.connection.DefaultInetAddressResolver.lookupByName(DefaultInetAddressResolver.java:34)
	at com.mongodb.internal.connection.ServerAddressHelper.getSocketAddresses(ServerAddressHelper.java:71)
	... 5 common frames omitted
2026-09-18 14:56:01 INFO  [room-creation,traceId=,spanId=] [cluster-ClusterId{value='6aac31b02fc30302e91c7a35', description='Cluster0'}-ac-2s659uf-shard-00-00.pvohmlz.mongodb.net:27017] org.mongodb.driver.cluster - Exception in monitor thread while connecting to server ac-2s659uf-shard-00-00.pvohmlz.mongodb.net:27017
com.mongodb.MongoSocketException: No such host is known (ac-2s659uf-shard-00-00.pvohmlz.mongodb.net)
	at com.mongodb.internal.connection.ServerAddressHelper.getSocketAddresses(ServerAddressHelper.java:75)
	at com.mongodb.internal.connection.SocketStream.initializeSocket(SocketStream.java:100)
	at com.mongodb.internal.connection.SocketStream.open(SocketStream.java:79)
	at com.mongodb.internal.connection.InternalStreamConnection.open(InternalStreamConnection.java:233)
	at com.mongodb.internal.connection.DefaultServerMonitor$ServerMonitor.lookupServerDescription(DefaultServerMonitor.java:219)
	at com.mongodb.internal.connection.DefaultServerMonitor$ServerMonitor.run(DefaultServerMonitor.java:176)
Caused by: java.net.UnknownHostException: No such host is known (ac-2s659uf-shard-00-00.pvohmlz.mongodb.net)
	at java.base/java.net.Inet6AddressImpl.lookupAllHostAddr(Native Method)
	at java.base/java.net.Inet6AddressImpl.lookupAllHostAddr(Inet6AddressImpl.java:52)
	at java.base/java.net.InetAddress$PlatformResolver.lookupByName(InetAddress.java:1211)
	at java.base/java.net.InetAddress.getAddressesFromNameService(InetAddress.java:1828)
	at java.base/java.net.InetAddress$NameServiceAddresses.get(InetAddress.java:1139)
	at java.base/java.net.InetAddress.getAllByName0(InetAddress.java:1818)
	at java.base/java.net.InetAddress.getAllByName(InetAddress.java:1688)
	at com.mongodb.internal.connection.DefaultInetAddressResolver.lookupByName(DefaultInetAddressResolver.java:34)
	at com.mongodb.internal.connection.ServerAddressHelper.getSocketAddresses(ServerAddressHelper.java:71)
	... 5 common frames omitted
2026-09-18 14:56:02 INFO  [room-creation,traceId=,spanId=] [cluster-ClusterId{value='6aac31b02fc30302e91c7a35', description='Cluster0'}-ac-2s659uf-shard-00-00.pvohmlz.mongodb.net:27017] org.mongodb.driver.cluster - Exception in monitor thread while connecting to server ac-2s659uf-shard-00-00.pvohmlz.mongodb.net:27017
com.mongodb.MongoSocketException: ac-2s659uf-shard-00-00.pvohmlz.mongodb.net
	at com.mongodb.internal.connection.ServerAddressHelper.getSocketAddresses(ServerAddressHelper.java:75)
	at com.mongodb.internal.connection.SocketStream.initializeSocket(SocketStream.java:100)
	at com.mongodb.internal.connection.SocketStream.open(SocketStream.java:79)
	at com.mongodb.internal.connection.InternalStreamConnection.open(InternalStreamConnection.java:233)
	at com.mongodb.internal.connection.DefaultServerMonitor$ServerMonitor.lookupServerDescription(DefaultServerMonitor.java:219)
	at com.mongodb.internal.connection.DefaultServerMonitor$ServerMonitor.run(DefaultServerMonitor.java:176)
Caused by: java.net.UnknownHostException: ac-2s659uf-shard-00-00.pvohmlz.mongodb.net
	at java.base/java.net.InetAddress$CachedLookup.get(InetAddress.java:988)
	at java.base/java.net.InetAddress.getAllByName0(InetAddress.java:1818)
	at java.base/java.net.InetAddress.getAllByName(InetAddress.java:1688)
	at com.mongodb.internal.connection.DefaultInetAddressResolver.lookupByName(DefaultInetAddressResolver.java:34)
	at com.mongodb.internal.connection.ServerAddressHelper.getSocketAddresses(ServerAddressHelper.java:71)
	... 5 common frames omitted
2026-09-18 14:56:02 ERROR [room-creation,traceId=,spanId=] [MessageBroker-4] o.s.s.s.TaskUtils$LoggingErrorHandler - Unexpected error occurred in scheduled task
org.springframework.dao.DataAccessResourceFailureException: Timed out while waiting for a server that matches ReadPreferenceServerSelector{readPreference=primary}. Client view of cluster state is {type=REPLICA_SET, servers=[{address=ac-2s659uf-shard-00-02.pvohmlz.mongodb.net:27017, type=UNKNOWN, state=CONNECTING, exception={com.mongodb.MongoSocketException: ac-2s659uf-shard-00-02.pvohmlz.mongodb.net}, caused by {java.net.UnknownHostException: ac-2s659uf-shard-00-02.pvohmlz.mongodb.net}}, {address=ac-2s659uf-shard-00-01.pvohmlz.mongodb.net:27017, type=UNKNOWN, state=CONNECTING, exception={com.mongodb.MongoSocketException: ac-2s659uf-shard-00-01.pvohmlz.mongodb.net}, caused by {java.net.UnknownHostException: ac-2s659uf-shard-00-01.pvohmlz.mongodb.net}}, {address=ac-2s659uf-shard-00-00.pvohmlz.mongodb.net:27017, type=UNKNOWN, state=CONNECTING, exception={com.mongodb.MongoSocketException: ac-2s659uf-shard-00-00.pvohmlz.mongodb.net}, caused by {java.net.UnknownHostException: ac-2s659uf-shard-00-00.pvohmlz.mongodb.net}}]
	at org.springframework.data.mongodb.core.MongoExceptionTranslator.doTranslateException(MongoExceptionTranslator.java:97)
	at org.springframework.data.mongodb.core.MongoExceptionTranslator.translateExceptionIfPossible(MongoExceptionTranslator.java:74)
	at org.springframework.data.mongodb.core.MongoTemplate.potentiallyConvertRuntimeException(MongoTemplate.java:3008)
	at org.springframework.data.mongodb.core.MongoTemplate.executeFindMultiInternal(MongoTemplate.java:2933)
	at org.springframework.data.mongodb.core.MongoTemplate.doFind(MongoTemplate.java:2631)
	at org.springframework.data.mongodb.core.ExecutableFindOperationSupport$ExecutableFindSupport.doFind(ExecutableFindOperationSupport.java:177)
	at org.springframework.data.mongodb.core.ExecutableFindOperationSupport$ExecutableFindSupport.all(ExecutableFindOperationSupport.java:135)
	at org.springframework.data.mongodb.repository.query.AbstractMongoQuery.lambda$getExecution$4(AbstractMongoQuery.java:226)
	at org.springframework.data.mongodb.repository.query.AbstractMongoQuery.doExecute(AbstractMongoQuery.java:184)
	at org.springframework.data.mongodb.repository.query.AbstractMongoQuery.execute(AbstractMongoQuery.java:156)
	at org.springframework.data.repository.core.support.RepositoryMethodInvoker.doInvoke(RepositoryMethodInvoker.java:170)
	at org.springframework.data.repository.core.support.RepositoryMethodInvoker.invoke(RepositoryMethodInvoker.java:158)
	at org.springframework.data.repository.core.support.QueryExecutorMethodInterceptor.doInvoke(QueryExecutorMethodInterceptor.java:170)
	at org.springframework.data.repository.core.support.QueryExecutorMethodInterceptor.invoke(QueryExecutorMethodInterceptor.java:149)
	at org.springframework.aop.framework.ReflectiveMethodInvocation.proceed(ReflectiveMethodInvocation.java:184)
	at org.springframework.data.projection.DefaultMethodInvokingMethodInterceptor.invoke(DefaultMethodInvokingMethodInterceptor.java:69)
	at org.springframework.aop.framework.ReflectiveMethodInvocation.proceed(ReflectiveMethodInvocation.java:184)
	at org.springframework.data.mongodb.repository.support.CrudMethodMetadataPostProcessor$CrudMethodMetadataPopulatingMethodInterceptor.invoke(CrudMethodMetadataPostProcessor.java:129)
	at org.springframework.aop.framework.ReflectiveMethodInvocation.proceed(ReflectiveMethodInvocation.java:184)
	at org.springframework.aop.framework.JdkDynamicAopProxy.invoke(JdkDynamicAopProxy.java:223)
	at jdk.proxy2/jdk.proxy2.$Proxy131.findByGameStatus(Unknown Source)
	at java.base/jdk.internal.reflect.DirectMethodHandleAccessor.invoke(DirectMethodHandleAccessor.java:103)
	at java.base/java.lang.reflect.Method.invoke(Method.java:580)
	at org.springframework.aop.support.AopUtils.invokeJoinpointUsingReflection(AopUtils.java:359)
	at org.springframework.aop.framework.ReflectiveMethodInvocation.invokeJoinpoint(ReflectiveMethodInvocation.java:196)
	at org.springframework.aop.framework.ReflectiveMethodInvocation.proceed(ReflectiveMethodInvocation.java:163)
	at org.springframework.dao.support.PersistenceExceptionTranslationInterceptor.invoke(PersistenceExceptionTranslationInterceptor.java:138)
	at org.springframework.aop.framework.ReflectiveMethodInvocation.proceed(ReflectiveMethodInvocation.java:184)
	at org.springframework.aop.framework.JdkDynamicAopProxy.invoke(JdkDynamicAopProxy.java:223)
	at jdk.proxy2/jdk.proxy2.$Proxy131.findByGameStatus(Unknown Source)
	at com.sadetech.room_creation.service.RoomService.cleanExpiredRoom(RoomService.java:2018)
	at java.base/jdk.internal.reflect.DirectMethodHandleAccessor.invoke(DirectMethodHandleAccessor.java:103)
	at java.base/java.lang.reflect.Method.invoke(Method.java:580)
	at org.springframework.scheduling.support.ScheduledMethodRunnable.runInternal(ScheduledMethodRunnable.java:130)
	at org.springframework.scheduling.support.ScheduledMethodRunnable.lambda$run$2(ScheduledMethodRunnable.java:124)
	at io.micrometer.observation.Observation.observe(Observation.java:499)
	at org.springframework.scheduling.support.ScheduledMethodRunnable.run(ScheduledMethodRunnable.java:124)
	at org.springframework.scheduling.config.Task$OutcomeTrackingRunnable.run(Task.java:83)
	at org.springframework.scheduling.support.DelegatingErrorHandlingRunnable.run(DelegatingErrorHandlingRunnable.java:54)
	at java.base/java.util.concurrent.Executors$RunnableAdapter.call(Executors.java:572)
	at java.base/java.util.concurrent.FutureTask.runAndReset(FutureTask.java:358)
	at java.base/java.util.concurrent.ScheduledThreadPoolExecutor$ScheduledFutureTask.run(ScheduledThreadPoolExecutor.java:305)
	at java.base/java.util.concurrent.ThreadPoolExecutor.runWorker(ThreadPoolExecutor.java:1144)
	at java.base/java.util.concurrent.ThreadPoolExecutor$Worker.run(ThreadPoolExecutor.java:642)
	at java.base/java.lang.Thread.run(Thread.java:1583)
Caused by: com.mongodb.MongoTimeoutException: Timed out while waiting for a server that matches ReadPreferenceServerSelector{readPreference=primary}. Client view of cluster state is {type=REPLICA_SET, servers=[{address=ac-2s659uf-shard-00-02.pvohmlz.mongodb.net:27017, type=UNKNOWN, state=CONNECTING, exception={com.mongodb.MongoSocketException: ac-2s659uf-shard-00-02.pvohmlz.mongodb.net}, caused by {java.net.UnknownHostException: ac-2s659uf-shard-00-02.pvohmlz.mongodb.net}}, {address=ac-2s659uf-shard-00-01.pvohmlz.mongodb.net:27017, type=UNKNOWN, state=CONNECTING, exception={com.mongodb.MongoSocketException: ac-2s659uf-shard-00-01.pvohmlz.mongodb.net}, caused by {java.net.UnknownHostException: ac-2s659uf-shard-00-01.pvohmlz.mongodb.net}}, {address=ac-2s659uf-shard-00-00.pvohmlz.mongodb.net:27017, type=UNKNOWN, state=CONNECTING, exception={com.mongodb.MongoSocketException: ac-2s659uf-shard-00-00.pvohmlz.mongodb.net}, caused by {java.net.UnknownHostException: ac-2s659uf-shard-00-00.pvohmlz.mongodb.net}}]
	at com.mongodb.internal.connection.BaseCluster.logAndThrowTimeoutException(BaseCluster.java:427)
	at com.mongodb.internal.connection.BaseCluster.lambda$selectServer$0(BaseCluster.java:154)
	at com.mongodb.internal.time.Timeout.lambda$onExistsAndExpired$16(Timeout.java:236)
	at com.mongodb.internal.time.Timeout.lambda$run$10(Timeout.java:201)
	at com.mongodb.internal.time.TimePoint.checkedCall(TimePoint.java:98)
	at com.mongodb.internal.time.Timeout.call(Timeout.java:174)
	at com.mongodb.internal.time.Timeout.run(Timeout.java:194)
	at com.mongodb.internal.time.Timeout.onExistsAndExpired(Timeout.java:233)
	at com.mongodb.internal.time.Timeout.onExpired(Timeout.java:226)
	at com.mongodb.internal.connection.BaseCluster.selectServer(BaseCluster.java:153)
	at com.mongodb.internal.connection.AbstractMultiServerCluster.selectServer(AbstractMultiServerCluster.java:59)
	at com.mongodb.internal.binding.ClusterBinding.getReadConnectionSource(ClusterBinding.java:82)
	at com.mongodb.client.internal.ClientSessionBinding.getConnectionSource(ClientSessionBinding.java:108)
	at com.mongodb.client.internal.ClientSessionBinding.getReadConnectionSource(ClientSessionBinding.java:88)
	at com.mongodb.internal.operation.SyncOperationHelper.withSuppliedResource(SyncOperationHelper.java:148)
	at com.mongodb.internal.operation.SyncOperationHelper.withSourceAndConnection(SyncOperationHelper.java:129)
	at com.mongodb.internal.operation.FindOperation.lambda$execute$2(FindOperation.java:296)
	at com.mongodb.internal.operation.SyncOperationHelper.lambda$decorateReadWithRetries$13(SyncOperationHelper.java:317)
	at com.mongodb.internal.async.function.RetryingSyncSupplier.get(RetryingSyncSupplier.java:67)
	at com.mongodb.internal.operation.FindOperation.execute(FindOperation.java:307)
	at com.mongodb.internal.operation.FindOperation.execute(FindOperation.java:70)
	at com.mongodb.client.internal.MongoClusterImpl$OperationExecutorImpl.execute(MongoClusterImpl.java:358)
	at com.mongodb.client.internal.MongoIterableImpl.execute(MongoIterableImpl.java:156)
	at com.mongodb.client.internal.MongoIterableImpl.iterator(MongoIterableImpl.java:116)
	at org.springframework.data.mongodb.core.MongoTemplate.executeFindMultiInternal(MongoTemplate.java:2920)
	... 41 common frames omitted
2026-09-18 14:56:12 INFO  [room-creation,traceId=,spanId=] [MessageBroker-1] org.mongodb.driver.cluster - Waiting for server to become available for operation with ID 5789. Remaining time: 29999 ms. Selector: ReadPreferenceServerSelector{readPreference=primary}, topology description: {type=REPLICA_SET, servers=[{address=ac-2s659uf-shard-00-02.pvohmlz.mongodb.net:27017, type=UNKNOWN, state=CONNECTING, exception={com.mongodb.MongoSocketException: ac-2s659uf-shard-00-02.pvohmlz.mongodb.net}, caused by {java.net.UnknownHostException: ac-2s659uf-shard-00-02.pvohmlz.mongodb.net}}, {address=ac-2s659uf-shard-00-01.pvohmlz.mongodb.net:27017, type=UNKNOWN, state=CONNECTING, exception={com.mongodb.MongoSocketException: ac-2s659uf-shard-00-01.pvohmlz.mongodb.net}, caused by {java.net.UnknownHostException: ac-2s659uf-shard-00-01.pvohmlz.mongodb.net}}, {address=ac-2s659uf-shard-00-00.pvohmlz.mongodb.net:27017, type=UNKNOWN, state=CONNECTING, exception={com.mongodb.MongoSocketException: ac-2s659uf-shard-00-00.pvohmlz.mongodb.net}, caused by {java.net.UnknownHostException: ac-2s659uf-shard-00-00.pvohmlz.mongodb.net}}].
2026-09-18 14:56:12 INFO  [room-creation,traceId=,spanId=] [cluster-ClusterId{value='6aac31b02fc30302e91c7a35', description='Cluster0'}-ac-2s659uf-shard-00-00.pvohmlz.mongodb.net:27017] org.mongodb.driver.cluster - Exception in monitor thread while connecting to server ac-2s659uf-shard-00-00.pvohmlz.mongodb.net:27017
com.mongodb.MongoSocketException: No such host is known (ac-2s659uf-shard-00-00.pvohmlz.mongodb.net)
	at com.mongodb.internal.connection.ServerAddressHelper.getSocketAddresses(ServerAddressHelper.java:75)
	at com.mongodb.internal.connection.SocketStream.initializeSocket(SocketStream.java:100)
	at com.mongodb.internal.connection.SocketStream.open(SocketStream.java:79)
	at com.mongodb.internal.connection.InternalStreamConnection.open(InternalStreamConnection.java:233)
	at com.mongodb.internal.connection.DefaultServerMonitor$ServerMonitor.lookupServerDescription(DefaultServerMonitor.java:219)
	at com.mongodb.internal.connection.DefaultServerMonitor$ServerMonitor.run(DefaultServerMonitor.java:176)
Caused by: java.net.UnknownHostException: No such host is known (ac-2s659uf-shard-00-00.pvohmlz.mongodb.net)
	at java.base/java.net.Inet6AddressImpl.lookupAllHostAddr(Native Method)
	at java.base/java.net.Inet6AddressImpl.lookupAllHostAddr(Inet6AddressImpl.java:52)
	at java.base/java.net.InetAddress$PlatformResolver.lookupByName(InetAddress.java:1211)
	at java.base/java.net.InetAddress.getAddressesFromNameService(InetAddress.java:1828)
	at java.base/java.net.InetAddress$NameServiceAddresses.get(InetAddress.java:1139)
	at java.base/java.net.InetAddress.getAllByName0(InetAddress.java:1818)
	at java.base/java.net.InetAddress.getAllByName(InetAddress.java:1688)
	at com.mongodb.internal.connection.DefaultInetAddressResolver.lookupByName(DefaultInetAddressResolver.java:34)
	at com.mongodb.internal.connection.ServerAddressHelper.getSocketAddresses(ServerAddressHelper.java:71)
	... 5 common frames omitted
2026-09-18 14:56:13 INFO  [room-creation,traceId=,spanId=] [cluster-ClusterId{value='6aac31b02fc30302e91c7a35', description='Cluster0'}-ac-2s659uf-shard-00-00.pvohmlz.mongodb.net:27017] org.mongodb.driver.cluster - Exception in monitor thread while connecting to server ac-2s659uf-shard-00-00.pvohmlz.mongodb.net:27017
com.mongodb.MongoSocketException: ac-2s659uf-shard-00-00.pvohmlz.mongodb.net
	at com.mongodb.internal.connection.ServerAddressHelper.getSocketAddresses(ServerAddressHelper.java:75)
	at com.mongodb.internal.connection.SocketStream.initializeSocket(SocketStream.java:100)
	at com.mongodb.internal.connection.SocketStream.open(SocketStream.java:79)
	at com.mongodb.internal.connection.InternalStreamConnection.open(InternalStreamConnection.java:233)
	at com.mongodb.internal.connection.DefaultServerMonitor$ServerMonitor.lookupServerDescription(DefaultServerMonitor.java:219)
	at com.mongodb.internal.connection.DefaultServerMonitor$ServerMonitor.run(DefaultServerMonitor.java:176)
Caused by: java.net.UnknownHostException: ac-2s659uf-shard-00-00.pvohmlz.mongodb.net
	at java.base/java.net.InetAddress$CachedLookup.get(InetAddress.java:988)
	at java.base/java.net.InetAddress.getAllByName0(InetAddress.java:1818)
	at java.base/java.net.InetAddress.getAllByName(InetAddress.java:1688)
	at com.mongodb.internal.connection.DefaultInetAddressResolver.lookupByName(DefaultInetAddressResolver.java:34)
	at com.mongodb.internal.connection.ServerAddressHelper.getSocketAddresses(ServerAddressHelper.java:71)
	... 5 common frames omitted
2026-09-18 14:56:23 INFO  [room-creation,traceId=,spanId=] [cluster-ClusterId{value='6aac31b02fc30302e91c7a35', description='Cluster0'}-ac-2s659uf-shard-00-00.pvohmlz.mongodb.net:27017] org.mongodb.driver.cluster - Exception in monitor thread while connecting to server ac-2s659uf-shard-00-00.pvohmlz.mongodb.net:27017
com.mongodb.MongoSocketException: No such host is known (ac-2s659uf-shard-00-00.pvohmlz.mongodb.net)
	at com.mongodb.internal.connection.ServerAddressHelper.getSocketAddresses(ServerAddressHelper.java:75)
	at com.mongodb.internal.connection.SocketStream.initializeSocket(SocketStream.java:100)
	at com.mongodb.internal.connection.SocketStream.open(SocketStream.java:79)
	at com.mongodb.internal.connection.InternalStreamConnection.open(InternalStreamConnection.java:233)
	at com.mongodb.internal.connection.DefaultServerMonitor$ServerMonitor.lookupServerDescription(DefaultServerMonitor.java:219)
	at com.mongodb.internal.connection.DefaultServerMonitor$ServerMonitor.run(DefaultServerMonitor.java:176)
Caused by: java.net.UnknownHostException: No such host is known (ac-2s659uf-shard-00-00.pvohmlz.mongodb.net)
	at java.base/java.net.Inet6AddressImpl.lookupAllHostAddr(Native Method)
	at java.base/java.net.Inet6AddressImpl.lookupAllHostAddr(Inet6AddressImpl.java:52)
	at java.base/java.net.InetAddress$PlatformResolver.lookupByName(InetAddress.java:1211)
	at java.base/java.net.InetAddress.getAddressesFromNameService(InetAddress.java:1828)
	at java.base/java.net.InetAddress$NameServiceAddresses.get(InetAddress.java:1139)
	at java.base/java.net.InetAddress.getAllByName0(InetAddress.java:1818)
	at java.base/java.net.InetAddress.getAllByName(InetAddress.java:1688)
	at com.mongodb.internal.connection.DefaultInetAddressResolver.lookupByName(DefaultInetAddressResolver.java:34)
	at com.mongodb.internal.connection.ServerAddressHelper.getSocketAddresses(ServerAddressHelper.java:71)
	... 5 common frames omitted
2026-09-18 14:56:23 INFO  [room-creation,traceId=,spanId=] [cluster-ClusterId{value='6aac31b02fc30302e91c7a35', description='Cluster0'}-ac-2s659uf-shard-00-00.pvohmlz.mongodb.net:27017] org.mongodb.driver.cluster - Exception in monitor thread while connecting to server ac-2s659uf-shard-00-00.pvohmlz.mongodb.net:27017
com.mongodb.MongoSocketException: ac-2s659uf-shard-00-00.pvohmlz.mongodb.net
	at com.mongodb.internal.connection.ServerAddressHelper.getSocketAddresses(ServerAddressHelper.java:75)
	at com.mongodb.internal.connection.SocketStream.initializeSocket(SocketStream.java:100)
	at com.mongodb.internal.connection.SocketStream.open(SocketStream.java:79)
	at com.mongodb.internal.connection.InternalStreamConnection.open(InternalStreamConnection.java:233)
	at com.mongodb.internal.connection.DefaultServerMonitor$ServerMonitor.lookupServerDescription(DefaultServerMonitor.java:219)
	at com.mongodb.internal.connection.DefaultServerMonitor$ServerMonitor.run(DefaultServerMonitor.java:176)
Caused by: java.net.UnknownHostException: ac-2s659uf-shard-00-00.pvohmlz.mongodb.net
	at java.base/java.net.InetAddress$CachedLookup.get(InetAddress.java:988)
	at java.base/java.net.InetAddress.getAllByName0(InetAddress.java:1818)
	at java.base/java.net.InetAddress.getAllByName(InetAddress.java:1688)
	at com.mongodb.internal.connection.DefaultInetAddressResolver.lookupByName(DefaultInetAddressResolver.java:34)
	at com.mongodb.internal.connection.ServerAddressHelper.getSocketAddresses(ServerAddressHelper.java:71)
	... 5 common frames omitted
2026-09-18 14:56:33 INFO  [room-creation,traceId=,spanId=] [cluster-ClusterId{value='6aac31b02fc30302e91c7a35', description='Cluster0'}-ac-2s659uf-shard-00-00.pvohmlz.mongodb.net:27017] org.mongodb.driver.cluster - Exception in monitor thread while connecting to server ac-2s659uf-shard-00-00.pvohmlz.mongodb.net:27017
com.mongodb.MongoSocketException: No such host is known (ac-2s659uf-shard-00-00.pvohmlz.mongodb.net)
	at com.mongodb.internal.connection.ServerAddressHelper.getSocketAddresses(ServerAddressHelper.java:75)
	at com.mongodb.internal.connection.SocketStream.initializeSocket(SocketStream.java:100)
	at com.mongodb.internal.connection.SocketStream.open(SocketStream.java:79)
	at com.mongodb.internal.connection.InternalStreamConnection.open(InternalStreamConnection.java:233)
	at com.mongodb.internal.connection.DefaultServerMonitor$ServerMonitor.lookupServerDescription(DefaultServerMonitor.java:219)
	at com.mongodb.internal.connection.DefaultServerMonitor$ServerMonitor.run(DefaultServerMonitor.java:176)
Caused by: java.net.UnknownHostException: No such host is known (ac-2s659uf-shard-00-00.pvohmlz.mongodb.net)
	at java.base/java.net.Inet6AddressImpl.lookupAllHostAddr(Native Method)
	at java.base/java.net.Inet6AddressImpl.lookupAllHostAddr(Inet6AddressImpl.java:52)
	at java.base/java.net.InetAddress$PlatformResolver.lookupByName(InetAddress.java:1211)
	at java.base/java.net.InetAddress.getAddressesFromNameService(InetAddress.java:1828)
	at java.base/java.net.InetAddress$NameServiceAddresses.get(InetAddress.java:1139)
	at java.base/java.net.InetAddress.getAllByName0(InetAddress.java:1818)
	at java.base/java.net.InetAddress.getAllByName(InetAddress.java:1688)
	at com.mongodb.internal.connection.DefaultInetAddressResolver.lookupByName(DefaultInetAddressResolver.java:34)
	at com.mongodb.internal.connection.ServerAddressHelper.getSocketAddresses(ServerAddressHelper.java:71)
	... 5 common frames omitted
2026-09-18 14:56:33 INFO  [room-creation,traceId=,spanId=] [cluster-ClusterId{value='6aac31b02fc30302e91c7a35', description='Cluster0'}-ac-2s659uf-shard-00-00.pvohmlz.mongodb.net:27017] org.mongodb.driver.cluster - Exception in monitor thread while connecting to server ac-2s659uf-shard-00-00.pvohmlz.mongodb.net:27017
com.mongodb.MongoSocketException: ac-2s659uf-shard-00-00.pvohmlz.mongodb.net
	at com.mongodb.internal.connection.ServerAddressHelper.getSocketAddresses(ServerAddressHelper.java:75)
	at com.mongodb.internal.connection.SocketStream.initializeSocket(SocketStream.java:100)
	at com.mongodb.internal.connection.SocketStream.open(SocketStream.java:79)
	at com.mongodb.internal.connection.InternalStreamConnection.open(InternalStreamConnection.java:233)
	at com.mongodb.internal.connection.DefaultServerMonitor$ServerMonitor.lookupServerDescription(DefaultServerMonitor.java:219)
	at com.mongodb.internal.connection.DefaultServerMonitor$ServerMonitor.run(DefaultServerMonitor.java:176)
Caused by: java.net.UnknownHostException: ac-2s659uf-shard-00-00.pvohmlz.mongodb.net
	at java.base/java.net.InetAddress$CachedLookup.get(InetAddress.java:988)
	at java.base/java.net.InetAddress.getAllByName0(InetAddress.java:1818)
	at java.base/java.net.InetAddress.getAllByName(InetAddress.java:1688)
	at com.mongodb.internal.connection.DefaultInetAddressResolver.lookupByName(DefaultInetAddressResolver.java:34)
	at com.mongodb.internal.connection.ServerAddressHelper.getSocketAddresses(ServerAddressHelper.java:71)
	... 5 common frames omitted
2026-09-18 14:56:42 ERROR [room-creation,traceId=,spanId=] [MessageBroker-1] o.s.s.s.TaskUtils$LoggingErrorHandler - Unexpected error occurred in scheduled task
org.springframework.dao.DataAccessResourceFailureException: Timed out while waiting for a server that matches ReadPreferenceServerSelector{readPreference=primary}. Client view of cluster state is {type=REPLICA_SET, servers=[{address=ac-2s659uf-shard-00-02.pvohmlz.mongodb.net:27017, type=UNKNOWN, state=CONNECTING, exception={com.mongodb.MongoSocketException: ac-2s659uf-shard-00-02.pvohmlz.mongodb.net}, caused by {java.net.UnknownHostException: ac-2s659uf-shard-00-02.pvohmlz.mongodb.net}}, {address=ac-2s659uf-shard-00-01.pvohmlz.mongodb.net:27017, type=UNKNOWN, state=CONNECTING, exception={com.mongodb.MongoSocketException: ac-2s659uf-shard-00-01.pvohmlz.mongodb.net}, caused by {java.net.UnknownHostException: ac-2s659uf-shard-00-01.pvohmlz.mongodb.net}}, {address=ac-2s659uf-shard-00-00.pvohmlz.mongodb.net:27017, type=UNKNOWN, state=CONNECTING, exception={com.mongodb.MongoSocketException: ac-2s659uf-shard-00-00.pvohmlz.mongodb.net}, caused by {java.net.UnknownHostException: ac-2s659uf-shard-00-00.pvohmlz.mongodb.net}}]
	at org.springframework.data.mongodb.core.MongoExceptionTranslator.doTranslateException(MongoExceptionTranslator.java:97)
	at org.springframework.data.mongodb.core.MongoExceptionTranslator.translateExceptionIfPossible(MongoExceptionTranslator.java:74)
	at org.springframework.data.mongodb.core.MongoTemplate.potentiallyConvertRuntimeException(MongoTemplate.java:3008)
	at org.springframework.data.mongodb.core.MongoTemplate.executeFindMultiInternal(MongoTemplate.java:2933)
	at org.springframework.data.mongodb.core.MongoTemplate.doFind(MongoTemplate.java:2631)
	at org.springframework.data.mongodb.core.ExecutableFindOperationSupport$ExecutableFindSupport.doFind(ExecutableFindOperationSupport.java:177)
	at org.springframework.data.mongodb.core.ExecutableFindOperationSupport$ExecutableFindSupport.all(ExecutableFindOperationSupport.java:135)
	at org.springframework.data.mongodb.repository.query.AbstractMongoQuery.lambda$getExecution$4(AbstractMongoQuery.java:226)
	at org.springframework.data.mongodb.repository.query.AbstractMongoQuery.doExecute(AbstractMongoQuery.java:184)
	at org.springframework.data.mongodb.repository.query.AbstractMongoQuery.execute(AbstractMongoQuery.java:156)
	at org.springframework.data.repository.core.support.RepositoryMethodInvoker.doInvoke(RepositoryMethodInvoker.java:170)
	at org.springframework.data.repository.core.support.RepositoryMethodInvoker.invoke(RepositoryMethodInvoker.java:158)
	at org.springframework.data.repository.core.support.QueryExecutorMethodInterceptor.doInvoke(QueryExecutorMethodInterceptor.java:170)
	at org.springframework.data.repository.core.support.QueryExecutorMethodInterceptor.invoke(QueryExecutorMethodInterceptor.java:149)
	at org.springframework.aop.framework.ReflectiveMethodInvocation.proceed(ReflectiveMethodInvocation.java:184)
	at org.springframework.data.projection.DefaultMethodInvokingMethodInterceptor.invoke(DefaultMethodInvokingMethodInterceptor.java:69)
	at org.springframework.aop.framework.ReflectiveMethodInvocation.proceed(ReflectiveMethodInvocation.java:184)
	at org.springframework.data.mongodb.repository.support.CrudMethodMetadataPostProcessor$CrudMethodMetadataPopulatingMethodInterceptor.invoke(CrudMethodMetadataPostProcessor.java:129)
	at org.springframework.aop.framework.ReflectiveMethodInvocation.proceed(ReflectiveMethodInvocation.java:184)
	at org.springframework.aop.framework.JdkDynamicAopProxy.invoke(JdkDynamicAopProxy.java:223)
	at jdk.proxy2/jdk.proxy2.$Proxy131.findByGameStatus(Unknown Source)
	at java.base/jdk.internal.reflect.DirectMethodHandleAccessor.invoke(DirectMethodHandleAccessor.java:103)
	at java.base/java.lang.reflect.Method.invoke(Method.java:580)
	at org.springframework.aop.support.AopUtils.invokeJoinpointUsingReflection(AopUtils.java:359)
	at org.springframework.aop.framework.ReflectiveMethodInvocation.invokeJoinpoint(ReflectiveMethodInvocation.java:196)
	at org.springframework.aop.framework.ReflectiveMethodInvocation.proceed(ReflectiveMethodInvocation.java:163)
	at org.springframework.dao.support.PersistenceExceptionTranslationInterceptor.invoke(PersistenceExceptionTranslationInterceptor.java:138)
	at org.springframework.aop.framework.ReflectiveMethodInvocation.proceed(ReflectiveMethodInvocation.java:184)
	at org.springframework.aop.framework.JdkDynamicAopProxy.invoke(JdkDynamicAopProxy.java:223)
	at jdk.proxy2/jdk.proxy2.$Proxy131.findByGameStatus(Unknown Source)
	at com.sadetech.room_creation.service.RoomService.cleanExpiredRoom(RoomService.java:2018)
	at java.base/jdk.internal.reflect.DirectMethodHandleAccessor.invoke(DirectMethodHandleAccessor.java:103)
	at java.base/java.lang.reflect.Method.invoke(Method.java:580)
	at org.springframework.scheduling.support.ScheduledMethodRunnable.runInternal(ScheduledMethodRunnable.java:130)
	at org.springframework.scheduling.support.ScheduledMethodRunnable.lambda$run$2(ScheduledMethodRunnable.java:124)
	at io.micrometer.observation.Observation.observe(Observation.java:499)
	at org.springframework.scheduling.support.ScheduledMethodRunnable.run(ScheduledMethodRunnable.java:124)
	at org.springframework.scheduling.config.Task$OutcomeTrackingRunnable.run(Task.java:83)
	at org.springframework.scheduling.support.DelegatingErrorHandlingRunnable.run(DelegatingErrorHandlingRunnable.java:54)
	at java.base/java.util.concurrent.Executors$RunnableAdapter.call(Executors.java:572)
	at java.base/java.util.concurrent.FutureTask.runAndReset(FutureTask.java:358)
	at java.base/java.util.concurrent.ScheduledThreadPoolExecutor$ScheduledFutureTask.run(ScheduledThreadPoolExecutor.java:305)
	at java.base/java.util.concurrent.ThreadPoolExecutor.runWorker(ThreadPoolExecutor.java:1144)
	at java.base/java.util.concurrent.ThreadPoolExecutor$Worker.run(ThreadPoolExecutor.java:642)
	at java.base/java.lang.Thread.run(Thread.java:1583)
Caused by: com.mongodb.MongoTimeoutException: Timed out while waiting for a server that matches ReadPreferenceServerSelector{readPreference=primary}. Client view of cluster state is {type=REPLICA_SET, servers=[{address=ac-2s659uf-shard-00-02.pvohmlz.mongodb.net:27017, type=UNKNOWN, state=CONNECTING, exception={com.mongodb.MongoSocketException: ac-2s659uf-shard-00-02.pvohmlz.mongodb.net}, caused by {java.net.UnknownHostException: ac-2s659uf-shard-00-02.pvohmlz.mongodb.net}}, {address=ac-2s659uf-shard-00-01.pvohmlz.mongodb.net:27017, type=UNKNOWN, state=CONNECTING, exception={com.mongodb.MongoSocketException: ac-2s659uf-shard-00-01.pvohmlz.mongodb.net}, caused by {java.net.UnknownHostException: ac-2s659uf-shard-00-01.pvohmlz.mongodb.net}}, {address=ac-2s659uf-shard-00-00.pvohmlz.mongodb.net:27017, type=UNKNOWN, state=CONNECTING, exception={com.mongodb.MongoSocketException: ac-2s659uf-shard-00-00.pvohmlz.mongodb.net}, caused by {java.net.UnknownHostException: ac-2s659uf-shard-00-00.pvohmlz.mongodb.net}}]
	at com.mongodb.internal.connection.BaseCluster.logAndThrowTimeoutException(BaseCluster.java:427)
	at com.mongodb.internal.connection.BaseCluster.lambda$selectServer$0(BaseCluster.java:154)
	at com.mongodb.internal.time.Timeout.lambda$onExistsAndExpired$16(Timeout.java:236)
	at com.mongodb.internal.time.Timeout.lambda$run$10(Timeout.java:201)
	at com.mongodb.internal.time.TimePoint.checkedCall(TimePoint.java:98)
	at com.mongodb.internal.time.Timeout.call(Timeout.java:174)
	at com.mongodb.internal.time.Timeout.run(Timeout.java:194)
	at com.mongodb.internal.time.Timeout.onExistsAndExpired(Timeout.java:233)
	at com.mongodb.internal.time.Timeout.onExpired(Timeout.java:226)
	at com.mongodb.internal.connection.BaseCluster.selectServer(BaseCluster.java:153)
	at com.mongodb.internal.connection.AbstractMultiServerCluster.selectServer(AbstractMultiServerCluster.java:59)
	at com.mongodb.internal.binding.ClusterBinding.getReadConnectionSource(ClusterBinding.java:82)
	at com.mongodb.client.internal.ClientSessionBinding.getConnectionSource(ClientSessionBinding.java:108)
	at com.mongodb.client.internal.ClientSessionBinding.getReadConnectionSource(ClientSessionBinding.java:88)
	at com.mongodb.internal.operation.SyncOperationHelper.withSuppliedResource(SyncOperationHelper.java:148)
	at com.mongodb.internal.operation.SyncOperationHelper.withSourceAndConnection(SyncOperationHelper.java:129)
	at com.mongodb.internal.operation.FindOperation.lambda$execute$2(FindOperation.java:296)
	at com.mongodb.internal.operation.SyncOperationHelper.lambda$decorateReadWithRetries$13(SyncOperationHelper.java:317)
	at com.mongodb.internal.async.function.RetryingSyncSupplier.get(RetryingSyncSupplier.java:67)
	at com.mongodb.internal.operation.FindOperation.execute(FindOperation.java:307)
	at com.mongodb.internal.operation.FindOperation.execute(FindOperation.java:70)
	at com.mongodb.client.internal.MongoClusterImpl$OperationExecutorImpl.execute(MongoClusterImpl.java:358)
	at com.mongodb.client.internal.MongoIterableImpl.execute(MongoIterableImpl.java:156)
	at com.mongodb.client.internal.MongoIterableImpl.iterator(MongoIterableImpl.java:116)
	at org.springframework.data.mongodb.core.MongoTemplate.executeFindMultiInternal(MongoTemplate.java:2920)
	... 41 common frames omitted
2026-09-18 14:56:52 INFO  [room-creation,traceId=,spanId=] [MessageBroker-1] org.mongodb.driver.cluster - Waiting for server to become available for operation with ID 5982. Remaining time: 29999 ms. Selector: ReadPreferenceServerSelector{readPreference=primary}, topology description: {type=REPLICA_SET, servers=[{address=ac-2s659uf-shard-00-02.pvohmlz.mongodb.net:27017, type=UNKNOWN, state=CONNECTING, exception={com.mongodb.MongoSocketException: ac-2s659uf-shard-00-02.pvohmlz.mongodb.net}, caused by {java.net.UnknownHostException: ac-2s659uf-shard-00-02.pvohmlz.mongodb.net}}, {address=ac-2s659uf-shard-00-01.pvohmlz.mongodb.net:27017, type=UNKNOWN, state=CONNECTING, exception={com.mongodb.MongoSocketException: ac-2s659uf-shard-00-01.pvohmlz.mongodb.net}, caused by {java.net.UnknownHostException: ac-2s659uf-shard-00-01.pvohmlz.mongodb.net}}, {address=ac-2s659uf-shard-00-00.pvohmlz.mongodb.net:27017, type=UNKNOWN, state=CONNECTING, exception={com.mongodb.MongoSocketException: ac-2s659uf-shard-00-00.pvohmlz.mongodb.net}, caused by {java.net.UnknownHostException: ac-2s659uf-shard-00-00.pvohmlz.mongodb.net}}].
2026-09-18 14:57:10 INFO  [room-creation,traceId=,spanId=] [cluster-ClusterId{value='6aac31b02fc30302e91c7a35', description='Cluster0'}-ac-2s659uf-shard-00-02.pvohmlz.mongodb.net:27017] org.mongodb.driver.cluster - Exception in monitor thread while connecting to server ac-2s659uf-shard-00-02.pvohmlz.mongodb.net:27017
com.mongodb.MongoSocketException: No such host is known (ac-2s659uf-shard-00-02.pvohmlz.mongodb.net)
	at com.mongodb.internal.connection.ServerAddressHelper.getSocketAddresses(ServerAddressHelper.java:75)
	at com.mongodb.internal.connection.SocketStream.initializeSocket(SocketStream.java:100)
	at com.mongodb.internal.connection.SocketStream.open(SocketStream.java:79)
	at com.mongodb.internal.connection.InternalStreamConnection.open(InternalStreamConnection.java:233)
	at com.mongodb.internal.connection.DefaultServerMonitor$ServerMonitor.lookupServerDescription(DefaultServerMonitor.java:219)
	at com.mongodb.internal.connection.DefaultServerMonitor$ServerMonitor.run(DefaultServerMonitor.java:176)
Caused by: java.net.UnknownHostException: No such host is known (ac-2s659uf-shard-00-02.pvohmlz.mongodb.net)
	at java.base/java.net.Inet6AddressImpl.lookupAllHostAddr(Native Method)
	at java.base/java.net.Inet6AddressImpl.lookupAllHostAddr(Inet6AddressImpl.java:52)
	at java.base/java.net.InetAddress$PlatformResolver.lookupByName(InetAddress.java:1211)
	at java.base/java.net.InetAddress.getAddressesFromNameService(InetAddress.java:1828)
	at java.base/java.net.InetAddress$NameServiceAddresses.get(InetAddress.java:1139)
	at java.base/java.net.InetAddress.getAllByName0(InetAddress.java:1818)
	at java.base/java.net.InetAddress.getAllByName(InetAddress.java:1688)
	at com.mongodb.internal.connection.DefaultInetAddressResolver.lookupByName(DefaultInetAddressResolver.java:34)
	at com.mongodb.internal.connection.ServerAddressHelper.getSocketAddresses(ServerAddressHelper.java:71)
	... 5 common frames omitted
2026-09-18 14:57:11 INFO  [room-creation,traceId=,spanId=] [cluster-ClusterId{value='6aac31b02fc30302e91c7a35', description='Cluster0'}-ac-2s659uf-shard-00-02.pvohmlz.mongodb.net:27017] org.mongodb.driver.cluster - Exception in monitor thread while connecting to server ac-2s659uf-shard-00-02.pvohmlz.mongodb.net:27017
com.mongodb.MongoSocketException: ac-2s659uf-shard-00-02.pvohmlz.mongodb.net
	at com.mongodb.internal.connection.ServerAddressHelper.getSocketAddresses(ServerAddressHelper.java:75)
	at com.mongodb.internal.connection.SocketStream.initializeSocket(SocketStream.java:100)
	at com.mongodb.internal.connection.SocketStream.open(SocketStream.java:79)
	at com.mongodb.internal.connection.InternalStreamConnection.open(InternalStreamConnection.java:233)
	at com.mongodb.internal.connection.DefaultServerMonitor$ServerMonitor.lookupServerDescription(DefaultServerMonitor.java:219)
	at com.mongodb.internal.connection.DefaultServerMonitor$ServerMonitor.run(DefaultServerMonitor.java:176)
Caused by: java.net.UnknownHostException: ac-2s659uf-shard-00-02.pvohmlz.mongodb.net
	at java.base/java.net.InetAddress$CachedLookup.get(InetAddress.java:988)
	at java.base/java.net.InetAddress.getAllByName0(InetAddress.java:1818)
	at java.base/java.net.InetAddress.getAllByName(InetAddress.java:1688)
	at com.mongodb.internal.connection.DefaultInetAddressResolver.lookupByName(DefaultInetAddressResolver.java:34)
	at com.mongodb.internal.connection.ServerAddressHelper.getSocketAddresses(ServerAddressHelper.java:71)
	... 5 common frames omitted
2026-09-18 14:57:23 ERROR [room-creation,traceId=,spanId=] [MessageBroker-1] o.s.s.s.TaskUtils$LoggingErrorHandler - Unexpected error occurred in scheduled task
org.springframework.dao.DataAccessResourceFailureException: Timed out while waiting for a server that matches ReadPreferenceServerSelector{readPreference=primary}. Client view of cluster state is {type=REPLICA_SET, servers=[{address=ac-2s659uf-shard-00-02.pvohmlz.mongodb.net:27017, type=UNKNOWN, state=CONNECTING, exception={com.mongodb.MongoSocketException: ac-2s659uf-shard-00-02.pvohmlz.mongodb.net}, caused by {java.net.UnknownHostException: ac-2s659uf-shard-00-02.pvohmlz.mongodb.net}}, {address=ac-2s659uf-shard-00-01.pvohmlz.mongodb.net:27017, type=UNKNOWN, state=CONNECTING, exception={com.mongodb.MongoSocketException: ac-2s659uf-shard-00-01.pvohmlz.mongodb.net}, caused by {java.net.UnknownHostException: ac-2s659uf-shard-00-01.pvohmlz.mongodb.net}}, {address=ac-2s659uf-shard-00-00.pvohmlz.mongodb.net:27017, type=UNKNOWN, state=CONNECTING, exception={com.mongodb.MongoSocketException: ac-2s659uf-shard-00-00.pvohmlz.mongodb.net}, caused by {java.net.UnknownHostException: ac-2s659uf-shard-00-00.pvohmlz.mongodb.net}}]
	at org.springframework.data.mongodb.core.MongoExceptionTranslator.doTranslateException(MongoExceptionTranslator.java:97)
	at org.springframework.data.mongodb.core.MongoExceptionTranslator.translateExceptionIfPossible(MongoExceptionTranslator.java:74)
	at org.springframework.data.mongodb.core.MongoTemplate.potentiallyConvertRuntimeException(MongoTemplate.java:3008)
	at org.springframework.data.mongodb.core.MongoTemplate.executeFindMultiInternal(MongoTemplate.java:2933)
	at org.springframework.data.mongodb.core.MongoTemplate.doFind(MongoTemplate.java:2631)
	at org.springframework.data.mongodb.core.ExecutableFindOperationSupport$ExecutableFindSupport.doFind(ExecutableFindOperationSupport.java:177)
	at org.springframework.data.mongodb.core.ExecutableFindOperationSupport$ExecutableFindSupport.all(ExecutableFindOperationSupport.java:135)
	at org.springframework.data.mongodb.repository.query.AbstractMongoQuery.lambda$getExecution$4(AbstractMongoQuery.java:226)
	at org.springframework.data.mongodb.repository.query.AbstractMongoQuery.doExecute(AbstractMongoQuery.java:184)
	at org.springframework.data.mongodb.repository.query.AbstractMongoQuery.execute(AbstractMongoQuery.java:156)
	at org.springframework.data.repository.core.support.RepositoryMethodInvoker.doInvoke(RepositoryMethodInvoker.java:170)
	at org.springframework.data.repository.core.support.RepositoryMethodInvoker.invoke(RepositoryMethodInvoker.java:158)
	at org.springframework.data.repository.core.support.QueryExecutorMethodInterceptor.doInvoke(QueryExecutorMethodInterceptor.java:170)
	at org.springframework.data.repository.core.support.QueryExecutorMethodInterceptor.invoke(QueryExecutorMethodInterceptor.java:149)
	at org.springframework.aop.framework.ReflectiveMethodInvocation.proceed(ReflectiveMethodInvocation.java:184)
	at org.springframework.data.projection.DefaultMethodInvokingMethodInterceptor.invoke(DefaultMethodInvokingMethodInterceptor.java:69)
	at org.springframework.aop.framework.ReflectiveMethodInvocation.proceed(ReflectiveMethodInvocation.java:184)
	at org.springframework.data.mongodb.repository.support.CrudMethodMetadataPostProcessor$CrudMethodMetadataPopulatingMethodInterceptor.invoke(CrudMethodMetadataPostProcessor.java:129)
	at org.springframework.aop.framework.ReflectiveMethodInvocation.proceed(ReflectiveMethodInvocation.java:184)
	at org.springframework.aop.framework.JdkDynamicAopProxy.invoke(JdkDynamicAopProxy.java:223)
	at jdk.proxy2/jdk.proxy2.$Proxy131.findByGameStatus(Unknown Source)
	at java.base/jdk.internal.reflect.DirectMethodHandleAccessor.invoke(DirectMethodHandleAccessor.java:103)
	at java.base/java.lang.reflect.Method.invoke(Method.java:580)
	at org.springframework.aop.support.AopUtils.invokeJoinpointUsingReflection(AopUtils.java:359)
	at org.springframework.aop.framework.ReflectiveMethodInvocation.invokeJoinpoint(ReflectiveMethodInvocation.java:196)
	at org.springframework.aop.framework.ReflectiveMethodInvocation.proceed(ReflectiveMethodInvocation.java:163)
	at org.springframework.dao.support.PersistenceExceptionTranslationInterceptor.invoke(PersistenceExceptionTranslationInterceptor.java:138)
	at org.springframework.aop.framework.ReflectiveMethodInvocation.proceed(ReflectiveMethodInvocation.java:184)
	at org.springframework.aop.framework.JdkDynamicAopProxy.invoke(JdkDynamicAopProxy.java:223)
	at jdk.proxy2/jdk.proxy2.$Proxy131.findByGameStatus(Unknown Source)
	at com.sadetech.room_creation.service.RoomService.cleanExpiredRoom(RoomService.java:2018)
	at java.base/jdk.internal.reflect.DirectMethodHandleAccessor.invoke(DirectMethodHandleAccessor.java:103)
	at java.base/java.lang.reflect.Method.invoke(Method.java:580)
	at org.springframework.scheduling.support.ScheduledMethodRunnable.runInternal(ScheduledMethodRunnable.java:130)
	at org.springframework.scheduling.support.ScheduledMethodRunnable.lambda$run$2(ScheduledMethodRunnable.java:124)
	at io.micrometer.observation.Observation.observe(Observation.java:499)
	at org.springframework.scheduling.support.ScheduledMethodRunnable.run(ScheduledMethodRunnable.java:124)
	at org.springframework.scheduling.config.Task$OutcomeTrackingRunnable.run(Task.java:83)
	at org.springframework.scheduling.support.DelegatingErrorHandlingRunnable.run(DelegatingErrorHandlingRunnable.java:54)
	at java.base/java.util.concurrent.Executors$RunnableAdapter.call(Executors.java:572)
	at java.base/java.util.concurrent.FutureTask.runAndReset(FutureTask.java:358)
	at java.base/java.util.concurrent.ScheduledThreadPoolExecutor$ScheduledFutureTask.run(ScheduledThreadPoolExecutor.java:305)
	at java.base/java.util.concurrent.ThreadPoolExecutor.runWorker(ThreadPoolExecutor.java:1144)
	at java.base/java.util.concurrent.ThreadPoolExecutor$Worker.run(ThreadPoolExecutor.java:642)
	at java.base/java.lang.Thread.run(Thread.java:1583)
Caused by: com.mongodb.MongoTimeoutException: Timed out while waiting for a server that matches ReadPreferenceServerSelector{readPreference=primary}. Client view of cluster state is {type=REPLICA_SET, servers=[{address=ac-2s659uf-shard-00-02.pvohmlz.mongodb.net:27017, type=UNKNOWN, state=CONNECTING, exception={com.mongodb.MongoSocketException: ac-2s659uf-shard-00-02.pvohmlz.mongodb.net}, caused by {java.net.UnknownHostException: ac-2s659uf-shard-00-02.pvohmlz.mongodb.net}}, {address=ac-2s659uf-shard-00-01.pvohmlz.mongodb.net:27017, type=UNKNOWN, state=CONNECTING, exception={com.mongodb.MongoSocketException: ac-2s659uf-shard-00-01.pvohmlz.mongodb.net}, caused by {java.net.UnknownHostException: ac-2s659uf-shard-00-01.pvohmlz.mongodb.net}}, {address=ac-2s659uf-shard-00-00.pvohmlz.mongodb.net:27017, type=UNKNOWN, state=CONNECTING, exception={com.mongodb.MongoSocketException: ac-2s659uf-shard-00-00.pvohmlz.mongodb.net}, caused by {java.net.UnknownHostException: ac-2s659uf-shard-00-00.pvohmlz.mongodb.net}}]
	at com.mongodb.internal.connection.BaseCluster.logAndThrowTimeoutException(BaseCluster.java:427)
	at com.mongodb.internal.connection.BaseCluster.lambda$selectServer$0(BaseCluster.java:154)
	at com.mongodb.internal.time.Timeout.lambda$onExistsAndExpired$16(Timeout.java:236)
	at com.mongodb.internal.time.Timeout.lambda$run$10(Timeout.java:201)
	at com.mongodb.internal.time.TimePoint.checkedCall(TimePoint.java:98)
	at com.mongodb.internal.time.Timeout.call(Timeout.java:174)
	at com.mongodb.internal.time.Timeout.run(Timeout.java:194)
	at com.mongodb.internal.time.Timeout.onExistsAndExpired(Timeout.java:233)
	at com.mongodb.internal.time.Timeout.onExpired(Timeout.java:226)
	at com.mongodb.internal.connection.BaseCluster.selectServer(BaseCluster.java:153)
	at com.mongodb.internal.connection.AbstractMultiServerCluster.selectServer(AbstractMultiServerCluster.java:59)
	at com.mongodb.internal.binding.ClusterBinding.getReadConnectionSource(ClusterBinding.java:82)
	at com.mongodb.client.internal.ClientSessionBinding.getConnectionSource(ClientSessionBinding.java:108)
	at com.mongodb.client.internal.ClientSessionBinding.getReadConnectionSource(ClientSessionBinding.java:88)
	at com.mongodb.internal.operation.SyncOperationHelper.withSuppliedResource(SyncOperationHelper.java:148)
	at com.mongodb.internal.operation.SyncOperationHelper.withSourceAndConnection(SyncOperationHelper.java:129)
	at com.mongodb.internal.operation.FindOperation.lambda$execute$2(FindOperation.java:296)
	at com.mongodb.internal.operation.SyncOperationHelper.lambda$decorateReadWithRetries$13(SyncOperationHelper.java:317)
	at com.mongodb.internal.async.function.RetryingSyncSupplier.get(RetryingSyncSupplier.java:67)
	at com.mongodb.internal.operation.FindOperation.execute(FindOperation.java:307)
	at com.mongodb.internal.operation.FindOperation.execute(FindOperation.java:70)
	at com.mongodb.client.internal.MongoClusterImpl$OperationExecutorImpl.execute(MongoClusterImpl.java:358)
	at com.mongodb.client.internal.MongoIterableImpl.execute(MongoIterableImpl.java:156)
	at com.mongodb.client.internal.MongoIterableImpl.iterator(MongoIterableImpl.java:116)
	at org.springframework.data.mongodb.core.MongoTemplate.executeFindMultiInternal(MongoTemplate.java:2920)
	... 41 common frames omitted
2026-09-18 14:57:33 INFO  [room-creation,traceId=,spanId=] [MessageBroker-3] org.mongodb.driver.cluster - Waiting for server to become available for operation with ID 6175. Remaining time: 29999 ms. Selector: ReadPreferenceServerSelector{readPreference=primary}, topology description: {type=REPLICA_SET, servers=[{address=ac-2s659uf-shard-00-02.pvohmlz.mongodb.net:27017, type=UNKNOWN, state=CONNECTING, exception={com.mongodb.MongoSocketException: ac-2s659uf-shard-00-02.pvohmlz.mongodb.net}, caused by {java.net.UnknownHostException: ac-2s659uf-shard-00-02.pvohmlz.mongodb.net}}, {address=ac-2s659uf-shard-00-01.pvohmlz.mongodb.net:27017, type=UNKNOWN, state=CONNECTING, exception={com.mongodb.MongoSocketException: ac-2s659uf-shard-00-01.pvohmlz.mongodb.net}, caused by {java.net.UnknownHostException: ac-2s659uf-shard-00-01.pvohmlz.mongodb.net}}, {address=ac-2s659uf-shard-00-00.pvohmlz.mongodb.net:27017, type=UNKNOWN, state=CONNECTING, exception={com.mongodb.MongoSocketException: ac-2s659uf-shard-00-00.pvohmlz.mongodb.net}, caused by {java.net.UnknownHostException: ac-2s659uf-shard-00-00.pvohmlz.mongodb.net}}].
2026-09-18 14:58:03 ERROR [room-creation,traceId=,spanId=] [MessageBroker-3] o.s.s.s.TaskUtils$LoggingErrorHandler - Unexpected error occurred in scheduled task
org.springframework.dao.DataAccessResourceFailureException: Timed out while waiting for a server that matches ReadPreferenceServerSelector{readPreference=primary}. Client view of cluster state is {type=REPLICA_SET, servers=[{address=ac-2s659uf-shard-00-02.pvohmlz.mongodb.net:27017, type=UNKNOWN, state=CONNECTING, exception={com.mongodb.MongoSocketException: ac-2s659uf-shard-00-02.pvohmlz.mongodb.net}, caused by {java.net.UnknownHostException: ac-2s659uf-shard-00-02.pvohmlz.mongodb.net}}, {address=ac-2s659uf-shard-00-01.pvohmlz.mongodb.net:27017, type=UNKNOWN, state=CONNECTING, exception={com.mongodb.MongoSocketException: ac-2s659uf-shard-00-01.pvohmlz.mongodb.net}, caused by {java.net.UnknownHostException: ac-2s659uf-shard-00-01.pvohmlz.mongodb.net}}, {address=ac-2s659uf-shard-00-00.pvohmlz.mongodb.net:27017, type=UNKNOWN, state=CONNECTING, exception={com.mongodb.MongoSocketException: ac-2s659uf-shard-00-00.pvohmlz.mongodb.net}, caused by {java.net.UnknownHostException: ac-2s659uf-shard-00-00.pvohmlz.mongodb.net}}]
	at org.springframework.data.mongodb.core.MongoExceptionTranslator.doTranslateException(MongoExceptionTranslator.java:97)
	at org.springframework.data.mongodb.core.MongoExceptionTranslator.translateExceptionIfPossible(MongoExceptionTranslator.java:74)
	at org.springframework.data.mongodb.core.MongoTemplate.potentiallyConvertRuntimeException(MongoTemplate.java:3008)
	at org.springframework.data.mongodb.core.MongoTemplate.executeFindMultiInternal(MongoTemplate.java:2933)
	at org.springframework.data.mongodb.core.MongoTemplate.doFind(MongoTemplate.java:2631)
	at org.springframework.data.mongodb.core.ExecutableFindOperationSupport$ExecutableFindSupport.doFind(ExecutableFindOperationSupport.java:177)
	at org.springframework.data.mongodb.core.ExecutableFindOperationSupport$ExecutableFindSupport.all(ExecutableFindOperationSupport.java:135)
	at org.springframework.data.mongodb.repository.query.AbstractMongoQuery.lambda$getExecution$4(AbstractMongoQuery.java:226)
	at org.springframework.data.mongodb.repository.query.AbstractMongoQuery.doExecute(AbstractMongoQuery.java:184)
	at org.springframework.data.mongodb.repository.query.AbstractMongoQuery.execute(AbstractMongoQuery.java:156)
	at org.springframework.data.repository.core.support.RepositoryMethodInvoker.doInvoke(RepositoryMethodInvoker.java:170)
	at org.springframework.data.repository.core.support.RepositoryMethodInvoker.invoke(RepositoryMethodInvoker.java:158)
	at org.springframework.data.repository.core.support.QueryExecutorMethodInterceptor.doInvoke(QueryExecutorMethodInterceptor.java:170)
	at org.springframework.data.repository.core.support.QueryExecutorMethodInterceptor.invoke(QueryExecutorMethodInterceptor.java:149)
	at org.springframework.aop.framework.ReflectiveMethodInvocation.proceed(ReflectiveMethodInvocation.java:184)
	at org.springframework.data.projection.DefaultMethodInvokingMethodInterceptor.invoke(DefaultMethodInvokingMethodInterceptor.java:69)
	at org.springframework.aop.framework.ReflectiveMethodInvocation.proceed(ReflectiveMethodInvocation.java:184)
	at org.springframework.data.mongodb.repository.support.CrudMethodMetadataPostProcessor$CrudMethodMetadataPopulatingMethodInterceptor.invoke(CrudMethodMetadataPostProcessor.java:129)
	at org.springframework.aop.framework.ReflectiveMethodInvocation.proceed(ReflectiveMethodInvocation.java:184)
	at org.springframework.aop.framework.JdkDynamicAopProxy.invoke(JdkDynamicAopProxy.java:223)
	at jdk.proxy2/jdk.proxy2.$Proxy131.findByGameStatus(Unknown Source)
	at java.base/jdk.internal.reflect.DirectMethodHandleAccessor.invoke(DirectMethodHandleAccessor.java:103)
	at java.base/java.lang.reflect.Method.invoke(Method.java:580)
	at org.springframework.aop.support.AopUtils.invokeJoinpointUsingReflection(AopUtils.java:359)
	at org.springframework.aop.framework.ReflectiveMethodInvocation.invokeJoinpoint(ReflectiveMethodInvocation.java:196)
	at org.springframework.aop.framework.ReflectiveMethodInvocation.proceed(ReflectiveMethodInvocation.java:163)
	at org.springframework.dao.support.PersistenceExceptionTranslationInterceptor.invoke(PersistenceExceptionTranslationInterceptor.java:138)
	at org.springframework.aop.framework.ReflectiveMethodInvocation.proceed(ReflectiveMethodInvocation.java:184)
	at org.springframework.aop.framework.JdkDynamicAopProxy.invoke(JdkDynamicAopProxy.java:223)
	at jdk.proxy2/jdk.proxy2.$Proxy131.findByGameStatus(Unknown Source)
	at com.sadetech.room_creation.service.RoomService.cleanExpiredRoom(RoomService.java:2018)
	at java.base/jdk.internal.reflect.DirectMethodHandleAccessor.invoke(DirectMethodHandleAccessor.java:103)
	at java.base/java.lang.reflect.Method.invoke(Method.java:580)
	at org.springframework.scheduling.support.ScheduledMethodRunnable.runInternal(ScheduledMethodRunnable.java:130)
	at org.springframework.scheduling.support.ScheduledMethodRunnable.lambda$run$2(ScheduledMethodRunnable.java:124)
	at io.micrometer.observation.Observation.observe(Observation.java:499)
	at org.springframework.scheduling.support.ScheduledMethodRunnable.run(ScheduledMethodRunnable.java:124)
	at org.springframework.scheduling.config.Task$OutcomeTrackingRunnable.run(Task.java:83)
	at org.springframework.scheduling.support.DelegatingErrorHandlingRunnable.run(DelegatingErrorHandlingRunnable.java:54)
	at java.base/java.util.concurrent.Executors$RunnableAdapter.call(Executors.java:572)
	at java.base/java.util.concurrent.FutureTask.runAndReset(FutureTask.java:358)
	at java.base/java.util.concurrent.ScheduledThreadPoolExecutor$ScheduledFutureTask.run(ScheduledThreadPoolExecutor.java:305)
	at java.base/java.util.concurrent.ThreadPoolExecutor.runWorker(ThreadPoolExecutor.java:1144)
	at java.base/java.util.concurrent.ThreadPoolExecutor$Worker.run(ThreadPoolExecutor.java:642)
	at java.base/java.lang.Thread.run(Thread.java:1583)
Caused by: com.mongodb.MongoTimeoutException: Timed out while waiting for a server that matches ReadPreferenceServerSelector{readPreference=primary}. Client view of cluster state is {type=REPLICA_SET, servers=[{address=ac-2s659uf-shard-00-02.pvohmlz.mongodb.net:27017, type=UNKNOWN, state=CONNECTING, exception={com.mongodb.MongoSocketException: ac-2s659uf-shard-00-02.pvohmlz.mongodb.net}, caused by {java.net.UnknownHostException: ac-2s659uf-shard-00-02.pvohmlz.mongodb.net}}, {address=ac-2s659uf-shard-00-01.pvohmlz.mongodb.net:27017, type=UNKNOWN, state=CONNECTING, exception={com.mongodb.MongoSocketException: ac-2s659uf-shard-00-01.pvohmlz.mongodb.net}, caused by {java.net.UnknownHostException: ac-2s659uf-shard-00-01.pvohmlz.mongodb.net}}, {address=ac-2s659uf-shard-00-00.pvohmlz.mongodb.net:27017, type=UNKNOWN, state=CONNECTING, exception={com.mongodb.MongoSocketException: ac-2s659uf-shard-00-00.pvohmlz.mongodb.net}, caused by {java.net.UnknownHostException: ac-2s659uf-shard-00-00.pvohmlz.mongodb.net}}]
	at com.mongodb.internal.connection.BaseCluster.logAndThrowTimeoutException(BaseCluster.java:427)
	at com.mongodb.internal.connection.BaseCluster.lambda$selectServer$0(BaseCluster.java:154)
	at com.mongodb.internal.time.Timeout.lambda$onExistsAndExpired$16(Timeout.java:236)
	at com.mongodb.internal.time.Timeout.lambda$run$10(Timeout.java:201)
	at com.mongodb.internal.time.TimePoint.checkedCall(TimePoint.java:98)
	at com.mongodb.internal.time.Timeout.call(Timeout.java:174)
	at com.mongodb.internal.time.Timeout.run(Timeout.java:194)
	at com.mongodb.internal.time.Timeout.onExistsAndExpired(Timeout.java:233)
	at com.mongodb.internal.time.Timeout.onExpired(Timeout.java:226)
	at com.mongodb.internal.connection.BaseCluster.selectServer(BaseCluster.java:153)
	at com.mongodb.internal.connection.AbstractMultiServerCluster.selectServer(AbstractMultiServerCluster.java:59)
	at com.mongodb.internal.binding.ClusterBinding.getReadConnectionSource(ClusterBinding.java:82)
	at com.mongodb.client.internal.ClientSessionBinding.getConnectionSource(ClientSessionBinding.java:108)
	at com.mongodb.client.internal.ClientSessionBinding.getReadConnectionSource(ClientSessionBinding.java:88)
	at com.mongodb.internal.operation.SyncOperationHelper.withSuppliedResource(SyncOperationHelper.java:148)
	at com.mongodb.internal.operation.SyncOperationHelper.withSourceAndConnection(SyncOperationHelper.java:129)
	at com.mongodb.internal.operation.FindOperation.lambda$execute$2(FindOperation.java:296)
	at com.mongodb.internal.operation.SyncOperationHelper.lambda$decorateReadWithRetries$13(SyncOperationHelper.java:317)
	at com.mongodb.internal.async.function.RetryingSyncSupplier.get(RetryingSyncSupplier.java:67)
	at com.mongodb.internal.operation.FindOperation.execute(FindOperation.java:307)
	at com.mongodb.internal.operation.FindOperation.execute(FindOperation.java:70)
	at com.mongodb.client.internal.MongoClusterImpl$OperationExecutorImpl.execute(MongoClusterImpl.java:358)
	at com.mongodb.client.internal.MongoIterableImpl.execute(MongoIterableImpl.java:156)
	at com.mongodb.client.internal.MongoIterableImpl.iterator(MongoIterableImpl.java:116)
	at org.springframework.data.mongodb.core.MongoTemplate.executeFindMultiInternal(MongoTemplate.java:2920)
	... 41 common frames omitted
2026-09-18 14:58:13 INFO  [room-creation,traceId=,spanId=] [MessageBroker-4] org.mongodb.driver.cluster - Waiting for server to become available for operation with ID 6368. Remaining time: 29999 ms. Selector: ReadPreferenceServerSelector{readPreference=primary}, topology description: {type=REPLICA_SET, servers=[{address=ac-2s659uf-shard-00-02.pvohmlz.mongodb.net:27017, type=UNKNOWN, state=CONNECTING, exception={com.mongodb.MongoSocketException: ac-2s659uf-shard-00-02.pvohmlz.mongodb.net}, caused by {java.net.UnknownHostException: ac-2s659uf-shard-00-02.pvohmlz.mongodb.net}}, {address=ac-2s659uf-shard-00-01.pvohmlz.mongodb.net:27017, type=UNKNOWN, state=CONNECTING, exception={com.mongodb.MongoSocketException: ac-2s659uf-shard-00-01.pvohmlz.mongodb.net}, caused by {java.net.UnknownHostException: ac-2s659uf-shard-00-01.pvohmlz.mongodb.net}}, {address=ac-2s659uf-shard-00-00.pvohmlz.mongodb.net:27017, type=UNKNOWN, state=CONNECTING, exception={com.mongodb.MongoSocketException: ac-2s659uf-shard-00-00.pvohmlz.mongodb.net}, caused by {java.net.UnknownHostException: ac-2s659uf-shard-00-00.pvohmlz.mongodb.net}}].
2026-09-18 14:58:21 INFO  [room-creation,traceId=,spanId=] [cluster-ClusterId{value='6aac31b02fc30302e91c7a35', description='Cluster0'}-ac-2s659uf-shard-00-00.pvohmlz.mongodb.net:27017] org.mongodb.driver.cluster - Exception in monitor thread while connecting to server ac-2s659uf-shard-00-00.pvohmlz.mongodb.net:27017
com.mongodb.MongoSocketException: No such host is known (ac-2s659uf-shard-00-00.pvohmlz.mongodb.net)
	at com.mongodb.internal.connection.ServerAddressHelper.getSocketAddresses(ServerAddressHelper.java:75)
	at com.mongodb.internal.connection.SocketStream.initializeSocket(SocketStream.java:100)
	at com.mongodb.internal.connection.SocketStream.open(SocketStream.java:79)
	at com.mongodb.internal.connection.InternalStreamConnection.open(InternalStreamConnection.java:233)
	at com.mongodb.internal.connection.DefaultServerMonitor$ServerMonitor.lookupServerDescription(DefaultServerMonitor.java:219)
	at com.mongodb.internal.connection.DefaultServerMonitor$ServerMonitor.run(DefaultServerMonitor.java:176)
Caused by: java.net.UnknownHostException: No such host is known (ac-2s659uf-shard-00-00.pvohmlz.mongodb.net)
	at java.base/java.net.Inet6AddressImpl.lookupAllHostAddr(Native Method)
	at java.base/java.net.Inet6AddressImpl.lookupAllHostAddr(Inet6AddressImpl.java:52)
	at java.base/java.net.InetAddress$PlatformResolver.lookupByName(InetAddress.java:1211)
	at java.base/java.net.InetAddress.getAddressesFromNameService(InetAddress.java:1828)
	at java.base/java.net.InetAddress$NameServiceAddresses.get(InetAddress.java:1139)
	at java.base/java.net.InetAddress.getAllByName0(InetAddress.java:1818)
	at java.base/java.net.InetAddress.getAllByName(InetAddress.java:1688)
	at com.mongodb.internal.connection.DefaultInetAddressResolver.lookupByName(DefaultInetAddressResolver.java:34)
	at com.mongodb.internal.connection.ServerAddressHelper.getSocketAddresses(ServerAddressHelper.java:71)
	... 5 common frames omitted
2026-09-18 14:58:21 INFO  [room-creation,traceId=,spanId=] [cluster-ClusterId{value='6aac31b02fc30302e91c7a35', description='Cluster0'}-ac-2s659uf-shard-00-00.pvohmlz.mongodb.net:27017] org.mongodb.driver.cluster - Exception in monitor thread while connecting to server ac-2s659uf-shard-00-00.pvohmlz.mongodb.net:27017
com.mongodb.MongoSocketException: ac-2s659uf-shard-00-00.pvohmlz.mongodb.net
	at com.mongodb.internal.connection.ServerAddressHelper.getSocketAddresses(ServerAddressHelper.java:75)
	at com.mongodb.internal.connection.SocketStream.initializeSocket(SocketStream.java:100)
	at com.mongodb.internal.connection.SocketStream.open(SocketStream.java:79)
	at com.mongodb.internal.connection.InternalStreamConnection.open(InternalStreamConnection.java:233)
	at com.mongodb.internal.connection.DefaultServerMonitor$ServerMonitor.lookupServerDescription(DefaultServerMonitor.java:219)
	at com.mongodb.internal.connection.DefaultServerMonitor$ServerMonitor.run(DefaultServerMonitor.java:176)
Caused by: java.net.UnknownHostException: ac-2s659uf-shard-00-00.pvohmlz.mongodb.net
	at java.base/java.net.InetAddress$CachedLookup.get(InetAddress.java:988)
	at java.base/java.net.InetAddress.getAllByName0(InetAddress.java:1818)
	at java.base/java.net.InetAddress.getAllByName(InetAddress.java:1688)
	at com.mongodb.internal.connection.DefaultInetAddressResolver.lookupByName(DefaultInetAddressResolver.java:34)
	at com.mongodb.internal.connection.ServerAddressHelper.getSocketAddresses(ServerAddressHelper.java:71)
	... 5 common frames omitted
2026-09-18 14:58:31 INFO  [room-creation,traceId=,spanId=] [cluster-ClusterId{value='6aac31b02fc30302e91c7a35', description='Cluster0'}-ac-2s659uf-shard-00-00.pvohmlz.mongodb.net:27017] org.mongodb.driver.cluster - Exception in monitor thread while connecting to server ac-2s659uf-shard-00-00.pvohmlz.mongodb.net:27017
com.mongodb.MongoSocketException: No such host is known (ac-2s659uf-shard-00-00.pvohmlz.mongodb.net)
	at com.mongodb.internal.connection.ServerAddressHelper.getSocketAddresses(ServerAddressHelper.java:75)
	at com.mongodb.internal.connection.SocketStream.initializeSocket(SocketStream.java:100)
	at com.mongodb.internal.connection.SocketStream.open(SocketStream.java:79)
	at com.mongodb.internal.connection.InternalStreamConnection.open(InternalStreamConnection.java:233)
	at com.mongodb.internal.connection.DefaultServerMonitor$ServerMonitor.lookupServerDescription(DefaultServerMonitor.java:219)
	at com.mongodb.internal.connection.DefaultServerMonitor$ServerMonitor.run(DefaultServerMonitor.java:176)
Caused by: java.net.UnknownHostException: No such host is known (ac-2s659uf-shard-00-00.pvohmlz.mongodb.net)
	at java.base/java.net.Inet6AddressImpl.lookupAllHostAddr(Native Method)
	at java.base/java.net.Inet6AddressImpl.lookupAllHostAddr(Inet6AddressImpl.java:52)
	at java.base/java.net.InetAddress$PlatformResolver.lookupByName(InetAddress.java:1211)
	at java.base/java.net.InetAddress.getAddressesFromNameService(InetAddress.java:1828)
	at java.base/java.net.InetAddress$NameServiceAddresses.get(InetAddress.java:1139)
	at java.base/java.net.InetAddress.getAllByName0(InetAddress.java:1818)
	at java.base/java.net.InetAddress.getAllByName(InetAddress.java:1688)
	at com.mongodb.internal.connection.DefaultInetAddressResolver.lookupByName(DefaultInetAddressResolver.java:34)
	at com.mongodb.internal.connection.ServerAddressHelper.getSocketAddresses(ServerAddressHelper.java:71)
	... 5 common frames omitted
2026-09-18 14:58:31 INFO  [room-creation,traceId=,spanId=] [cluster-ClusterId{value='6aac31b02fc30302e91c7a35', description='Cluster0'}-ac-2s659uf-shard-00-00.pvohmlz.mongodb.net:27017] org.mongodb.driver.cluster - Exception in monitor thread while connecting to server ac-2s659uf-shard-00-00.pvohmlz.mongodb.net:27017
com.mongodb.MongoSocketException: ac-2s659uf-shard-00-00.pvohmlz.mongodb.net
	at com.mongodb.internal.connection.ServerAddressHelper.getSocketAddresses(ServerAddressHelper.java:75)
	at com.mongodb.internal.connection.SocketStream.initializeSocket(SocketStream.java:100)
	at com.mongodb.internal.connection.SocketStream.open(SocketStream.java:79)
	at com.mongodb.internal.connection.InternalStreamConnection.open(InternalStreamConnection.java:233)
	at com.mongodb.internal.connection.DefaultServerMonitor$ServerMonitor.lookupServerDescription(DefaultServerMonitor.java:219)
	at com.mongodb.internal.connection.DefaultServerMonitor$ServerMonitor.run(DefaultServerMonitor.java:176)
Caused by: java.net.UnknownHostException: ac-2s659uf-shard-00-00.pvohmlz.mongodb.net
	at java.base/java.net.InetAddress$CachedLookup.get(InetAddress.java:988)
	at java.base/java.net.InetAddress.getAllByName0(InetAddress.java:1818)
	at java.base/java.net.InetAddress.getAllByName(InetAddress.java:1688)
	at com.mongodb.internal.connection.DefaultInetAddressResolver.lookupByName(DefaultInetAddressResolver.java:34)
	at com.mongodb.internal.connection.ServerAddressHelper.getSocketAddresses(ServerAddressHelper.java:71)
	... 5 common frames omitted
2026-09-18 14:58:41 INFO  [room-creation,traceId=,spanId=] [cluster-ClusterId{value='6aac31b02fc30302e91c7a35', description='Cluster0'}-ac-2s659uf-shard-00-00.pvohmlz.mongodb.net:27017] org.mongodb.driver.cluster - Exception in monitor thread while connecting to server ac-2s659uf-shard-00-00.pvohmlz.mongodb.net:27017
com.mongodb.MongoSocketException: No such host is known (ac-2s659uf-shard-00-00.pvohmlz.mongodb.net)
	at com.mongodb.internal.connection.ServerAddressHelper.getSocketAddresses(ServerAddressHelper.java:75)
	at com.mongodb.internal.connection.SocketStream.initializeSocket(SocketStream.java:100)
	at com.mongodb.internal.connection.SocketStream.open(SocketStream.java:79)
	at com.mongodb.internal.connection.InternalStreamConnection.open(InternalStreamConnection.java:233)
	at com.mongodb.internal.connection.DefaultServerMonitor$ServerMonitor.lookupServerDescription(DefaultServerMonitor.java:219)
	at com.mongodb.internal.connection.DefaultServerMonitor$ServerMonitor.run(DefaultServerMonitor.java:176)
Caused by: java.net.UnknownHostException: No such host is known (ac-2s659uf-shard-00-00.pvohmlz.mongodb.net)
	at java.base/java.net.Inet6AddressImpl.lookupAllHostAddr(Native Method)
	at java.base/java.net.Inet6AddressImpl.lookupAllHostAddr(Inet6AddressImpl.java:52)
	at java.base/java.net.InetAddress$PlatformResolver.lookupByName(InetAddress.java:1211)
	at java.base/java.net.InetAddress.getAddressesFromNameService(InetAddress.java:1828)
	at java.base/java.net.InetAddress$NameServiceAddresses.get(InetAddress.java:1139)
	at java.base/java.net.InetAddress.getAllByName0(InetAddress.java:1818)
	at java.base/java.net.InetAddress.getAllByName(InetAddress.java:1688)
	at com.mongodb.internal.connection.DefaultInetAddressResolver.lookupByName(DefaultInetAddressResolver.java:34)
	at com.mongodb.internal.connection.ServerAddressHelper.getSocketAddresses(ServerAddressHelper.java:71)
	... 5 common frames omitted
2026-09-18 14:58:42 INFO  [room-creation,traceId=,spanId=] [cluster-ClusterId{value='6aac31b02fc30302e91c7a35', description='Cluster0'}-ac-2s659uf-shard-00-00.pvohmlz.mongodb.net:27017] org.mongodb.driver.cluster - Exception in monitor thread while connecting to server ac-2s659uf-shard-00-00.pvohmlz.mongodb.net:27017
com.mongodb.MongoSocketException: ac-2s659uf-shard-00-00.pvohmlz.mongodb.net
	at com.mongodb.internal.connection.ServerAddressHelper.getSocketAddresses(ServerAddressHelper.java:75)
	at com.mongodb.internal.connection.SocketStream.initializeSocket(SocketStream.java:100)
	at com.mongodb.internal.connection.SocketStream.open(SocketStream.java:79)
	at com.mongodb.internal.connection.InternalStreamConnection.open(InternalStreamConnection.java:233)
	at com.mongodb.internal.connection.DefaultServerMonitor$ServerMonitor.lookupServerDescription(DefaultServerMonitor.java:219)
	at com.mongodb.internal.connection.DefaultServerMonitor$ServerMonitor.run(DefaultServerMonitor.java:176)
Caused by: java.net.UnknownHostException: ac-2s659uf-shard-00-00.pvohmlz.mongodb.net
	at java.base/java.net.InetAddress$CachedLookup.get(InetAddress.java:988)
	at java.base/java.net.InetAddress.getAllByName0(InetAddress.java:1818)
	at java.base/java.net.InetAddress.getAllByName(InetAddress.java:1688)
	at com.mongodb.internal.connection.DefaultInetAddressResolver.lookupByName(DefaultInetAddressResolver.java:34)
	at com.mongodb.internal.connection.ServerAddressHelper.getSocketAddresses(ServerAddressHelper.java:71)
	... 5 common frames omitted
2026-09-18 14:58:43 ERROR [room-creation,traceId=,spanId=] [MessageBroker-4] o.s.s.s.TaskUtils$LoggingErrorHandler - Unexpected error occurred in scheduled task
org.springframework.dao.DataAccessResourceFailureException: Timed out while waiting for a server that matches ReadPreferenceServerSelector{readPreference=primary}. Client view of cluster state is {type=REPLICA_SET, servers=[{address=ac-2s659uf-shard-00-02.pvohmlz.mongodb.net:27017, type=UNKNOWN, state=CONNECTING, exception={com.mongodb.MongoSocketException: ac-2s659uf-shard-00-02.pvohmlz.mongodb.net}, caused by {java.net.UnknownHostException: ac-2s659uf-shard-00-02.pvohmlz.mongodb.net}}, {address=ac-2s659uf-shard-00-01.pvohmlz.mongodb.net:27017, type=UNKNOWN, state=CONNECTING, exception={com.mongodb.MongoSocketException: ac-2s659uf-shard-00-01.pvohmlz.mongodb.net}, caused by {java.net.UnknownHostException: ac-2s659uf-shard-00-01.pvohmlz.mongodb.net}}, {address=ac-2s659uf-shard-00-00.pvohmlz.mongodb.net:27017, type=UNKNOWN, state=CONNECTING, exception={com.mongodb.MongoSocketException: ac-2s659uf-shard-00-00.pvohmlz.mongodb.net}, caused by {java.net.UnknownHostException: ac-2s659uf-shard-00-00.pvohmlz.mongodb.net}}]
	at org.springframework.data.mongodb.core.MongoExceptionTranslator.doTranslateException(MongoExceptionTranslator.java:97)
	at org.springframework.data.mongodb.core.MongoExceptionTranslator.translateExceptionIfPossible(MongoExceptionTranslator.java:74)
	at org.springframework.data.mongodb.core.MongoTemplate.potentiallyConvertRuntimeException(MongoTemplate.java:3008)
	at org.springframework.data.mongodb.core.MongoTemplate.executeFindMultiInternal(MongoTemplate.java:2933)
	at org.springframework.data.mongodb.core.MongoTemplate.doFind(MongoTemplate.java:2631)
	at org.springframework.data.mongodb.core.ExecutableFindOperationSupport$ExecutableFindSupport.doFind(ExecutableFindOperationSupport.java:177)
	at org.springframework.data.mongodb.core.ExecutableFindOperationSupport$ExecutableFindSupport.all(ExecutableFindOperationSupport.java:135)
	at org.springframework.data.mongodb.repository.query.AbstractMongoQuery.lambda$getExecution$4(AbstractMongoQuery.java:226)
	at org.springframework.data.mongodb.repository.query.AbstractMongoQuery.doExecute(AbstractMongoQuery.java:184)
	at org.springframework.data.mongodb.repository.query.AbstractMongoQuery.execute(AbstractMongoQuery.java:156)
	at org.springframework.data.repository.core.support.RepositoryMethodInvoker.doInvoke(RepositoryMethodInvoker.java:170)
	at org.springframework.data.repository.core.support.RepositoryMethodInvoker.invoke(RepositoryMethodInvoker.java:158)
	at org.springframework.data.repository.core.support.QueryExecutorMethodInterceptor.doInvoke(QueryExecutorMethodInterceptor.java:170)
	at org.springframework.data.repository.core.support.QueryExecutorMethodInterceptor.invoke(QueryExecutorMethodInterceptor.java:149)
	at org.springframework.aop.framework.ReflectiveMethodInvocation.proceed(ReflectiveMethodInvocation.java:184)
	at org.springframework.data.projection.DefaultMethodInvokingMethodInterceptor.invoke(DefaultMethodInvokingMethodInterceptor.java:69)
	at org.springframework.aop.framework.ReflectiveMethodInvocation.proceed(ReflectiveMethodInvocation.java:184)
	at org.springframework.data.mongodb.repository.support.CrudMethodMetadataPostProcessor$CrudMethodMetadataPopulatingMethodInterceptor.invoke(CrudMethodMetadataPostProcessor.java:129)
	at org.springframework.aop.framework.ReflectiveMethodInvocation.proceed(ReflectiveMethodInvocation.java:184)
	at org.springframework.aop.framework.JdkDynamicAopProxy.invoke(JdkDynamicAopProxy.java:223)
	at jdk.proxy2/jdk.proxy2.$Proxy131.findByGameStatus(Unknown Source)
	at java.base/jdk.internal.reflect.DirectMethodHandleAccessor.invoke(DirectMethodHandleAccessor.java:103)
	at java.base/java.lang.reflect.Method.invoke(Method.java:580)
	at org.springframework.aop.support.AopUtils.invokeJoinpointUsingReflection(AopUtils.java:359)
	at org.springframework.aop.framework.ReflectiveMethodInvocation.invokeJoinpoint(ReflectiveMethodInvocation.java:196)
	at org.springframework.aop.framework.ReflectiveMethodInvocation.proceed(ReflectiveMethodInvocation.java:163)
	at org.springframework.dao.support.PersistenceExceptionTranslationInterceptor.invoke(PersistenceExceptionTranslationInterceptor.java:138)
	at org.springframework.aop.framework.ReflectiveMethodInvocation.proceed(ReflectiveMethodInvocation.java:184)
	at org.springframework.aop.framework.JdkDynamicAopProxy.invoke(JdkDynamicAopProxy.java:223)
	at jdk.proxy2/jdk.proxy2.$Proxy131.findByGameStatus(Unknown Source)
	at com.sadetech.room_creation.service.RoomService.cleanExpiredRoom(RoomService.java:2018)
	at java.base/jdk.internal.reflect.DirectMethodHandleAccessor.invoke(DirectMethodHandleAccessor.java:103)
	at java.base/java.lang.reflect.Method.invoke(Method.java:580)
	at org.springframework.scheduling.support.ScheduledMethodRunnable.runInternal(ScheduledMethodRunnable.java:130)
	at org.springframework.scheduling.support.ScheduledMethodRunnable.lambda$run$2(ScheduledMethodRunnable.java:124)
	at io.micrometer.observation.Observation.observe(Observation.java:499)
	at org.springframework.scheduling.support.ScheduledMethodRunnable.run(ScheduledMethodRunnable.java:124)
	at org.springframework.scheduling.config.Task$OutcomeTrackingRunnable.run(Task.java:83)
	at org.springframework.scheduling.support.DelegatingErrorHandlingRunnable.run(DelegatingErrorHandlingRunnable.java:54)
	at java.base/java.util.concurrent.Executors$RunnableAdapter.call(Executors.java:572)
	at java.base/java.util.concurrent.FutureTask.runAndReset(FutureTask.java:358)
	at java.base/java.util.concurrent.ScheduledThreadPoolExecutor$ScheduledFutureTask.run(ScheduledThreadPoolExecutor.java:305)
	at java.base/java.util.concurrent.ThreadPoolExecutor.runWorker(ThreadPoolExecutor.java:1144)
	at java.base/java.util.concurrent.ThreadPoolExecutor$Worker.run(ThreadPoolExecutor.java:642)
	at java.base/java.lang.Thread.run(Thread.java:1583)
Caused by: com.mongodb.MongoTimeoutException: Timed out while waiting for a server that matches ReadPreferenceServerSelector{readPreference=primary}. Client view of cluster state is {type=REPLICA_SET, servers=[{address=ac-2s659uf-shard-00-02.pvohmlz.mongodb.net:27017, type=UNKNOWN, state=CONNECTING, exception={com.mongodb.MongoSocketException: ac-2s659uf-shard-00-02.pvohmlz.mongodb.net}, caused by {java.net.UnknownHostException: ac-2s659uf-shard-00-02.pvohmlz.mongodb.net}}, {address=ac-2s659uf-shard-00-01.pvohmlz.mongodb.net:27017, type=UNKNOWN, state=CONNECTING, exception={com.mongodb.MongoSocketException: ac-2s659uf-shard-00-01.pvohmlz.mongodb.net}, caused by {java.net.UnknownHostException: ac-2s659uf-shard-00-01.pvohmlz.mongodb.net}}, {address=ac-2s659uf-shard-00-00.pvohmlz.mongodb.net:27017, type=UNKNOWN, state=CONNECTING, exception={com.mongodb.MongoSocketException: ac-2s659uf-shard-00-00.pvohmlz.mongodb.net}, caused by {java.net.UnknownHostException: ac-2s659uf-shard-00-00.pvohmlz.mongodb.net}}]
	at com.mongodb.internal.connection.BaseCluster.logAndThrowTimeoutException(BaseCluster.java:427)
	at com.mongodb.internal.connection.BaseCluster.lambda$selectServer$0(BaseCluster.java:154)
	at com.mongodb.internal.time.Timeout.lambda$onExistsAndExpired$16(Timeout.java:236)
	at com.mongodb.internal.time.Timeout.lambda$run$10(Timeout.java:201)
	at com.mongodb.internal.time.TimePoint.checkedCall(TimePoint.java:98)
	at com.mongodb.internal.time.Timeout.call(Timeout.java:174)
	at com.mongodb.internal.time.Timeout.run(Timeout.java:194)
	at com.mongodb.internal.time.Timeout.onExistsAndExpired(Timeout.java:233)
	at com.mongodb.internal.time.Timeout.onExpired(Timeout.java:226)
	at com.mongodb.internal.connection.BaseCluster.selectServer(BaseCluster.java:153)
	at com.mongodb.internal.connection.AbstractMultiServerCluster.selectServer(AbstractMultiServerCluster.java:59)
	at com.mongodb.internal.binding.ClusterBinding.getReadConnectionSource(ClusterBinding.java:82)
	at com.mongodb.client.internal.ClientSessionBinding.getConnectionSource(ClientSessionBinding.java:108)
	at com.mongodb.client.internal.ClientSessionBinding.getReadConnectionSource(ClientSessionBinding.java:88)
	at com.mongodb.internal.operation.SyncOperationHelper.withSuppliedResource(SyncOperationHelper.java:148)
	at com.mongodb.internal.operation.SyncOperationHelper.withSourceAndConnection(SyncOperationHelper.java:129)
	at com.mongodb.internal.operation.FindOperation.lambda$execute$2(FindOperation.java:296)
	at com.mongodb.internal.operation.SyncOperationHelper.lambda$decorateReadWithRetries$13(SyncOperationHelper.java:317)
	at com.mongodb.internal.async.function.RetryingSyncSupplier.get(RetryingSyncSupplier.java:67)
	at com.mongodb.internal.operation.FindOperation.execute(FindOperation.java:307)
	at com.mongodb.internal.operation.FindOperation.execute(FindOperation.java:70)
	at com.mongodb.client.internal.MongoClusterImpl$OperationExecutorImpl.execute(MongoClusterImpl.java:358)
	at com.mongodb.client.internal.MongoIterableImpl.execute(MongoIterableImpl.java:156)
	at com.mongodb.client.internal.MongoIterableImpl.iterator(MongoIterableImpl.java:116)
	at org.springframework.data.mongodb.core.MongoTemplate.executeFindMultiInternal(MongoTemplate.java:2920)
	... 41 common frames omitted
2026-09-18 14:58:49 INFO  [room-creation,traceId=,spanId=] [AsyncResolver-bootstrap-executor-%d] c.n.d.s.r.aws.ConfigClusterResolver - Resolving eureka endpoints via configuration
2026-09-18 14:58:53 INFO  [room-creation,traceId=,spanId=] [MessageBroker-4] org.mongodb.driver.cluster - Waiting for server to become available for operation with ID 6561. Remaining time: 29999 ms. Selector: ReadPreferenceServerSelector{readPreference=primary}, topology description: {type=REPLICA_SET, servers=[{address=ac-2s659uf-shard-00-02.pvohmlz.mongodb.net:27017, type=UNKNOWN, state=CONNECTING, exception={com.mongodb.MongoSocketException: ac-2s659uf-shard-00-02.pvohmlz.mongodb.net}, caused by {java.net.UnknownHostException: ac-2s659uf-shard-00-02.pvohmlz.mongodb.net}}, {address=ac-2s659uf-shard-00-01.pvohmlz.mongodb.net:27017, type=UNKNOWN, state=CONNECTING, exception={com.mongodb.MongoSocketException: ac-2s659uf-shard-00-01.pvohmlz.mongodb.net}, caused by {java.net.UnknownHostException: ac-2s659uf-shard-00-01.pvohmlz.mongodb.net}}, {address=ac-2s659uf-shard-00-00.pvohmlz.mongodb.net:27017, type=UNKNOWN, state=CONNECTING, exception={com.mongodb.MongoSocketException: ac-2s659uf-shard-00-00.pvohmlz.mongodb.net}, caused by {java.net.UnknownHostException: ac-2s659uf-shard-00-00.pvohmlz.mongodb.net}}].
2026-09-18 14:58:53 INFO  [room-creation,traceId=,spanId=] [cluster-ClusterId{value='6aac31b02fc30302e91c7a35', description='Cluster0'}-ac-2s659uf-shard-00-00.pvohmlz.mongodb.net:27017] org.mongodb.driver.cluster - Exception in monitor thread while connecting to server ac-2s659uf-shard-00-00.pvohmlz.mongodb.net:27017
com.mongodb.MongoSocketException: No such host is known (ac-2s659uf-shard-00-00.pvohmlz.mongodb.net)
	at com.mongodb.internal.connection.ServerAddressHelper.getSocketAddresses(ServerAddressHelper.java:75)
	at com.mongodb.internal.connection.SocketStream.initializeSocket(SocketStream.java:100)
	at com.mongodb.internal.connection.SocketStream.open(SocketStream.java:79)
	at com.mongodb.internal.connection.InternalStreamConnection.open(InternalStreamConnection.java:233)
	at com.mongodb.internal.connection.DefaultServerMonitor$ServerMonitor.lookupServerDescription(DefaultServerMonitor.java:219)
	at com.mongodb.internal.connection.DefaultServerMonitor$ServerMonitor.run(DefaultServerMonitor.java:176)
Caused by: java.net.UnknownHostException: No such host is known (ac-2s659uf-shard-00-00.pvohmlz.mongodb.net)
	at java.base/java.net.Inet6AddressImpl.lookupAllHostAddr(Native Method)
	at java.base/java.net.Inet6AddressImpl.lookupAllHostAddr(Inet6AddressImpl.java:52)
	at java.base/java.net.InetAddress$PlatformResolver.lookupByName(InetAddress.java:1211)
	at java.base/java.net.InetAddress.getAddressesFromNameService(InetAddress.java:1828)
	at java.base/java.net.InetAddress$NameServiceAddresses.get(InetAddress.java:1139)
	at java.base/java.net.InetAddress.getAllByName0(InetAddress.java:1818)
	at java.base/java.net.InetAddress.getAllByName(InetAddress.java:1688)
	at com.mongodb.internal.connection.DefaultInetAddressResolver.lookupByName(DefaultInetAddressResolver.java:34)
	at com.mongodb.internal.connection.ServerAddressHelper.getSocketAddresses(ServerAddressHelper.java:71)
	... 5 common frames omitted
2026-09-18 14:58:53 INFO  [room-creation,traceId=,spanId=] [cluster-ClusterId{value='6aac31b02fc30302e91c7a35', description='Cluster0'}-ac-2s659uf-shard-00-00.pvohmlz.mongodb.net:27017] org.mongodb.driver.cluster - Exception in monitor thread while connecting to server ac-2s659uf-shard-00-00.pvohmlz.mongodb.net:27017
com.mongodb.MongoSocketException: ac-2s659uf-shard-00-00.pvohmlz.mongodb.net
	at com.mongodb.internal.connection.ServerAddressHelper.getSocketAddresses(ServerAddressHelper.java:75)
	at com.mongodb.internal.connection.SocketStream.initializeSocket(SocketStream.java:100)
	at com.mongodb.internal.connection.SocketStream.open(SocketStream.java:79)
	at com.mongodb.internal.connection.InternalStreamConnection.open(InternalStreamConnection.java:233)
	at com.mongodb.internal.connection.DefaultServerMonitor$ServerMonitor.lookupServerDescription(DefaultServerMonitor.java:219)
	at com.mongodb.internal.connection.DefaultServerMonitor$ServerMonitor.run(DefaultServerMonitor.java:176)
Caused by: java.net.UnknownHostException: ac-2s659uf-shard-00-00.pvohmlz.mongodb.net
	at java.base/java.net.InetAddress$CachedLookup.get(InetAddress.java:988)
	at java.base/java.net.InetAddress.getAllByName0(InetAddress.java:1818)
	at java.base/java.net.InetAddress.getAllByName(InetAddress.java:1688)
	at com.mongodb.internal.connection.DefaultInetAddressResolver.lookupByName(DefaultInetAddressResolver.java:34)
	at com.mongodb.internal.connection.ServerAddressHelper.getSocketAddresses(ServerAddressHelper.java:71)
	... 5 common frames omitted
2026-09-18 14:59:03 INFO  [room-creation,traceId=,spanId=] [cluster-ClusterId{value='6aac31b02fc30302e91c7a35', description='Cluster0'}-ac-2s659uf-shard-00-00.pvohmlz.mongodb.net:27017] org.mongodb.driver.cluster - Exception in monitor thread while connecting to server ac-2s659uf-shard-00-00.pvohmlz.mongodb.net:27017
com.mongodb.MongoSocketException: No such host is known (ac-2s659uf-shard-00-00.pvohmlz.mongodb.net)
	at com.mongodb.internal.connection.ServerAddressHelper.getSocketAddresses(ServerAddressHelper.java:75)
	at com.mongodb.internal.connection.SocketStream.initializeSocket(SocketStream.java:100)
	at com.mongodb.internal.connection.SocketStream.open(SocketStream.java:79)
	at com.mongodb.internal.connection.InternalStreamConnection.open(InternalStreamConnection.java:233)
	at com.mongodb.internal.connection.DefaultServerMonitor$ServerMonitor.lookupServerDescription(DefaultServerMonitor.java:219)
	at com.mongodb.internal.connection.DefaultServerMonitor$ServerMonitor.run(DefaultServerMonitor.java:176)
Caused by: java.net.UnknownHostException: No such host is known (ac-2s659uf-shard-00-00.pvohmlz.mongodb.net)
	at java.base/java.net.Inet6AddressImpl.lookupAllHostAddr(Native Method)
	at java.base/java.net.Inet6AddressImpl.lookupAllHostAddr(Inet6AddressImpl.java:52)
	at java.base/java.net.InetAddress$PlatformResolver.lookupByName(InetAddress.java:1211)
	at java.base/java.net.InetAddress.getAddressesFromNameService(InetAddress.java:1828)
	at java.base/java.net.InetAddress$NameServiceAddresses.get(InetAddress.java:1139)
	at java.base/java.net.InetAddress.getAllByName0(InetAddress.java:1818)
	at java.base/java.net.InetAddress.getAllByName(InetAddress.java:1688)
	at com.mongodb.internal.connection.DefaultInetAddressResolver.lookupByName(DefaultInetAddressResolver.java:34)
	at com.mongodb.internal.connection.ServerAddressHelper.getSocketAddresses(ServerAddressHelper.java:71)
	... 5 common frames omitted
2026-09-18 14:59:04 INFO  [room-creation,traceId=,spanId=] [cluster-ClusterId{value='6aac31b02fc30302e91c7a35', description='Cluster0'}-ac-2s659uf-shard-00-00.pvohmlz.mongodb.net:27017] org.mongodb.driver.cluster - Exception in monitor thread while connecting to server ac-2s659uf-shard-00-00.pvohmlz.mongodb.net:27017
com.mongodb.MongoSocketException: ac-2s659uf-shard-00-00.pvohmlz.mongodb.net
	at com.mongodb.internal.connection.ServerAddressHelper.getSocketAddresses(ServerAddressHelper.java:75)
	at com.mongodb.internal.connection.SocketStream.initializeSocket(SocketStream.java:100)
	at com.mongodb.internal.connection.SocketStream.open(SocketStream.java:79)
	at com.mongodb.internal.connection.InternalStreamConnection.open(InternalStreamConnection.java:233)
	at com.mongodb.internal.connection.DefaultServerMonitor$ServerMonitor.lookupServerDescription(DefaultServerMonitor.java:219)
	at com.mongodb.internal.connection.DefaultServerMonitor$ServerMonitor.run(DefaultServerMonitor.java:176)
Caused by: java.net.UnknownHostException: ac-2s659uf-shard-00-00.pvohmlz.mongodb.net
	at java.base/java.net.InetAddress$CachedLookup.get(InetAddress.java:988)
	at java.base/java.net.InetAddress.getAllByName0(InetAddress.java:1818)
	at java.base/java.net.InetAddress.getAllByName(InetAddress.java:1688)
	at com.mongodb.internal.connection.DefaultInetAddressResolver.lookupByName(DefaultInetAddressResolver.java:34)
	at com.mongodb.internal.connection.ServerAddressHelper.getSocketAddresses(ServerAddressHelper.java:71)
	... 5 common frames omitted
2026-09-18 14:59:13 INFO  [room-creation,traceId=,spanId=] [cluster-ClusterId{value='6aac31b02fc30302e91c7a35', description='Cluster0'}-ac-2s659uf-shard-00-00.pvohmlz.mongodb.net:27017] org.mongodb.driver.cluster - Exception in monitor thread while connecting to server ac-2s659uf-shard-00-00.pvohmlz.mongodb.net:27017
com.mongodb.MongoSocketException: No such host is known (ac-2s659uf-shard-00-00.pvohmlz.mongodb.net)
	at com.mongodb.internal.connection.ServerAddressHelper.getSocketAddresses(ServerAddressHelper.java:75)
	at com.mongodb.internal.connection.SocketStream.initializeSocket(SocketStream.java:100)
	at com.mongodb.internal.connection.SocketStream.open(SocketStream.java:79)
	at com.mongodb.internal.connection.InternalStreamConnection.open(InternalStreamConnection.java:233)
	at com.mongodb.internal.connection.DefaultServerMonitor$ServerMonitor.lookupServerDescription(DefaultServerMonitor.java:219)
	at com.mongodb.internal.connection.DefaultServerMonitor$ServerMonitor.run(DefaultServerMonitor.java:176)
Caused by: java.net.UnknownHostException: No such host is known (ac-2s659uf-shard-00-00.pvohmlz.mongodb.net)
	at java.base/java.net.Inet6AddressImpl.lookupAllHostAddr(Native Method)
	at java.base/java.net.Inet6AddressImpl.lookupAllHostAddr(Inet6AddressImpl.java:52)
	at java.base/java.net.InetAddress$PlatformResolver.lookupByName(InetAddress.java:1211)
	at java.base/java.net.InetAddress.getAddressesFromNameService(InetAddress.java:1828)
	at java.base/java.net.InetAddress$NameServiceAddresses.get(InetAddress.java:1139)
	at java.base/java.net.InetAddress.getAllByName0(InetAddress.java:1818)
	at java.base/java.net.InetAddress.getAllByName(InetAddress.java:1688)
	at com.mongodb.internal.connection.DefaultInetAddressResolver.lookupByName(DefaultInetAddressResolver.java:34)
	at com.mongodb.internal.connection.ServerAddressHelper.getSocketAddresses(ServerAddressHelper.java:71)
	... 5 common frames omitted
2026-09-18 14:59:14 INFO  [room-creation,traceId=,spanId=] [cluster-ClusterId{value='6aac31b02fc30302e91c7a35', description='Cluster0'}-ac-2s659uf-shard-00-00.pvohmlz.mongodb.net:27017] org.mongodb.driver.cluster - Exception in monitor thread while connecting to server ac-2s659uf-shard-00-00.pvohmlz.mongodb.net:27017
com.mongodb.MongoSocketException: ac-2s659uf-shard-00-00.pvohmlz.mongodb.net
	at com.mongodb.internal.connection.ServerAddressHelper.getSocketAddresses(ServerAddressHelper.java:75)
	at com.mongodb.internal.connection.SocketStream.initializeSocket(SocketStream.java:100)
	at com.mongodb.internal.connection.SocketStream.open(SocketStream.java:79)
	at com.mongodb.internal.connection.InternalStreamConnection.open(InternalStreamConnection.java:233)
	at com.mongodb.internal.connection.DefaultServerMonitor$ServerMonitor.lookupServerDescription(DefaultServerMonitor.java:219)
	at com.mongodb.internal.connection.DefaultServerMonitor$ServerMonitor.run(DefaultServerMonitor.java:176)
Caused by: java.net.UnknownHostException: ac-2s659uf-shard-00-00.pvohmlz.mongodb.net
	at java.base/java.net.InetAddress$CachedLookup.get(InetAddress.java:988)
	at java.base/java.net.InetAddress.getAllByName0(InetAddress.java:1818)
	at java.base/java.net.InetAddress.getAllByName(InetAddress.java:1688)
	at com.mongodb.internal.connection.DefaultInetAddressResolver.lookupByName(DefaultInetAddressResolver.java:34)
	at com.mongodb.internal.connection.ServerAddressHelper.getSocketAddresses(ServerAddressHelper.java:71)
	... 5 common frames omitted
2026-09-18 14:59:23 ERROR [room-creation,traceId=,spanId=] [MessageBroker-4] o.s.s.s.TaskUtils$LoggingErrorHandler - Unexpected error occurred in scheduled task
org.springframework.dao.DataAccessResourceFailureException: Timed out while waiting for a server that matches ReadPreferenceServerSelector{readPreference=primary}. Client view of cluster state is {type=REPLICA_SET, servers=[{address=ac-2s659uf-shard-00-02.pvohmlz.mongodb.net:27017, type=UNKNOWN, state=CONNECTING, exception={com.mongodb.MongoSocketException: ac-2s659uf-shard-00-02.pvohmlz.mongodb.net}, caused by {java.net.UnknownHostException: ac-2s659uf-shard-00-02.pvohmlz.mongodb.net}}, {address=ac-2s659uf-shard-00-01.pvohmlz.mongodb.net:27017, type=UNKNOWN, state=CONNECTING, exception={com.mongodb.MongoSocketException: ac-2s659uf-shard-00-01.pvohmlz.mongodb.net}, caused by {java.net.UnknownHostException: ac-2s659uf-shard-00-01.pvohmlz.mongodb.net}}, {address=ac-2s659uf-shard-00-00.pvohmlz.mongodb.net:27017, type=UNKNOWN, state=CONNECTING, exception={com.mongodb.MongoSocketException: ac-2s659uf-shard-00-00.pvohmlz.mongodb.net}, caused by {java.net.UnknownHostException: ac-2s659uf-shard-00-00.pvohmlz.mongodb.net}}]
	at org.springframework.data.mongodb.core.MongoExceptionTranslator.doTranslateException(MongoExceptionTranslator.java:97)
	at org.springframework.data.mongodb.core.MongoExceptionTranslator.translateExceptionIfPossible(MongoExceptionTranslator.java:74)
	at org.springframework.data.mongodb.core.MongoTemplate.potentiallyConvertRuntimeException(MongoTemplate.java:3008)
	at org.springframework.data.mongodb.core.MongoTemplate.executeFindMultiInternal(MongoTemplate.java:2933)
	at org.springframework.data.mongodb.core.MongoTemplate.doFind(MongoTemplate.java:2631)
	at org.springframework.data.mongodb.core.ExecutableFindOperationSupport$ExecutableFindSupport.doFind(ExecutableFindOperationSupport.java:177)
	at org.springframework.data.mongodb.core.ExecutableFindOperationSupport$ExecutableFindSupport.all(ExecutableFindOperationSupport.java:135)
	at org.springframework.data.mongodb.repository.query.AbstractMongoQuery.lambda$getExecution$4(AbstractMongoQuery.java:226)
	at org.springframework.data.mongodb.repository.query.AbstractMongoQuery.doExecute(AbstractMongoQuery.java:184)
	at org.springframework.data.mongodb.repository.query.AbstractMongoQuery.execute(AbstractMongoQuery.java:156)
	at org.springframework.data.repository.core.support.RepositoryMethodInvoker.doInvoke(RepositoryMethodInvoker.java:170)
	at org.springframework.data.repository.core.support.RepositoryMethodInvoker.invoke(RepositoryMethodInvoker.java:158)
	at org.springframework.data.repository.core.support.QueryExecutorMethodInterceptor.doInvoke(QueryExecutorMethodInterceptor.java:170)
	at org.springframework.data.repository.core.support.QueryExecutorMethodInterceptor.invoke(QueryExecutorMethodInterceptor.java:149)
	at org.springframework.aop.framework.ReflectiveMethodInvocation.proceed(ReflectiveMethodInvocation.java:184)
	at org.springframework.data.projection.DefaultMethodInvokingMethodInterceptor.invoke(DefaultMethodInvokingMethodInterceptor.java:69)
	at org.springframework.aop.framework.ReflectiveMethodInvocation.proceed(ReflectiveMethodInvocation.java:184)
	at org.springframework.data.mongodb.repository.support.CrudMethodMetadataPostProcessor$CrudMethodMetadataPopulatingMethodInterceptor.invoke(CrudMethodMetadataPostProcessor.java:129)
	at org.springframework.aop.framework.ReflectiveMethodInvocation.proceed(ReflectiveMethodInvocation.java:184)
	at org.springframework.aop.framework.JdkDynamicAopProxy.invoke(JdkDynamicAopProxy.java:223)
	at jdk.proxy2/jdk.proxy2.$Proxy131.findByGameStatus(Unknown Source)
	at java.base/jdk.internal.reflect.DirectMethodHandleAccessor.invoke(DirectMethodHandleAccessor.java:103)
	at java.base/java.lang.reflect.Method.invoke(Method.java:580)
	at org.springframework.aop.support.AopUtils.invokeJoinpointUsingReflection(AopUtils.java:359)
	at org.springframework.aop.framework.ReflectiveMethodInvocation.invokeJoinpoint(ReflectiveMethodInvocation.java:196)
	at org.springframework.aop.framework.ReflectiveMethodInvocation.proceed(ReflectiveMethodInvocation.java:163)
	at org.springframework.dao.support.PersistenceExceptionTranslationInterceptor.invoke(PersistenceExceptionTranslationInterceptor.java:138)
	at org.springframework.aop.framework.ReflectiveMethodInvocation.proceed(ReflectiveMethodInvocation.java:184)
	at org.springframework.aop.framework.JdkDynamicAopProxy.invoke(JdkDynamicAopProxy.java:223)
	at jdk.proxy2/jdk.proxy2.$Proxy131.findByGameStatus(Unknown Source)
	at com.sadetech.room_creation.service.RoomService.cleanExpiredRoom(RoomService.java:2018)
	at java.base/jdk.internal.reflect.DirectMethodHandleAccessor.invoke(DirectMethodHandleAccessor.java:103)
	at java.base/java.lang.reflect.Method.invoke(Method.java:580)
	at org.springframework.scheduling.support.ScheduledMethodRunnable.runInternal(ScheduledMethodRunnable.java:130)
	at org.springframework.scheduling.support.ScheduledMethodRunnable.lambda$run$2(ScheduledMethodRunnable.java:124)
	at io.micrometer.observation.Observation.observe(Observation.java:499)
	at org.springframework.scheduling.support.ScheduledMethodRunnable.run(ScheduledMethodRunnable.java:124)
	at org.springframework.scheduling.config.Task$OutcomeTrackingRunnable.run(Task.java:83)
	at org.springframework.scheduling.support.DelegatingErrorHandlingRunnable.run(DelegatingErrorHandlingRunnable.java:54)
	at java.base/java.util.concurrent.Executors$RunnableAdapter.call(Executors.java:572)
	at java.base/java.util.concurrent.FutureTask.runAndReset(FutureTask.java:358)
	at java.base/java.util.concurrent.ScheduledThreadPoolExecutor$ScheduledFutureTask.run(ScheduledThreadPoolExecutor.java:305)
	at java.base/java.util.concurrent.ThreadPoolExecutor.runWorker(ThreadPoolExecutor.java:1144)
	at java.base/java.util.concurrent.ThreadPoolExecutor$Worker.run(ThreadPoolExecutor.java:642)
	at java.base/java.lang.Thread.run(Thread.java:1583)
Caused by: com.mongodb.MongoTimeoutException: Timed out while waiting for a server that matches ReadPreferenceServerSelector{readPreference=primary}. Client view of cluster state is {type=REPLICA_SET, servers=[{address=ac-2s659uf-shard-00-02.pvohmlz.mongodb.net:27017, type=UNKNOWN, state=CONNECTING, exception={com.mongodb.MongoSocketException: ac-2s659uf-shard-00-02.pvohmlz.mongodb.net}, caused by {java.net.UnknownHostException: ac-2s659uf-shard-00-02.pvohmlz.mongodb.net}}, {address=ac-2s659uf-shard-00-01.pvohmlz.mongodb.net:27017, type=UNKNOWN, state=CONNECTING, exception={com.mongodb.MongoSocketException: ac-2s659uf-shard-00-01.pvohmlz.mongodb.net}, caused by {java.net.UnknownHostException: ac-2s659uf-shard-00-01.pvohmlz.mongodb.net}}, {address=ac-2s659uf-shard-00-00.pvohmlz.mongodb.net:27017, type=UNKNOWN, state=CONNECTING, exception={com.mongodb.MongoSocketException: ac-2s659uf-shard-00-00.pvohmlz.mongodb.net}, caused by {java.net.UnknownHostException: ac-2s659uf-shard-00-00.pvohmlz.mongodb.net}}]
	at com.mongodb.internal.connection.BaseCluster.logAndThrowTimeoutException(BaseCluster.java:427)
	at com.mongodb.internal.connection.BaseCluster.lambda$selectServer$0(BaseCluster.java:154)
	at com.mongodb.internal.time.Timeout.lambda$onExistsAndExpired$16(Timeout.java:236)
	at com.mongodb.internal.time.Timeout.lambda$run$10(Timeout.java:201)
	at com.mongodb.internal.time.TimePoint.checkedCall(TimePoint.java:98)
	at com.mongodb.internal.time.Timeout.call(Timeout.java:174)
	at com.mongodb.internal.time.Timeout.run(Timeout.java:194)
	at com.mongodb.internal.time.Timeout.onExistsAndExpired(Timeout.java:233)
	at com.mongodb.internal.time.Timeout.onExpired(Timeout.java:226)
	at com.mongodb.internal.connection.BaseCluster.selectServer(BaseCluster.java:153)
	at com.mongodb.internal.connection.AbstractMultiServerCluster.selectServer(AbstractMultiServerCluster.java:59)
	at com.mongodb.internal.binding.ClusterBinding.getReadConnectionSource(ClusterBinding.java:82)
	at com.mongodb.client.internal.ClientSessionBinding.getConnectionSource(ClientSessionBinding.java:108)
	at com.mongodb.client.internal.ClientSessionBinding.getReadConnectionSource(ClientSessionBinding.java:88)
	at com.mongodb.internal.operation.SyncOperationHelper.withSuppliedResource(SyncOperationHelper.java:148)
	at com.mongodb.internal.operation.SyncOperationHelper.withSourceAndConnection(SyncOperationHelper.java:129)
	at com.mongodb.internal.operation.FindOperation.lambda$execute$2(FindOperation.java:296)
	at com.mongodb.internal.operation.SyncOperationHelper.lambda$decorateReadWithRetries$13(SyncOperationHelper.java:317)
	at com.mongodb.internal.async.function.RetryingSyncSupplier.get(RetryingSyncSupplier.java:67)
	at com.mongodb.internal.operation.FindOperation.execute(FindOperation.java:307)
	at com.mongodb.internal.operation.FindOperation.execute(FindOperation.java:70)
	at com.mongodb.client.internal.MongoClusterImpl$OperationExecutorImpl.execute(MongoClusterImpl.java:358)
	at com.mongodb.client.internal.MongoIterableImpl.execute(MongoIterableImpl.java:156)
	at com.mongodb.client.internal.MongoIterableImpl.iterator(MongoIterableImpl.java:116)
	at org.springframework.data.mongodb.core.MongoTemplate.executeFindMultiInternal(MongoTemplate.java:2920)
	... 41 common frames omitted
2026-09-18 14:59:33 INFO  [room-creation,traceId=,spanId=] [MessageBroker-1] org.mongodb.driver.cluster - Waiting for server to become available for operation with ID 6754. Remaining time: 29999 ms. Selector: ReadPreferenceServerSelector{readPreference=primary}, topology description: {type=REPLICA_SET, servers=[{address=ac-2s659uf-shard-00-02.pvohmlz.mongodb.net:27017, type=UNKNOWN, state=CONNECTING, exception={com.mongodb.MongoSocketException: ac-2s659uf-shard-00-02.pvohmlz.mongodb.net}, caused by {java.net.UnknownHostException: ac-2s659uf-shard-00-02.pvohmlz.mongodb.net}}, {address=ac-2s659uf-shard-00-01.pvohmlz.mongodb.net:27017, type=UNKNOWN, state=CONNECTING, exception={com.mongodb.MongoSocketException: ac-2s659uf-shard-00-01.pvohmlz.mongodb.net}, caused by {java.net.UnknownHostException: ac-2s659uf-shard-00-01.pvohmlz.mongodb.net}}, {address=ac-2s659uf-shard-00-00.pvohmlz.mongodb.net:27017, type=UNKNOWN, state=CONNECTING, exception={com.mongodb.MongoSocketException: ac-2s659uf-shard-00-00.pvohmlz.mongodb.net}, caused by {java.net.UnknownHostException: ac-2s659uf-shard-00-00.pvohmlz.mongodb.net}}].
2026-09-18 15:00:03 ERROR [room-creation,traceId=,spanId=] [MessageBroker-1] o.s.s.s.TaskUtils$LoggingErrorHandler - Unexpected error occurred in scheduled task
org.springframework.dao.DataAccessResourceFailureException: Timed out while waiting for a server that matches ReadPreferenceServerSelector{readPreference=primary}. Client view of cluster state is {type=REPLICA_SET, servers=[{address=ac-2s659uf-shard-00-02.pvohmlz.mongodb.net:27017, type=UNKNOWN, state=CONNECTING, exception={com.mongodb.MongoSocketException: ac-2s659uf-shard-00-02.pvohmlz.mongodb.net}, caused by {java.net.UnknownHostException: ac-2s659uf-shard-00-02.pvohmlz.mongodb.net}}, {address=ac-2s659uf-shard-00-01.pvohmlz.mongodb.net:27017, type=UNKNOWN, state=CONNECTING, exception={com.mongodb.MongoSocketException: ac-2s659uf-shard-00-01.pvohmlz.mongodb.net}, caused by {java.net.UnknownHostException: ac-2s659uf-shard-00-01.pvohmlz.mongodb.net}}, {address=ac-2s659uf-shard-00-00.pvohmlz.mongodb.net:27017, type=UNKNOWN, state=CONNECTING, exception={com.mongodb.MongoSocketException: ac-2s659uf-shard-00-00.pvohmlz.mongodb.net}, caused by {java.net.UnknownHostException: ac-2s659uf-shard-00-00.pvohmlz.mongodb.net}}]
	at org.springframework.data.mongodb.core.MongoExceptionTranslator.doTranslateException(MongoExceptionTranslator.java:97)
	at org.springframework.data.mongodb.core.MongoExceptionTranslator.translateExceptionIfPossible(MongoExceptionTranslator.java:74)
	at org.springframework.data.mongodb.core.MongoTemplate.potentiallyConvertRuntimeException(MongoTemplate.java:3008)
	at org.springframework.data.mongodb.core.MongoTemplate.executeFindMultiInternal(MongoTemplate.java:2933)
	at org.springframework.data.mongodb.core.MongoTemplate.doFind(MongoTemplate.java:2631)
	at org.springframework.data.mongodb.core.ExecutableFindOperationSupport$ExecutableFindSupport.doFind(ExecutableFindOperationSupport.java:177)
	at org.springframework.data.mongodb.core.ExecutableFindOperationSupport$ExecutableFindSupport.all(ExecutableFindOperationSupport.java:135)
	at org.springframework.data.mongodb.repository.query.AbstractMongoQuery.lambda$getExecution$4(AbstractMongoQuery.java:226)
	at org.springframework.data.mongodb.repository.query.AbstractMongoQuery.doExecute(AbstractMongoQuery.java:184)
	at org.springframework.data.mongodb.repository.query.AbstractMongoQuery.execute(AbstractMongoQuery.java:156)
	at org.springframework.data.repository.core.support.RepositoryMethodInvoker.doInvoke(RepositoryMethodInvoker.java:170)
	at org.springframework.data.repository.core.support.RepositoryMethodInvoker.invoke(RepositoryMethodInvoker.java:158)
	at org.springframework.data.repository.core.support.QueryExecutorMethodInterceptor.doInvoke(QueryExecutorMethodInterceptor.java:170)
	at org.springframework.data.repository.core.support.QueryExecutorMethodInterceptor.invoke(QueryExecutorMethodInterceptor.java:149)
	at org.springframework.aop.framework.ReflectiveMethodInvocation.proceed(ReflectiveMethodInvocation.java:184)
	at org.springframework.data.projection.DefaultMethodInvokingMethodInterceptor.invoke(DefaultMethodInvokingMethodInterceptor.java:69)
	at org.springframework.aop.framework.ReflectiveMethodInvocation.proceed(ReflectiveMethodInvocation.java:184)
	at org.springframework.data.mongodb.repository.support.CrudMethodMetadataPostProcessor$CrudMethodMetadataPopulatingMethodInterceptor.invoke(CrudMethodMetadataPostProcessor.java:129)
	at org.springframework.aop.framework.ReflectiveMethodInvocation.proceed(ReflectiveMethodInvocation.java:184)
	at org.springframework.aop.framework.JdkDynamicAopProxy.invoke(JdkDynamicAopProxy.java:223)
	at jdk.proxy2/jdk.proxy2.$Proxy131.findByGameStatus(Unknown Source)
	at java.base/jdk.internal.reflect.DirectMethodHandleAccessor.invoke(DirectMethodHandleAccessor.java:103)
	at java.base/java.lang.reflect.Method.invoke(Method.java:580)
	at org.springframework.aop.support.AopUtils.invokeJoinpointUsingReflection(AopUtils.java:359)
	at org.springframework.aop.framework.ReflectiveMethodInvocation.invokeJoinpoint(ReflectiveMethodInvocation.java:196)
	at org.springframework.aop.framework.ReflectiveMethodInvocation.proceed(ReflectiveMethodInvocation.java:163)
	at org.springframework.dao.support.PersistenceExceptionTranslationInterceptor.invoke(PersistenceExceptionTranslationInterceptor.java:138)
	at org.springframework.aop.framework.ReflectiveMethodInvocation.proceed(ReflectiveMethodInvocation.java:184)
	at org.springframework.aop.framework.JdkDynamicAopProxy.invoke(JdkDynamicAopProxy.java:223)
	at jdk.proxy2/jdk.proxy2.$Proxy131.findByGameStatus(Unknown Source)
	at com.sadetech.room_creation.service.RoomService.cleanExpiredRoom(RoomService.java:2018)
	at java.base/jdk.internal.reflect.DirectMethodHandleAccessor.invoke(DirectMethodHandleAccessor.java:103)
	at java.base/java.lang.reflect.Method.invoke(Method.java:580)
	at org.springframework.scheduling.support.ScheduledMethodRunnable.runInternal(ScheduledMethodRunnable.java:130)
	at org.springframework.scheduling.support.ScheduledMethodRunnable.lambda$run$2(ScheduledMethodRunnable.java:124)
	at io.micrometer.observation.Observation.observe(Observation.java:499)
	at org.springframework.scheduling.support.ScheduledMethodRunnable.run(ScheduledMethodRunnable.java:124)
	at org.springframework.scheduling.config.Task$OutcomeTrackingRunnable.run(Task.java:83)
	at org.springframework.scheduling.support.DelegatingErrorHandlingRunnable.run(DelegatingErrorHandlingRunnable.java:54)
	at java.base/java.util.concurrent.Executors$RunnableAdapter.call(Executors.java:572)
	at java.base/java.util.concurrent.FutureTask.runAndReset(FutureTask.java:358)
	at java.base/java.util.concurrent.ScheduledThreadPoolExecutor$ScheduledFutureTask.run(ScheduledThreadPoolExecutor.java:305)
	at java.base/java.util.concurrent.ThreadPoolExecutor.runWorker(ThreadPoolExecutor.java:1144)
	at java.base/java.util.concurrent.ThreadPoolExecutor$Worker.run(ThreadPoolExecutor.java:642)
	at java.base/java.lang.Thread.run(Thread.java:1583)
Caused by: com.mongodb.MongoTimeoutException: Timed out while waiting for a server that matches ReadPreferenceServerSelector{readPreference=primary}. Client view of cluster state is {type=REPLICA_SET, servers=[{address=ac-2s659uf-shard-00-02.pvohmlz.mongodb.net:27017, type=UNKNOWN, state=CONNECTING, exception={com.mongodb.MongoSocketException: ac-2s659uf-shard-00-02.pvohmlz.mongodb.net}, caused by {java.net.UnknownHostException: ac-2s659uf-shard-00-02.pvohmlz.mongodb.net}}, {address=ac-2s659uf-shard-00-01.pvohmlz.mongodb.net:27017, type=UNKNOWN, state=CONNECTING, exception={com.mongodb.MongoSocketException: ac-2s659uf-shard-00-01.pvohmlz.mongodb.net}, caused by {java.net.UnknownHostException: ac-2s659uf-shard-00-01.pvohmlz.mongodb.net}}, {address=ac-2s659uf-shard-00-00.pvohmlz.mongodb.net:27017, type=UNKNOWN, state=CONNECTING, exception={com.mongodb.MongoSocketException: ac-2s659uf-shard-00-00.pvohmlz.mongodb.net}, caused by {java.net.UnknownHostException: ac-2s659uf-shard-00-00.pvohmlz.mongodb.net}}]
	at com.mongodb.internal.connection.BaseCluster.logAndThrowTimeoutException(BaseCluster.java:427)
	at com.mongodb.internal.connection.BaseCluster.lambda$selectServer$0(BaseCluster.java:154)
	at com.mongodb.internal.time.Timeout.lambda$onExistsAndExpired$16(Timeout.java:236)
	at com.mongodb.internal.time.Timeout.lambda$run$10(Timeout.java:201)
	at com.mongodb.internal.time.TimePoint.checkedCall(TimePoint.java:98)
	at com.mongodb.internal.time.Timeout.call(Timeout.java:174)
	at com.mongodb.internal.time.Timeout.run(Timeout.java:194)
	at com.mongodb.internal.time.Timeout.onExistsAndExpired(Timeout.java:233)
	at com.mongodb.internal.time.Timeout.onExpired(Timeout.java:226)
	at com.mongodb.internal.connection.BaseCluster.selectServer(BaseCluster.java:153)
	at com.mongodb.internal.connection.AbstractMultiServerCluster.selectServer(AbstractMultiServerCluster.java:59)
	at com.mongodb.internal.binding.ClusterBinding.getReadConnectionSource(ClusterBinding.java:82)
	at com.mongodb.client.internal.ClientSessionBinding.getConnectionSource(ClientSessionBinding.java:108)
	at com.mongodb.client.internal.ClientSessionBinding.getReadConnectionSource(ClientSessionBinding.java:88)
	at com.mongodb.internal.operation.SyncOperationHelper.withSuppliedResource(SyncOperationHelper.java:148)
	at com.mongodb.internal.operation.SyncOperationHelper.withSourceAndConnection(SyncOperationHelper.java:129)
	at com.mongodb.internal.operation.FindOperation.lambda$execute$2(FindOperation.java:296)
	at com.mongodb.internal.operation.SyncOperationHelper.lambda$decorateReadWithRetries$13(SyncOperationHelper.java:317)
	at com.mongodb.internal.async.function.RetryingSyncSupplier.get(RetryingSyncSupplier.java:67)
	at com.mongodb.internal.operation.FindOperation.execute(FindOperation.java:307)
	at com.mongodb.internal.operation.FindOperation.execute(FindOperation.java:70)
	at com.mongodb.client.internal.MongoClusterImpl$OperationExecutorImpl.execute(MongoClusterImpl.java:358)
	at com.mongodb.client.internal.MongoIterableImpl.execute(MongoIterableImpl.java:156)
	at com.mongodb.client.internal.MongoIterableImpl.iterator(MongoIterableImpl.java:116)
	at org.springframework.data.mongodb.core.MongoTemplate.executeFindMultiInternal(MongoTemplate.java:2920)
	... 41 common frames omitted
2026-09-18 15:00:14 INFO  [room-creation,traceId=,spanId=] [MessageBroker-1] org.mongodb.driver.cluster - Waiting for server to become available for operation with ID 6947. Remaining time: 29999 ms. Selector: ReadPreferenceServerSelector{readPreference=primary}, topology description: {type=REPLICA_SET, servers=[{address=ac-2s659uf-shard-00-02.pvohmlz.mongodb.net:27017, type=UNKNOWN, state=CONNECTING, exception={com.mongodb.MongoSocketException: ac-2s659uf-shard-00-02.pvohmlz.mongodb.net}, caused by {java.net.UnknownHostException: ac-2s659uf-shard-00-02.pvohmlz.mongodb.net}}, {address=ac-2s659uf-shard-00-01.pvohmlz.mongodb.net:27017, type=UNKNOWN, state=CONNECTING, exception={com.mongodb.MongoSocketException: ac-2s659uf-shard-00-01.pvohmlz.mongodb.net}, caused by {java.net.UnknownHostException: ac-2s659uf-shard-00-01.pvohmlz.mongodb.net}}, {address=ac-2s659uf-shard-00-00.pvohmlz.mongodb.net:27017, type=UNKNOWN, state=CONNECTING, exception={com.mongodb.MongoSocketException: ac-2s659uf-shard-00-00.pvohmlz.mongodb.net}, caused by {java.net.UnknownHostException: ac-2s659uf-shard-00-00.pvohmlz.mongodb.net}}].
2026-09-18 15:00:32 INFO  [room-creation,traceId=,spanId=] [cluster-ClusterId{value='6aac31b02fc30302e91c7a35', description='Cluster0'}-ac-2s659uf-shard-00-00.pvohmlz.mongodb.net:27017] org.mongodb.driver.cluster - Exception in monitor thread while connecting to server ac-2s659uf-shard-00-00.pvohmlz.mongodb.net:27017
com.mongodb.MongoSocketException: No such host is known (ac-2s659uf-shard-00-00.pvohmlz.mongodb.net)
	at com.mongodb.internal.connection.ServerAddressHelper.getSocketAddresses(ServerAddressHelper.java:75)
	at com.mongodb.internal.connection.SocketStream.initializeSocket(SocketStream.java:100)
	at com.mongodb.internal.connection.SocketStream.open(SocketStream.java:79)
	at com.mongodb.internal.connection.InternalStreamConnection.open(InternalStreamConnection.java:233)
	at com.mongodb.internal.connection.DefaultServerMonitor$ServerMonitor.lookupServerDescription(DefaultServerMonitor.java:219)
	at com.mongodb.internal.connection.DefaultServerMonitor$ServerMonitor.run(DefaultServerMonitor.java:176)
Caused by: java.net.UnknownHostException: No such host is known (ac-2s659uf-shard-00-00.pvohmlz.mongodb.net)
	at java.base/java.net.Inet6AddressImpl.lookupAllHostAddr(Native Method)
	at java.base/java.net.Inet6AddressImpl.lookupAllHostAddr(Inet6AddressImpl.java:52)
	at java.base/java.net.InetAddress$PlatformResolver.lookupByName(InetAddress.java:1211)
	at java.base/java.net.InetAddress.getAddressesFromNameService(InetAddress.java:1828)
	at java.base/java.net.InetAddress$NameServiceAddresses.get(InetAddress.java:1139)
	at java.base/java.net.InetAddress.getAllByName0(InetAddress.java:1818)
	at java.base/java.net.InetAddress.getAllByName(InetAddress.java:1688)
	at com.mongodb.internal.connection.DefaultInetAddressResolver.lookupByName(DefaultInetAddressResolver.java:34)
	at com.mongodb.internal.connection.ServerAddressHelper.getSocketAddresses(ServerAddressHelper.java:71)
	... 5 common frames omitted
2026-09-18 15:00:32 INFO  [room-creation,traceId=,spanId=] [cluster-ClusterId{value='6aac31b02fc30302e91c7a35', description='Cluster0'}-ac-2s659uf-shard-00-00.pvohmlz.mongodb.net:27017] org.mongodb.driver.cluster - Exception in monitor thread while connecting to server ac-2s659uf-shard-00-00.pvohmlz.mongodb.net:27017
com.mongodb.MongoSocketException: ac-2s659uf-shard-00-00.pvohmlz.mongodb.net
	at com.mongodb.internal.connection.ServerAddressHelper.getSocketAddresses(ServerAddressHelper.java:75)
	at com.mongodb.internal.connection.SocketStream.initializeSocket(SocketStream.java:100)
	at com.mongodb.internal.connection.SocketStream.open(SocketStream.java:79)
	at com.mongodb.internal.connection.InternalStreamConnection.open(InternalStreamConnection.java:233)
	at com.mongodb.internal.connection.DefaultServerMonitor$ServerMonitor.lookupServerDescription(DefaultServerMonitor.java:219)
	at com.mongodb.internal.connection.DefaultServerMonitor$ServerMonitor.run(DefaultServerMonitor.java:176)
Caused by: java.net.UnknownHostException: ac-2s659uf-shard-00-00.pvohmlz.mongodb.net
	at java.base/java.net.InetAddress$CachedLookup.get(InetAddress.java:988)
	at java.base/java.net.InetAddress.getAllByName0(InetAddress.java:1818)
	at java.base/java.net.InetAddress.getAllByName(InetAddress.java:1688)
	at com.mongodb.internal.connection.DefaultInetAddressResolver.lookupByName(DefaultInetAddressResolver.java:34)
	at com.mongodb.internal.connection.ServerAddressHelper.getSocketAddresses(ServerAddressHelper.java:71)
	... 5 common frames omitted
2026-09-18 15:00:44 ERROR [room-creation,traceId=,spanId=] [MessageBroker-1] o.s.s.s.TaskUtils$LoggingErrorHandler - Unexpected error occurred in scheduled task
org.springframework.dao.DataAccessResourceFailureException: Timed out while waiting for a server that matches ReadPreferenceServerSelector{readPreference=primary}. Client view of cluster state is {type=REPLICA_SET, servers=[{address=ac-2s659uf-shard-00-02.pvohmlz.mongodb.net:27017, type=UNKNOWN, state=CONNECTING, exception={com.mongodb.MongoSocketException: ac-2s659uf-shard-00-02.pvohmlz.mongodb.net}, caused by {java.net.UnknownHostException: ac-2s659uf-shard-00-02.pvohmlz.mongodb.net}}, {address=ac-2s659uf-shard-00-01.pvohmlz.mongodb.net:27017, type=UNKNOWN, state=CONNECTING, exception={com.mongodb.MongoSocketException: ac-2s659uf-shard-00-01.pvohmlz.mongodb.net}, caused by {java.net.UnknownHostException: ac-2s659uf-shard-00-01.pvohmlz.mongodb.net}}, {address=ac-2s659uf-shard-00-00.pvohmlz.mongodb.net:27017, type=UNKNOWN, state=CONNECTING, exception={com.mongodb.MongoSocketException: ac-2s659uf-shard-00-00.pvohmlz.mongodb.net}, caused by {java.net.UnknownHostException: ac-2s659uf-shard-00-00.pvohmlz.mongodb.net}}]
	at org.springframework.data.mongodb.core.MongoExceptionTranslator.doTranslateException(MongoExceptionTranslator.java:97)
	at org.springframework.data.mongodb.core.MongoExceptionTranslator.translateExceptionIfPossible(MongoExceptionTranslator.java:74)
	at org.springframework.data.mongodb.core.MongoTemplate.potentiallyConvertRuntimeException(MongoTemplate.java:3008)
	at org.springframework.data.mongodb.core.MongoTemplate.executeFindMultiInternal(MongoTemplate.java:2933)
	at org.springframework.data.mongodb.core.MongoTemplate.doFind(MongoTemplate.java:2631)
	at org.springframework.data.mongodb.core.ExecutableFindOperationSupport$ExecutableFindSupport.doFind(ExecutableFindOperationSupport.java:177)
	at org.springframework.data.mongodb.core.ExecutableFindOperationSupport$ExecutableFindSupport.all(ExecutableFindOperationSupport.java:135)
	at org.springframework.data.mongodb.repository.query.AbstractMongoQuery.lambda$getExecution$4(AbstractMongoQuery.java:226)
	at org.springframework.data.mongodb.repository.query.AbstractMongoQuery.doExecute(AbstractMongoQuery.java:184)
	at org.springframework.data.mongodb.repository.query.AbstractMongoQuery.execute(AbstractMongoQuery.java:156)
	at org.springframework.data.repository.core.support.RepositoryMethodInvoker.doInvoke(RepositoryMethodInvoker.java:170)
	at org.springframework.data.repository.core.support.RepositoryMethodInvoker.invoke(RepositoryMethodInvoker.java:158)
	at org.springframework.data.repository.core.support.QueryExecutorMethodInterceptor.doInvoke(QueryExecutorMethodInterceptor.java:170)
	at org.springframework.data.repository.core.support.QueryExecutorMethodInterceptor.invoke(QueryExecutorMethodInterceptor.java:149)
	at org.springframework.aop.framework.ReflectiveMethodInvocation.proceed(ReflectiveMethodInvocation.java:184)
	at org.springframework.data.projection.DefaultMethodInvokingMethodInterceptor.invoke(DefaultMethodInvokingMethodInterceptor.java:69)
	at org.springframework.aop.framework.ReflectiveMethodInvocation.proceed(ReflectiveMethodInvocation.java:184)
	at org.springframework.data.mongodb.repository.support.CrudMethodMetadataPostProcessor$CrudMethodMetadataPopulatingMethodInterceptor.invoke(CrudMethodMetadataPostProcessor.java:129)
	at org.springframework.aop.framework.ReflectiveMethodInvocation.proceed(ReflectiveMethodInvocation.java:184)
	at org.springframework.aop.framework.JdkDynamicAopProxy.invoke(JdkDynamicAopProxy.java:223)
	at jdk.proxy2/jdk.proxy2.$Proxy131.findByGameStatus(Unknown Source)
	at java.base/jdk.internal.reflect.DirectMethodHandleAccessor.invoke(DirectMethodHandleAccessor.java:103)
	at java.base/java.lang.reflect.Method.invoke(Method.java:580)
	at org.springframework.aop.support.AopUtils.invokeJoinpointUsingReflection(AopUtils.java:359)
	at org.springframework.aop.framework.ReflectiveMethodInvocation.invokeJoinpoint(ReflectiveMethodInvocation.java:196)
	at org.springframework.aop.framework.ReflectiveMethodInvocation.proceed(ReflectiveMethodInvocation.java:163)
	at org.springframework.dao.support.PersistenceExceptionTranslationInterceptor.invoke(PersistenceExceptionTranslationInterceptor.java:138)
	at org.springframework.aop.framework.ReflectiveMethodInvocation.proceed(ReflectiveMethodInvocation.java:184)
	at org.springframework.aop.framework.JdkDynamicAopProxy.invoke(JdkDynamicAopProxy.java:223)
	at jdk.proxy2/jdk.proxy2.$Proxy131.findByGameStatus(Unknown Source)
	at com.sadetech.room_creation.service.RoomService.cleanExpiredRoom(RoomService.java:2018)
	at java.base/jdk.internal.reflect.DirectMethodHandleAccessor.invoke(DirectMethodHandleAccessor.java:103)
	at java.base/java.lang.reflect.Method.invoke(Method.java:580)
	at org.springframework.scheduling.support.ScheduledMethodRunnable.runInternal(ScheduledMethodRunnable.java:130)
	at org.springframework.scheduling.support.ScheduledMethodRunnable.lambda$run$2(ScheduledMethodRunnable.java:124)
	at io.micrometer.observation.Observation.observe(Observation.java:499)
	at org.springframework.scheduling.support.ScheduledMethodRunnable.run(ScheduledMethodRunnable.java:124)
	at org.springframework.scheduling.config.Task$OutcomeTrackingRunnable.run(Task.java:83)
	at org.springframework.scheduling.support.DelegatingErrorHandlingRunnable.run(DelegatingErrorHandlingRunnable.java:54)
	at java.base/java.util.concurrent.Executors$RunnableAdapter.call(Executors.java:572)
	at java.base/java.util.concurrent.FutureTask.runAndReset(FutureTask.java:358)
	at java.base/java.util.concurrent.ScheduledThreadPoolExecutor$ScheduledFutureTask.run(ScheduledThreadPoolExecutor.java:305)
	at java.base/java.util.concurrent.ThreadPoolExecutor.runWorker(ThreadPoolExecutor.java:1144)
	at java.base/java.util.concurrent.ThreadPoolExecutor$Worker.run(ThreadPoolExecutor.java:642)
	at java.base/java.lang.Thread.run(Thread.java:1583)
Caused by: com.mongodb.MongoTimeoutException: Timed out while waiting for a server that matches ReadPreferenceServerSelector{readPreference=primary}. Client view of cluster state is {type=REPLICA_SET, servers=[{address=ac-2s659uf-shard-00-02.pvohmlz.mongodb.net:27017, type=UNKNOWN, state=CONNECTING, exception={com.mongodb.MongoSocketException: ac-2s659uf-shard-00-02.pvohmlz.mongodb.net}, caused by {java.net.UnknownHostException: ac-2s659uf-shard-00-02.pvohmlz.mongodb.net}}, {address=ac-2s659uf-shard-00-01.pvohmlz.mongodb.net:27017, type=UNKNOWN, state=CONNECTING, exception={com.mongodb.MongoSocketException: ac-2s659uf-shard-00-01.pvohmlz.mongodb.net}, caused by {java.net.UnknownHostException: ac-2s659uf-shard-00-01.pvohmlz.mongodb.net}}, {address=ac-2s659uf-shard-00-00.pvohmlz.mongodb.net:27017, type=UNKNOWN, state=CONNECTING, exception={com.mongodb.MongoSocketException: ac-2s659uf-shard-00-00.pvohmlz.mongodb.net}, caused by {java.net.UnknownHostException: ac-2s659uf-shard-00-00.pvohmlz.mongodb.net}}]
	at com.mongodb.internal.connection.BaseCluster.logAndThrowTimeoutException(BaseCluster.java:427)
	at com.mongodb.internal.connection.BaseCluster.lambda$selectServer$0(BaseCluster.java:154)
	at com.mongodb.internal.time.Timeout.lambda$onExistsAndExpired$16(Timeout.java:236)
	at com.mongodb.internal.time.Timeout.lambda$run$10(Timeout.java:201)
	at com.mongodb.internal.time.TimePoint.checkedCall(TimePoint.java:98)
	at com.mongodb.internal.time.Timeout.call(Timeout.java:174)
	at com.mongodb.internal.time.Timeout.run(Timeout.java:194)
	at com.mongodb.internal.time.Timeout.onExistsAndExpired(Timeout.java:233)
	at com.mongodb.internal.time.Timeout.onExpired(Timeout.java:226)
	at com.mongodb.internal.connection.BaseCluster.selectServer(BaseCluster.java:153)
	at com.mongodb.internal.connection.AbstractMultiServerCluster.selectServer(AbstractMultiServerCluster.java:59)
	at com.mongodb.internal.binding.ClusterBinding.getReadConnectionSource(ClusterBinding.java:82)
	at com.mongodb.client.internal.ClientSessionBinding.getConnectionSource(ClientSessionBinding.java:108)
	at com.mongodb.client.internal.ClientSessionBinding.getReadConnectionSource(ClientSessionBinding.java:88)
	at com.mongodb.internal.operation.SyncOperationHelper.withSuppliedResource(SyncOperationHelper.java:148)
	at com.mongodb.internal.operation.SyncOperationHelper.withSourceAndConnection(SyncOperationHelper.java:129)
	at com.mongodb.internal.operation.FindOperation.lambda$execute$2(FindOperation.java:296)
	at com.mongodb.internal.operation.SyncOperationHelper.lambda$decorateReadWithRetries$13(SyncOperationHelper.java:317)
	at com.mongodb.internal.async.function.RetryingSyncSupplier.get(RetryingSyncSupplier.java:67)
	at com.mongodb.internal.operation.FindOperation.execute(FindOperation.java:307)
	at com.mongodb.internal.operation.FindOperation.execute(FindOperation.java:70)
	at com.mongodb.client.internal.MongoClusterImpl$OperationExecutorImpl.execute(MongoClusterImpl.java:358)
	at com.mongodb.client.internal.MongoIterableImpl.execute(MongoIterableImpl.java:156)
	at com.mongodb.client.internal.MongoIterableImpl.iterator(MongoIterableImpl.java:116)
	at org.springframework.data.mongodb.core.MongoTemplate.executeFindMultiInternal(MongoTemplate.java:2920)
	... 41 common frames omitted
2026-09-18 15:00:54 INFO  [room-creation,traceId=,spanId=] [MessageBroker-2] org.mongodb.driver.cluster - Waiting for server to become available for operation with ID 7140. Remaining time: 29999 ms. Selector: ReadPreferenceServerSelector{readPreference=primary}, topology description: {type=REPLICA_SET, servers=[{address=ac-2s659uf-shard-00-02.pvohmlz.mongodb.net:27017, type=UNKNOWN, state=CONNECTING, exception={com.mongodb.MongoSocketException: ac-2s659uf-shard-00-02.pvohmlz.mongodb.net}, caused by {java.net.UnknownHostException: ac-2s659uf-shard-00-02.pvohmlz.mongodb.net}}, {address=ac-2s659uf-shard-00-01.pvohmlz.mongodb.net:27017, type=UNKNOWN, state=CONNECTING, exception={com.mongodb.MongoSocketException: ac-2s659uf-shard-00-01.pvohmlz.mongodb.net}, caused by {java.net.UnknownHostException: ac-2s659uf-shard-00-01.pvohmlz.mongodb.net}}, {address=ac-2s659uf-shard-00-00.pvohmlz.mongodb.net:27017, type=UNKNOWN, state=CONNECTING, exception={com.mongodb.MongoSocketException: ac-2s659uf-shard-00-00.pvohmlz.mongodb.net}, caused by {java.net.UnknownHostException: ac-2s659uf-shard-00-00.pvohmlz.mongodb.net}}].
2026-09-18 15:01:12 INFO  [room-creation,traceId=,spanId=] [cluster-ClusterId{value='6aac31b02fc30302e91c7a35', description='Cluster0'}-ac-2s659uf-shard-00-00.pvohmlz.mongodb.net:27017] org.mongodb.driver.cluster - Exception in monitor thread while connecting to server ac-2s659uf-shard-00-00.pvohmlz.mongodb.net:27017
com.mongodb.MongoSocketException: No such host is known (ac-2s659uf-shard-00-00.pvohmlz.mongodb.net)
	at com.mongodb.internal.connection.ServerAddressHelper.getSocketAddresses(ServerAddressHelper.java:75)
	at com.mongodb.internal.connection.SocketStream.initializeSocket(SocketStream.java:100)
	at com.mongodb.internal.connection.SocketStream.open(SocketStream.java:79)
	at com.mongodb.internal.connection.InternalStreamConnection.open(InternalStreamConnection.java:233)
	at com.mongodb.internal.connection.DefaultServerMonitor$ServerMonitor.lookupServerDescription(DefaultServerMonitor.java:219)
	at com.mongodb.internal.connection.DefaultServerMonitor$ServerMonitor.run(DefaultServerMonitor.java:176)
Caused by: java.net.UnknownHostException: No such host is known (ac-2s659uf-shard-00-00.pvohmlz.mongodb.net)
	at java.base/java.net.Inet6AddressImpl.lookupAllHostAddr(Native Method)
	at java.base/java.net.Inet6AddressImpl.lookupAllHostAddr(Inet6AddressImpl.java:52)
	at java.base/java.net.InetAddress$PlatformResolver.lookupByName(InetAddress.java:1211)
	at java.base/java.net.InetAddress.getAddressesFromNameService(InetAddress.java:1828)
	at java.base/java.net.InetAddress$NameServiceAddresses.get(InetAddress.java:1139)
	at java.base/java.net.InetAddress.getAllByName0(InetAddress.java:1818)
	at java.base/java.net.InetAddress.getAllByName(InetAddress.java:1688)
	at com.mongodb.internal.connection.DefaultInetAddressResolver.lookupByName(DefaultInetAddressResolver.java:34)
	at com.mongodb.internal.connection.ServerAddressHelper.getSocketAddresses(ServerAddressHelper.java:71)
	... 5 common frames omitted
2026-09-18 15:01:12 INFO  [room-creation,traceId=,spanId=] [cluster-ClusterId{value='6aac31b02fc30302e91c7a35', description='Cluster0'}-ac-2s659uf-shard-00-00.pvohmlz.mongodb.net:27017] org.mongodb.driver.cluster - Exception in monitor thread while connecting to server ac-2s659uf-shard-00-00.pvohmlz.mongodb.net:27017
com.mongodb.MongoSocketException: ac-2s659uf-shard-00-00.pvohmlz.mongodb.net
	at com.mongodb.internal.connection.ServerAddressHelper.getSocketAddresses(ServerAddressHelper.java:75)
	at com.mongodb.internal.connection.SocketStream.initializeSocket(SocketStream.java:100)
	at com.mongodb.internal.connection.SocketStream.open(SocketStream.java:79)
	at com.mongodb.internal.connection.InternalStreamConnection.open(InternalStreamConnection.java:233)
	at com.mongodb.internal.connection.DefaultServerMonitor$ServerMonitor.lookupServerDescription(DefaultServerMonitor.java:219)
	at com.mongodb.internal.connection.DefaultServerMonitor$ServerMonitor.run(DefaultServerMonitor.java:176)
Caused by: java.net.UnknownHostException: ac-2s659uf-shard-00-00.pvohmlz.mongodb.net
	at java.base/java.net.InetAddress$CachedLookup.get(InetAddress.java:988)
	at java.base/java.net.InetAddress.getAllByName0(InetAddress.java:1818)
	at java.base/java.net.InetAddress.getAllByName(InetAddress.java:1688)
	at com.mongodb.internal.connection.DefaultInetAddressResolver.lookupByName(DefaultInetAddressResolver.java:34)
	at com.mongodb.internal.connection.ServerAddressHelper.getSocketAddresses(ServerAddressHelper.java:71)
	... 5 common frames omitted
2026-09-18 15:01:24 ERROR [room-creation,traceId=,spanId=] [MessageBroker-2] o.s.s.s.TaskUtils$LoggingErrorHandler - Unexpected error occurred in scheduled task
org.springframework.dao.DataAccessResourceFailureException: Timed out while waiting for a server that matches ReadPreferenceServerSelector{readPreference=primary}. Client view of cluster state is {type=REPLICA_SET, servers=[{address=ac-2s659uf-shard-00-02.pvohmlz.mongodb.net:27017, type=UNKNOWN, state=CONNECTING, exception={com.mongodb.MongoSocketException: ac-2s659uf-shard-00-02.pvohmlz.mongodb.net}, caused by {java.net.UnknownHostException: ac-2s659uf-shard-00-02.pvohmlz.mongodb.net}}, {address=ac-2s659uf-shard-00-01.pvohmlz.mongodb.net:27017, type=UNKNOWN, state=CONNECTING, exception={com.mongodb.MongoSocketException: ac-2s659uf-shard-00-01.pvohmlz.mongodb.net}, caused by {java.net.UnknownHostException: ac-2s659uf-shard-00-01.pvohmlz.mongodb.net}}, {address=ac-2s659uf-shard-00-00.pvohmlz.mongodb.net:27017, type=UNKNOWN, state=CONNECTING, exception={com.mongodb.MongoSocketException: ac-2s659uf-shard-00-00.pvohmlz.mongodb.net}, caused by {java.net.UnknownHostException: ac-2s659uf-shard-00-00.pvohmlz.mongodb.net}}]
	at org.springframework.data.mongodb.core.MongoExceptionTranslator.doTranslateException(MongoExceptionTranslator.java:97)
	at org.springframework.data.mongodb.core.MongoExceptionTranslator.translateExceptionIfPossible(MongoExceptionTranslator.java:74)
	at org.springframework.data.mongodb.core.MongoTemplate.potentiallyConvertRuntimeException(MongoTemplate.java:3008)
	at org.springframework.data.mongodb.core.MongoTemplate.executeFindMultiInternal(MongoTemplate.java:2933)
	at org.springframework.data.mongodb.core.MongoTemplate.doFind(MongoTemplate.java:2631)
	at org.springframework.data.mongodb.core.ExecutableFindOperationSupport$ExecutableFindSupport.doFind(ExecutableFindOperationSupport.java:177)
	at org.springframework.data.mongodb.core.ExecutableFindOperationSupport$ExecutableFindSupport.all(ExecutableFindOperationSupport.java:135)
	at org.springframework.data.mongodb.repository.query.AbstractMongoQuery.lambda$getExecution$4(AbstractMongoQuery.java:226)
	at org.springframework.data.mongodb.repository.query.AbstractMongoQuery.doExecute(AbstractMongoQuery.java:184)
	at org.springframework.data.mongodb.repository.query.AbstractMongoQuery.execute(AbstractMongoQuery.java:156)
	at org.springframework.data.repository.core.support.RepositoryMethodInvoker.doInvoke(RepositoryMethodInvoker.java:170)
	at org.springframework.data.repository.core.support.RepositoryMethodInvoker.invoke(RepositoryMethodInvoker.java:158)
	at org.springframework.data.repository.core.support.QueryExecutorMethodInterceptor.doInvoke(QueryExecutorMethodInterceptor.java:170)
	at org.springframework.data.repository.core.support.QueryExecutorMethodInterceptor.invoke(QueryExecutorMethodInterceptor.java:149)
	at org.springframework.aop.framework.ReflectiveMethodInvocation.proceed(ReflectiveMethodInvocation.java:184)
	at org.springframework.data.projection.DefaultMethodInvokingMethodInterceptor.invoke(DefaultMethodInvokingMethodInterceptor.java:69)
	at org.springframework.aop.framework.ReflectiveMethodInvocation.proceed(ReflectiveMethodInvocation.java:184)
	at org.springframework.data.mongodb.repository.support.CrudMethodMetadataPostProcessor$CrudMethodMetadataPopulatingMethodInterceptor.invoke(CrudMethodMetadataPostProcessor.java:129)
	at org.springframework.aop.framework.ReflectiveMethodInvocation.proceed(ReflectiveMethodInvocation.java:184)
	at org.springframework.aop.framework.JdkDynamicAopProxy.invoke(JdkDynamicAopProxy.java:223)
	at jdk.proxy2/jdk.proxy2.$Proxy131.findByGameStatus(Unknown Source)
	at java.base/jdk.internal.reflect.DirectMethodHandleAccessor.invoke(DirectMethodHandleAccessor.java:103)
	at java.base/java.lang.reflect.Method.invoke(Method.java:580)
	at org.springframework.aop.support.AopUtils.invokeJoinpointUsingReflection(AopUtils.java:359)
	at org.springframework.aop.framework.ReflectiveMethodInvocation.invokeJoinpoint(ReflectiveMethodInvocation.java:196)
	at org.springframework.aop.framework.ReflectiveMethodInvocation.proceed(ReflectiveMethodInvocation.java:163)
	at org.springframework.dao.support.PersistenceExceptionTranslationInterceptor.invoke(PersistenceExceptionTranslationInterceptor.java:138)
	at org.springframework.aop.framework.ReflectiveMethodInvocation.proceed(ReflectiveMethodInvocation.java:184)
	at org.springframework.aop.framework.JdkDynamicAopProxy.invoke(JdkDynamicAopProxy.java:223)
	at jdk.proxy2/jdk.proxy2.$Proxy131.findByGameStatus(Unknown Source)
	at com.sadetech.room_creation.service.RoomService.cleanExpiredRoom(RoomService.java:2018)
	at java.base/jdk.internal.reflect.DirectMethodHandleAccessor.invoke(DirectMethodHandleAccessor.java:103)
	at java.base/java.lang.reflect.Method.invoke(Method.java:580)
	at org.springframework.scheduling.support.ScheduledMethodRunnable.runInternal(ScheduledMethodRunnable.java:130)
	at org.springframework.scheduling.support.ScheduledMethodRunnable.lambda$run$2(ScheduledMethodRunnable.java:124)
	at io.micrometer.observation.Observation.observe(Observation.java:499)
	at org.springframework.scheduling.support.ScheduledMethodRunnable.run(ScheduledMethodRunnable.java:124)
	at org.springframework.scheduling.config.Task$OutcomeTrackingRunnable.run(Task.java:83)
	at org.springframework.scheduling.support.DelegatingErrorHandlingRunnable.run(DelegatingErrorHandlingRunnable.java:54)
	at java.base/java.util.concurrent.Executors$RunnableAdapter.call(Executors.java:572)
	at java.base/java.util.concurrent.FutureTask.runAndReset(FutureTask.java:358)
	at java.base/java.util.concurrent.ScheduledThreadPoolExecutor$ScheduledFutureTask.run(ScheduledThreadPoolExecutor.java:305)
	at java.base/java.util.concurrent.ThreadPoolExecutor.runWorker(ThreadPoolExecutor.java:1144)
	at java.base/java.util.concurrent.ThreadPoolExecutor$Worker.run(ThreadPoolExecutor.java:642)
	at java.base/java.lang.Thread.run(Thread.java:1583)
Caused by: com.mongodb.MongoTimeoutException: Timed out while waiting for a server that matches ReadPreferenceServerSelector{readPreference=primary}. Client view of cluster state is {type=REPLICA_SET, servers=[{address=ac-2s659uf-shard-00-02.pvohmlz.mongodb.net:27017, type=UNKNOWN, state=CONNECTING, exception={com.mongodb.MongoSocketException: ac-2s659uf-shard-00-02.pvohmlz.mongodb.net}, caused by {java.net.UnknownHostException: ac-2s659uf-shard-00-02.pvohmlz.mongodb.net}}, {address=ac-2s659uf-shard-00-01.pvohmlz.mongodb.net:27017, type=UNKNOWN, state=CONNECTING, exception={com.mongodb.MongoSocketException: ac-2s659uf-shard-00-01.pvohmlz.mongodb.net}, caused by {java.net.UnknownHostException: ac-2s659uf-shard-00-01.pvohmlz.mongodb.net}}, {address=ac-2s659uf-shard-00-00.pvohmlz.mongodb.net:27017, type=UNKNOWN, state=CONNECTING, exception={com.mongodb.MongoSocketException: ac-2s659uf-shard-00-00.pvohmlz.mongodb.net}, caused by {java.net.UnknownHostException: ac-2s659uf-shard-00-00.pvohmlz.mongodb.net}}]
	at com.mongodb.internal.connection.BaseCluster.logAndThrowTimeoutException(BaseCluster.java:427)
	at com.mongodb.internal.connection.BaseCluster.lambda$selectServer$0(BaseCluster.java:154)
	at com.mongodb.internal.time.Timeout.lambda$onExistsAndExpired$16(Timeout.java:236)
	at com.mongodb.internal.time.Timeout.lambda$run$10(Timeout.java:201)
	at com.mongodb.internal.time.TimePoint.checkedCall(TimePoint.java:98)
	at com.mongodb.internal.time.Timeout.call(Timeout.java:174)
	at com.mongodb.internal.time.Timeout.run(Timeout.java:194)
	at com.mongodb.internal.time.Timeout.onExistsAndExpired(Timeout.java:233)
	at com.mongodb.internal.time.Timeout.onExpired(Timeout.java:226)
	at com.mongodb.internal.connection.BaseCluster.selectServer(BaseCluster.java:153)
	at com.mongodb.internal.connection.AbstractMultiServerCluster.selectServer(AbstractMultiServerCluster.java:59)
	at com.mongodb.internal.binding.ClusterBinding.getReadConnectionSource(ClusterBinding.java:82)
	at com.mongodb.client.internal.ClientSessionBinding.getConnectionSource(ClientSessionBinding.java:108)
	at com.mongodb.client.internal.ClientSessionBinding.getReadConnectionSource(ClientSessionBinding.java:88)
	at com.mongodb.internal.operation.SyncOperationHelper.withSuppliedResource(SyncOperationHelper.java:148)
	at com.mongodb.internal.operation.SyncOperationHelper.withSourceAndConnection(SyncOperationHelper.java:129)
	at com.mongodb.internal.operation.FindOperation.lambda$execute$2(FindOperation.java:296)
	at com.mongodb.internal.operation.SyncOperationHelper.lambda$decorateReadWithRetries$13(SyncOperationHelper.java:317)
	at com.mongodb.internal.async.function.RetryingSyncSupplier.get(RetryingSyncSupplier.java:67)
	at com.mongodb.internal.operation.FindOperation.execute(FindOperation.java:307)
	at com.mongodb.internal.operation.FindOperation.execute(FindOperation.java:70)
	at com.mongodb.client.internal.MongoClusterImpl$OperationExecutorImpl.execute(MongoClusterImpl.java:358)
	at com.mongodb.client.internal.MongoIterableImpl.execute(MongoIterableImpl.java:156)
	at com.mongodb.client.internal.MongoIterableImpl.iterator(MongoIterableImpl.java:116)
	at org.springframework.data.mongodb.core.MongoTemplate.executeFindMultiInternal(MongoTemplate.java:2920)
	... 41 common frames omitted
2026-09-18 15:01:34 INFO  [room-creation,traceId=,spanId=] [MessageBroker-2] org.mongodb.driver.cluster - Waiting for server to become available for operation with ID 7333. Remaining time: 29999 ms. Selector: ReadPreferenceServerSelector{readPreference=primary}, topology description: {type=REPLICA_SET, servers=[{address=ac-2s659uf-shard-00-02.pvohmlz.mongodb.net:27017, type=UNKNOWN, state=CONNECTING, exception={com.mongodb.MongoSocketException: ac-2s659uf-shard-00-02.pvohmlz.mongodb.net}, caused by {java.net.UnknownHostException: ac-2s659uf-shard-00-02.pvohmlz.mongodb.net}}, {address=ac-2s659uf-shard-00-01.pvohmlz.mongodb.net:27017, type=UNKNOWN, state=CONNECTING, exception={com.mongodb.MongoSocketException: ac-2s659uf-shard-00-01.pvohmlz.mongodb.net}, caused by {java.net.UnknownHostException: ac-2s659uf-shard-00-01.pvohmlz.mongodb.net}}, {address=ac-2s659uf-shard-00-00.pvohmlz.mongodb.net:27017, type=UNKNOWN, state=CONNECTING, exception={com.mongodb.MongoSocketException: ac-2s659uf-shard-00-00.pvohmlz.mongodb.net}, caused by {java.net.UnknownHostException: ac-2s659uf-shard-00-00.pvohmlz.mongodb.net}}].
2026-09-18 15:02:04 ERROR [room-creation,traceId=,spanId=] [MessageBroker-2] o.s.s.s.TaskUtils$LoggingErrorHandler - Unexpected error occurred in scheduled task
org.springframework.dao.DataAccessResourceFailureException: Timed out while waiting for a server that matches ReadPreferenceServerSelector{readPreference=primary}. Client view of cluster state is {type=REPLICA_SET, servers=[{address=ac-2s659uf-shard-00-02.pvohmlz.mongodb.net:27017, type=UNKNOWN, state=CONNECTING, exception={com.mongodb.MongoSocketException: ac-2s659uf-shard-00-02.pvohmlz.mongodb.net}, caused by {java.net.UnknownHostException: ac-2s659uf-shard-00-02.pvohmlz.mongodb.net}}, {address=ac-2s659uf-shard-00-01.pvohmlz.mongodb.net:27017, type=UNKNOWN, state=CONNECTING, exception={com.mongodb.MongoSocketException: ac-2s659uf-shard-00-01.pvohmlz.mongodb.net}, caused by {java.net.UnknownHostException: ac-2s659uf-shard-00-01.pvohmlz.mongodb.net}}, {address=ac-2s659uf-shard-00-00.pvohmlz.mongodb.net:27017, type=UNKNOWN, state=CONNECTING, exception={com.mongodb.MongoSocketException: ac-2s659uf-shard-00-00.pvohmlz.mongodb.net}, caused by {java.net.UnknownHostException: ac-2s659uf-shard-00-00.pvohmlz.mongodb.net}}]
	at org.springframework.data.mongodb.core.MongoExceptionTranslator.doTranslateException(MongoExceptionTranslator.java:97)
	at org.springframework.data.mongodb.core.MongoExceptionTranslator.translateExceptionIfPossible(MongoExceptionTranslator.java:74)
	at org.springframework.data.mongodb.core.MongoTemplate.potentiallyConvertRuntimeException(MongoTemplate.java:3008)
	at org.springframework.data.mongodb.core.MongoTemplate.executeFindMultiInternal(MongoTemplate.java:2933)
	at org.springframework.data.mongodb.core.MongoTemplate.doFind(MongoTemplate.java:2631)
	at org.springframework.data.mongodb.core.ExecutableFindOperationSupport$ExecutableFindSupport.doFind(ExecutableFindOperationSupport.java:177)
	at org.springframework.data.mongodb.core.ExecutableFindOperationSupport$ExecutableFindSupport.all(ExecutableFindOperationSupport.java:135)
	at org.springframework.data.mongodb.repository.query.AbstractMongoQuery.lambda$getExecution$4(AbstractMongoQuery.java:226)
	at org.springframework.data.mongodb.repository.query.AbstractMongoQuery.doExecute(AbstractMongoQuery.java:184)
	at org.springframework.data.mongodb.repository.query.AbstractMongoQuery.execute(AbstractMongoQuery.java:156)
	at org.springframework.data.repository.core.support.RepositoryMethodInvoker.doInvoke(RepositoryMethodInvoker.java:170)
	at org.springframework.data.repository.core.support.RepositoryMethodInvoker.invoke(RepositoryMethodInvoker.java:158)
	at org.springframework.data.repository.core.support.QueryExecutorMethodInterceptor.doInvoke(QueryExecutorMethodInterceptor.java:170)
	at org.springframework.data.repository.core.support.QueryExecutorMethodInterceptor.invoke(QueryExecutorMethodInterceptor.java:149)
	at org.springframework.aop.framework.ReflectiveMethodInvocation.proceed(ReflectiveMethodInvocation.java:184)
	at org.springframework.data.projection.DefaultMethodInvokingMethodInterceptor.invoke(DefaultMethodInvokingMethodInterceptor.java:69)
	at org.springframework.aop.framework.ReflectiveMethodInvocation.proceed(ReflectiveMethodInvocation.java:184)
	at org.springframework.data.mongodb.repository.support.CrudMethodMetadataPostProcessor$CrudMethodMetadataPopulatingMethodInterceptor.invoke(CrudMethodMetadataPostProcessor.java:129)
	at org.springframework.aop.framework.ReflectiveMethodInvocation.proceed(ReflectiveMethodInvocation.java:184)
	at org.springframework.aop.framework.JdkDynamicAopProxy.invoke(JdkDynamicAopProxy.java:223)
	at jdk.proxy2/jdk.proxy2.$Proxy131.findByGameStatus(Unknown Source)
	at java.base/jdk.internal.reflect.DirectMethodHandleAccessor.invoke(DirectMethodHandleAccessor.java:103)
	at java.base/java.lang.reflect.Method.invoke(Method.java:580)
	at org.springframework.aop.support.AopUtils.invokeJoinpointUsingReflection(AopUtils.java:359)
	at org.springframework.aop.framework.ReflectiveMethodInvocation.invokeJoinpoint(ReflectiveMethodInvocation.java:196)
	at org.springframework.aop.framework.ReflectiveMethodInvocation.proceed(ReflectiveMethodInvocation.java:163)
	at org.springframework.dao.support.PersistenceExceptionTranslationInterceptor.invoke(PersistenceExceptionTranslationInterceptor.java:138)
	at org.springframework.aop.framework.ReflectiveMethodInvocation.proceed(ReflectiveMethodInvocation.java:184)
	at org.springframework.aop.framework.JdkDynamicAopProxy.invoke(JdkDynamicAopProxy.java:223)
	at jdk.proxy2/jdk.proxy2.$Proxy131.findByGameStatus(Unknown Source)
	at com.sadetech.room_creation.service.RoomService.cleanExpiredRoom(RoomService.java:2018)
	at java.base/jdk.internal.reflect.DirectMethodHandleAccessor.invoke(DirectMethodHandleAccessor.java:103)
	at java.base/java.lang.reflect.Method.invoke(Method.java:580)
	at org.springframework.scheduling.support.ScheduledMethodRunnable.runInternal(ScheduledMethodRunnable.java:130)
	at org.springframework.scheduling.support.ScheduledMethodRunnable.lambda$run$2(ScheduledMethodRunnable.java:124)
	at io.micrometer.observation.Observation.observe(Observation.java:499)
	at org.springframework.scheduling.support.ScheduledMethodRunnable.run(ScheduledMethodRunnable.java:124)
	at org.springframework.scheduling.config.Task$OutcomeTrackingRunnable.run(Task.java:83)
	at org.springframework.scheduling.support.DelegatingErrorHandlingRunnable.run(DelegatingErrorHandlingRunnable.java:54)
	at java.base/java.util.concurrent.Executors$RunnableAdapter.call(Executors.java:572)
	at java.base/java.util.concurrent.FutureTask.runAndReset(FutureTask.java:358)
	at java.base/java.util.concurrent.ScheduledThreadPoolExecutor$ScheduledFutureTask.run(ScheduledThreadPoolExecutor.java:305)
	at java.base/java.util.concurrent.ThreadPoolExecutor.runWorker(ThreadPoolExecutor.java:1144)
	at java.base/java.util.concurrent.ThreadPoolExecutor$Worker.run(ThreadPoolExecutor.java:642)
	at java.base/java.lang.Thread.run(Thread.java:1583)
Caused by: com.mongodb.MongoTimeoutException: Timed out while waiting for a server that matches ReadPreferenceServerSelector{readPreference=primary}. Client view of cluster state is {type=REPLICA_SET, servers=[{address=ac-2s659uf-shard-00-02.pvohmlz.mongodb.net:27017, type=UNKNOWN, state=CONNECTING, exception={com.mongodb.MongoSocketException: ac-2s659uf-shard-00-02.pvohmlz.mongodb.net}, caused by {java.net.UnknownHostException: ac-2s659uf-shard-00-02.pvohmlz.mongodb.net}}, {address=ac-2s659uf-shard-00-01.pvohmlz.mongodb.net:27017, type=UNKNOWN, state=CONNECTING, exception={com.mongodb.MongoSocketException: ac-2s659uf-shard-00-01.pvohmlz.mongodb.net}, caused by {java.net.UnknownHostException: ac-2s659uf-shard-00-01.pvohmlz.mongodb.net}}, {address=ac-2s659uf-shard-00-00.pvohmlz.mongodb.net:27017, type=UNKNOWN, state=CONNECTING, exception={com.mongodb.MongoSocketException: ac-2s659uf-shard-00-00.pvohmlz.mongodb.net}, caused by {java.net.UnknownHostException: ac-2s659uf-shard-00-00.pvohmlz.mongodb.net}}]
	at com.mongodb.internal.connection.BaseCluster.logAndThrowTimeoutException(BaseCluster.java:427)
	at com.mongodb.internal.connection.BaseCluster.lambda$selectServer$0(BaseCluster.java:154)
	at com.mongodb.internal.time.Timeout.lambda$onExistsAndExpired$16(Timeout.java:236)
	at com.mongodb.internal.time.Timeout.lambda$run$10(Timeout.java:201)
	at com.mongodb.internal.time.TimePoint.checkedCall(TimePoint.java:98)
	at com.mongodb.internal.time.Timeout.call(Timeout.java:174)
	at com.mongodb.internal.time.Timeout.run(Timeout.java:194)
	at com.mongodb.internal.time.Timeout.onExistsAndExpired(Timeout.java:233)
	at com.mongodb.internal.time.Timeout.onExpired(Timeout.java:226)
	at com.mongodb.internal.connection.BaseCluster.selectServer(BaseCluster.java:153)
	at com.mongodb.internal.connection.AbstractMultiServerCluster.selectServer(AbstractMultiServerCluster.java:59)
	at com.mongodb.internal.binding.ClusterBinding.getReadConnectionSource(ClusterBinding.java:82)
	at com.mongodb.client.internal.ClientSessionBinding.getConnectionSource(ClientSessionBinding.java:108)
	at com.mongodb.client.internal.ClientSessionBinding.getReadConnectionSource(ClientSessionBinding.java:88)
	at com.mongodb.internal.operation.SyncOperationHelper.withSuppliedResource(SyncOperationHelper.java:148)
	at com.mongodb.internal.operation.SyncOperationHelper.withSourceAndConnection(SyncOperationHelper.java:129)
	at com.mongodb.internal.operation.FindOperation.lambda$execute$2(FindOperation.java:296)
	at com.mongodb.internal.operation.SyncOperationHelper.lambda$decorateReadWithRetries$13(SyncOperationHelper.java:317)
	at com.mongodb.internal.async.function.RetryingSyncSupplier.get(RetryingSyncSupplier.java:67)
	at com.mongodb.internal.operation.FindOperation.execute(FindOperation.java:307)
	at com.mongodb.internal.operation.FindOperation.execute(FindOperation.java:70)
	at com.mongodb.client.internal.MongoClusterImpl$OperationExecutorImpl.execute(MongoClusterImpl.java:358)
	at com.mongodb.client.internal.MongoIterableImpl.execute(MongoIterableImpl.java:156)
	at com.mongodb.client.internal.MongoIterableImpl.iterator(MongoIterableImpl.java:116)
	at org.springframework.data.mongodb.core.MongoTemplate.executeFindMultiInternal(MongoTemplate.java:2920)
	... 41 common frames omitted
2026-09-18 15:02:14 INFO  [room-creation,traceId=,spanId=] [MessageBroker-2] org.mongodb.driver.cluster - Waiting for server to become available for operation with ID 7526. Remaining time: 29999 ms. Selector: ReadPreferenceServerSelector{readPreference=primary}, topology description: {type=REPLICA_SET, servers=[{address=ac-2s659uf-shard-00-02.pvohmlz.mongodb.net:27017, type=UNKNOWN, state=CONNECTING, exception={com.mongodb.MongoSocketException: ac-2s659uf-shard-00-02.pvohmlz.mongodb.net}, caused by {java.net.UnknownHostException: ac-2s659uf-shard-00-02.pvohmlz.mongodb.net}}, {address=ac-2s659uf-shard-00-01.pvohmlz.mongodb.net:27017, type=UNKNOWN, state=CONNECTING, exception={com.mongodb.MongoSocketException: ac-2s659uf-shard-00-01.pvohmlz.mongodb.net}, caused by {java.net.UnknownHostException: ac-2s659uf-shard-00-01.pvohmlz.mongodb.net}}, {address=ac-2s659uf-shard-00-00.pvohmlz.mongodb.net:27017, type=UNKNOWN, state=CONNECTING, exception={com.mongodb.MongoSocketException: ac-2s659uf-shard-00-00.pvohmlz.mongodb.net}, caused by {java.net.UnknownHostException: ac-2s659uf-shard-00-00.pvohmlz.mongodb.net}}].
2026-09-18 15:02:44 ERROR [room-creation,traceId=,spanId=] [MessageBroker-2] o.s.s.s.TaskUtils$LoggingErrorHandler - Unexpected error occurred in scheduled task
org.springframework.dao.DataAccessResourceFailureException: Timed out while waiting for a server that matches ReadPreferenceServerSelector{readPreference=primary}. Client view of cluster state is {type=REPLICA_SET, servers=[{address=ac-2s659uf-shard-00-02.pvohmlz.mongodb.net:27017, type=UNKNOWN, state=CONNECTING, exception={com.mongodb.MongoSocketException: ac-2s659uf-shard-00-02.pvohmlz.mongodb.net}, caused by {java.net.UnknownHostException: ac-2s659uf-shard-00-02.pvohmlz.mongodb.net}}, {address=ac-2s659uf-shard-00-01.pvohmlz.mongodb.net:27017, type=UNKNOWN, state=CONNECTING, exception={com.mongodb.MongoSocketException: ac-2s659uf-shard-00-01.pvohmlz.mongodb.net}, caused by {java.net.UnknownHostException: ac-2s659uf-shard-00-01.pvohmlz.mongodb.net}}, {address=ac-2s659uf-shard-00-00.pvohmlz.mongodb.net:27017, type=UNKNOWN, state=CONNECTING, exception={com.mongodb.MongoSocketException: ac-2s659uf-shard-00-00.pvohmlz.mongodb.net}, caused by {java.net.UnknownHostException: ac-2s659uf-shard-00-00.pvohmlz.mongodb.net}}]
	at org.springframework.data.mongodb.core.MongoExceptionTranslator.doTranslateException(MongoExceptionTranslator.java:97)
	at org.springframework.data.mongodb.core.MongoExceptionTranslator.translateExceptionIfPossible(MongoExceptionTranslator.java:74)
	at org.springframework.data.mongodb.core.MongoTemplate.potentiallyConvertRuntimeException(MongoTemplate.java:3008)
	at org.springframework.data.mongodb.core.MongoTemplate.executeFindMultiInternal(MongoTemplate.java:2933)
	at org.springframework.data.mongodb.core.MongoTemplate.doFind(MongoTemplate.java:2631)
	at org.springframework.data.mongodb.core.ExecutableFindOperationSupport$ExecutableFindSupport.doFind(ExecutableFindOperationSupport.java:177)
	at org.springframework.data.mongodb.core.ExecutableFindOperationSupport$ExecutableFindSupport.all(ExecutableFindOperationSupport.java:135)
	at org.springframework.data.mongodb.repository.query.AbstractMongoQuery.lambda$getExecution$4(AbstractMongoQuery.java:226)
	at org.springframework.data.mongodb.repository.query.AbstractMongoQuery.doExecute(AbstractMongoQuery.java:184)
	at org.springframework.data.mongodb.repository.query.AbstractMongoQuery.execute(AbstractMongoQuery.java:156)
	at org.springframework.data.repository.core.support.RepositoryMethodInvoker.doInvoke(RepositoryMethodInvoker.java:170)
	at org.springframework.data.repository.core.support.RepositoryMethodInvoker.invoke(RepositoryMethodInvoker.java:158)
	at org.springframework.data.repository.core.support.QueryExecutorMethodInterceptor.doInvoke(QueryExecutorMethodInterceptor.java:170)
	at org.springframework.data.repository.core.support.QueryExecutorMethodInterceptor.invoke(QueryExecutorMethodInterceptor.java:149)
	at org.springframework.aop.framework.ReflectiveMethodInvocation.proceed(ReflectiveMethodInvocation.java:184)
	at org.springframework.data.projection.DefaultMethodInvokingMethodInterceptor.invoke(DefaultMethodInvokingMethodInterceptor.java:69)
	at org.springframework.aop.framework.ReflectiveMethodInvocation.proceed(ReflectiveMethodInvocation.java:184)
	at org.springframework.data.mongodb.repository.support.CrudMethodMetadataPostProcessor$CrudMethodMetadataPopulatingMethodInterceptor.invoke(CrudMethodMetadataPostProcessor.java:129)
	at org.springframework.aop.framework.ReflectiveMethodInvocation.proceed(ReflectiveMethodInvocation.java:184)
	at org.springframework.aop.framework.JdkDynamicAopProxy.invoke(JdkDynamicAopProxy.java:223)
	at jdk.proxy2/jdk.proxy2.$Proxy131.findByGameStatus(Unknown Source)
	at java.base/jdk.internal.reflect.DirectMethodHandleAccessor.invoke(DirectMethodHandleAccessor.java:103)
	at java.base/java.lang.reflect.Method.invoke(Method.java:580)
	at org.springframework.aop.support.AopUtils.invokeJoinpointUsingReflection(AopUtils.java:359)
	at org.springframework.aop.framework.ReflectiveMethodInvocation.invokeJoinpoint(ReflectiveMethodInvocation.java:196)
	at org.springframework.aop.framework.ReflectiveMethodInvocation.proceed(ReflectiveMethodInvocation.java:163)
	at org.springframework.dao.support.PersistenceExceptionTranslationInterceptor.invoke(PersistenceExceptionTranslationInterceptor.java:138)
	at org.springframework.aop.framework.ReflectiveMethodInvocation.proceed(ReflectiveMethodInvocation.java:184)
	at org.springframework.aop.framework.JdkDynamicAopProxy.invoke(JdkDynamicAopProxy.java:223)
	at jdk.proxy2/jdk.proxy2.$Proxy131.findByGameStatus(Unknown Source)
	at com.sadetech.room_creation.service.RoomService.cleanExpiredRoom(RoomService.java:2018)
	at java.base/jdk.internal.reflect.DirectMethodHandleAccessor.invoke(DirectMethodHandleAccessor.java:103)
	at java.base/java.lang.reflect.Method.invoke(Method.java:580)
	at org.springframework.scheduling.support.ScheduledMethodRunnable.runInternal(ScheduledMethodRunnable.java:130)
	at org.springframework.scheduling.support.ScheduledMethodRunnable.lambda$run$2(ScheduledMethodRunnable.java:124)
	at io.micrometer.observation.Observation.observe(Observation.java:499)
	at org.springframework.scheduling.support.ScheduledMethodRunnable.run(ScheduledMethodRunnable.java:124)
	at org.springframework.scheduling.config.Task$OutcomeTrackingRunnable.run(Task.java:83)
	at org.springframework.scheduling.support.DelegatingErrorHandlingRunnable.run(DelegatingErrorHandlingRunnable.java:54)
	at java.base/java.util.concurrent.Executors$RunnableAdapter.call(Executors.java:572)
	at java.base/java.util.concurrent.FutureTask.runAndReset(FutureTask.java:358)
	at java.base/java.util.concurrent.ScheduledThreadPoolExecutor$ScheduledFutureTask.run(ScheduledThreadPoolExecutor.java:305)
	at java.base/java.util.concurrent.ThreadPoolExecutor.runWorker(ThreadPoolExecutor.java:1144)
	at java.base/java.util.concurrent.ThreadPoolExecutor$Worker.run(ThreadPoolExecutor.java:642)
	at java.base/java.lang.Thread.run(Thread.java:1583)
Caused by: com.mongodb.MongoTimeoutException: Timed out while waiting for a server that matches ReadPreferenceServerSelector{readPreference=primary}. Client view of cluster state is {type=REPLICA_SET, servers=[{address=ac-2s659uf-shard-00-02.pvohmlz.mongodb.net:27017, type=UNKNOWN, state=CONNECTING, exception={com.mongodb.MongoSocketException: ac-2s659uf-shard-00-02.pvohmlz.mongodb.net}, caused by {java.net.UnknownHostException: ac-2s659uf-shard-00-02.pvohmlz.mongodb.net}}, {address=ac-2s659uf-shard-00-01.pvohmlz.mongodb.net:27017, type=UNKNOWN, state=CONNECTING, exception={com.mongodb.MongoSocketException: ac-2s659uf-shard-00-01.pvohmlz.mongodb.net}, caused by {java.net.UnknownHostException: ac-2s659uf-shard-00-01.pvohmlz.mongodb.net}}, {address=ac-2s659uf-shard-00-00.pvohmlz.mongodb.net:27017, type=UNKNOWN, state=CONNECTING, exception={com.mongodb.MongoSocketException: ac-2s659uf-shard-00-00.pvohmlz.mongodb.net}, caused by {java.net.UnknownHostException: ac-2s659uf-shard-00-00.pvohmlz.mongodb.net}}]
	at com.mongodb.internal.connection.BaseCluster.logAndThrowTimeoutException(BaseCluster.java:427)
	at com.mongodb.internal.connection.BaseCluster.lambda$selectServer$0(BaseCluster.java:154)
	at com.mongodb.internal.time.Timeout.lambda$onExistsAndExpired$16(Timeout.java:236)
	at com.mongodb.internal.time.Timeout.lambda$run$10(Timeout.java:201)
	at com.mongodb.internal.time.TimePoint.checkedCall(TimePoint.java:98)
	at com.mongodb.internal.time.Timeout.call(Timeout.java:174)
	at com.mongodb.internal.time.Timeout.run(Timeout.java:194)
	at com.mongodb.internal.time.Timeout.onExistsAndExpired(Timeout.java:233)
	at com.mongodb.internal.time.Timeout.onExpired(Timeout.java:226)
	at com.mongodb.internal.connection.BaseCluster.selectServer(BaseCluster.java:153)
	at com.mongodb.internal.connection.AbstractMultiServerCluster.selectServer(AbstractMultiServerCluster.java:59)
	at com.mongodb.internal.binding.ClusterBinding.getReadConnectionSource(ClusterBinding.java:82)
	at com.mongodb.client.internal.ClientSessionBinding.getConnectionSource(ClientSessionBinding.java:108)
	at com.mongodb.client.internal.ClientSessionBinding.getReadConnectionSource(ClientSessionBinding.java:88)
	at com.mongodb.internal.operation.SyncOperationHelper.withSuppliedResource(SyncOperationHelper.java:148)
	at com.mongodb.internal.operation.SyncOperationHelper.withSourceAndConnection(SyncOperationHelper.java:129)
	at com.mongodb.internal.operation.FindOperation.lambda$execute$2(FindOperation.java:296)
	at com.mongodb.internal.operation.SyncOperationHelper.lambda$decorateReadWithRetries$13(SyncOperationHelper.java:317)
	at com.mongodb.internal.async.function.RetryingSyncSupplier.get(RetryingSyncSupplier.java:67)
	at com.mongodb.internal.operation.FindOperation.execute(FindOperation.java:307)
	at com.mongodb.internal.operation.FindOperation.execute(FindOperation.java:70)
	at com.mongodb.client.internal.MongoClusterImpl$OperationExecutorImpl.execute(MongoClusterImpl.java:358)
	at com.mongodb.client.internal.MongoIterableImpl.execute(MongoIterableImpl.java:156)
	at com.mongodb.client.internal.MongoIterableImpl.iterator(MongoIterableImpl.java:116)
	at org.springframework.data.mongodb.core.MongoTemplate.executeFindMultiInternal(MongoTemplate.java:2920)
	... 41 common frames omitted
2026-09-18 15:02:54 INFO  [room-creation,traceId=,spanId=] [MessageBroker-1] org.mongodb.driver.cluster - Waiting for server to become available for operation with ID 7719. Remaining time: 29999 ms. Selector: ReadPreferenceServerSelector{readPreference=primary}, topology description: {type=REPLICA_SET, servers=[{address=ac-2s659uf-shard-00-02.pvohmlz.mongodb.net:27017, type=UNKNOWN, state=CONNECTING, exception={com.mongodb.MongoSocketException: ac-2s659uf-shard-00-02.pvohmlz.mongodb.net}, caused by {java.net.UnknownHostException: ac-2s659uf-shard-00-02.pvohmlz.mongodb.net}}, {address=ac-2s659uf-shard-00-01.pvohmlz.mongodb.net:27017, type=UNKNOWN, state=CONNECTING, exception={com.mongodb.MongoSocketException: ac-2s659uf-shard-00-01.pvohmlz.mongodb.net}, caused by {java.net.UnknownHostException: ac-2s659uf-shard-00-01.pvohmlz.mongodb.net}}, {address=ac-2s659uf-shard-00-00.pvohmlz.mongodb.net:27017, type=UNKNOWN, state=CONNECTING, exception={com.mongodb.MongoSocketException: ac-2s659uf-shard-00-00.pvohmlz.mongodb.net}, caused by {java.net.UnknownHostException: ac-2s659uf-shard-00-00.pvohmlz.mongodb.net}}].
2026-09-18 15:03:24 ERROR [room-creation,traceId=,spanId=] [MessageBroker-1] o.s.s.s.TaskUtils$LoggingErrorHandler - Unexpected error occurred in scheduled task
org.springframework.dao.DataAccessResourceFailureException: Timed out while waiting for a server that matches ReadPreferenceServerSelector{readPreference=primary}. Client view of cluster state is {type=REPLICA_SET, servers=[{address=ac-2s659uf-shard-00-02.pvohmlz.mongodb.net:27017, type=UNKNOWN, state=CONNECTING, exception={com.mongodb.MongoSocketException: ac-2s659uf-shard-00-02.pvohmlz.mongodb.net}, caused by {java.net.UnknownHostException: ac-2s659uf-shard-00-02.pvohmlz.mongodb.net}}, {address=ac-2s659uf-shard-00-01.pvohmlz.mongodb.net:27017, type=UNKNOWN, state=CONNECTING, exception={com.mongodb.MongoSocketException: ac-2s659uf-shard-00-01.pvohmlz.mongodb.net}, caused by {java.net.UnknownHostException: ac-2s659uf-shard-00-01.pvohmlz.mongodb.net}}, {address=ac-2s659uf-shard-00-00.pvohmlz.mongodb.net:27017, type=UNKNOWN, state=CONNECTING, exception={com.mongodb.MongoSocketException: ac-2s659uf-shard-00-00.pvohmlz.mongodb.net}, caused by {java.net.UnknownHostException: ac-2s659uf-shard-00-00.pvohmlz.mongodb.net}}]
	at org.springframework.data.mongodb.core.MongoExceptionTranslator.doTranslateException(MongoExceptionTranslator.java:97)
	at org.springframework.data.mongodb.core.MongoExceptionTranslator.translateExceptionIfPossible(MongoExceptionTranslator.java:74)
	at org.springframework.data.mongodb.core.MongoTemplate.potentiallyConvertRuntimeException(MongoTemplate.java:3008)
	at org.springframework.data.mongodb.core.MongoTemplate.executeFindMultiInternal(MongoTemplate.java:2933)
	at org.springframework.data.mongodb.core.MongoTemplate.doFind(MongoTemplate.java:2631)
	at org.springframework.data.mongodb.core.ExecutableFindOperationSupport$ExecutableFindSupport.doFind(ExecutableFindOperationSupport.java:177)
	at org.springframework.data.mongodb.core.ExecutableFindOperationSupport$ExecutableFindSupport.all(ExecutableFindOperationSupport.java:135)
	at org.springframework.data.mongodb.repository.query.AbstractMongoQuery.lambda$getExecution$4(AbstractMongoQuery.java:226)
	at org.springframework.data.mongodb.repository.query.AbstractMongoQuery.doExecute(AbstractMongoQuery.java:184)
	at org.springframework.data.mongodb.repository.query.AbstractMongoQuery.execute(AbstractMongoQuery.java:156)
	at org.springframework.data.repository.core.support.RepositoryMethodInvoker.doInvoke(RepositoryMethodInvoker.java:170)
	at org.springframework.data.repository.core.support.RepositoryMethodInvoker.invoke(RepositoryMethodInvoker.java:158)
	at org.springframework.data.repository.core.support.QueryExecutorMethodInterceptor.doInvoke(QueryExecutorMethodInterceptor.java:170)
	at org.springframework.data.repository.core.support.QueryExecutorMethodInterceptor.invoke(QueryExecutorMethodInterceptor.java:149)
	at org.springframework.aop.framework.ReflectiveMethodInvocation.proceed(ReflectiveMethodInvocation.java:184)
	at org.springframework.data.projection.DefaultMethodInvokingMethodInterceptor.invoke(DefaultMethodInvokingMethodInterceptor.java:69)
	at org.springframework.aop.framework.ReflectiveMethodInvocation.proceed(ReflectiveMethodInvocation.java:184)
	at org.springframework.data.mongodb.repository.support.CrudMethodMetadataPostProcessor$CrudMethodMetadataPopulatingMethodInterceptor.invoke(CrudMethodMetadataPostProcessor.java:129)
	at org.springframework.aop.framework.ReflectiveMethodInvocation.proceed(ReflectiveMethodInvocation.java:184)
	at org.springframework.aop.framework.JdkDynamicAopProxy.invoke(JdkDynamicAopProxy.java:223)
	at jdk.proxy2/jdk.proxy2.$Proxy131.findByGameStatus(Unknown Source)
	at java.base/jdk.internal.reflect.DirectMethodHandleAccessor.invoke(DirectMethodHandleAccessor.java:103)
	at java.base/java.lang.reflect.Method.invoke(Method.java:580)
	at org.springframework.aop.support.AopUtils.invokeJoinpointUsingReflection(AopUtils.java:359)
	at org.springframework.aop.framework.ReflectiveMethodInvocation.invokeJoinpoint(ReflectiveMethodInvocation.java:196)
	at org.springframework.aop.framework.ReflectiveMethodInvocation.proceed(ReflectiveMethodInvocation.java:163)
	at org.springframework.dao.support.PersistenceExceptionTranslationInterceptor.invoke(PersistenceExceptionTranslationInterceptor.java:138)
	at org.springframework.aop.framework.ReflectiveMethodInvocation.proceed(ReflectiveMethodInvocation.java:184)
	at org.springframework.aop.framework.JdkDynamicAopProxy.invoke(JdkDynamicAopProxy.java:223)
	at jdk.proxy2/jdk.proxy2.$Proxy131.findByGameStatus(Unknown Source)
	at com.sadetech.room_creation.service.RoomService.cleanExpiredRoom(RoomService.java:2018)
	at java.base/jdk.internal.reflect.DirectMethodHandleAccessor.invoke(DirectMethodHandleAccessor.java:103)
	at java.base/java.lang.reflect.Method.invoke(Method.java:580)
	at org.springframework.scheduling.support.ScheduledMethodRunnable.runInternal(ScheduledMethodRunnable.java:130)
	at org.springframework.scheduling.support.ScheduledMethodRunnable.lambda$run$2(ScheduledMethodRunnable.java:124)
	at io.micrometer.observation.Observation.observe(Observation.java:499)
	at org.springframework.scheduling.support.ScheduledMethodRunnable.run(ScheduledMethodRunnable.java:124)
	at org.springframework.scheduling.config.Task$OutcomeTrackingRunnable.run(Task.java:83)
	at org.springframework.scheduling.support.DelegatingErrorHandlingRunnable.run(DelegatingErrorHandlingRunnable.java:54)
	at java.base/java.util.concurrent.Executors$RunnableAdapter.call(Executors.java:572)
	at java.base/java.util.concurrent.FutureTask.runAndReset(FutureTask.java:358)
	at java.base/java.util.concurrent.ScheduledThreadPoolExecutor$ScheduledFutureTask.run(ScheduledThreadPoolExecutor.java:305)
	at java.base/java.util.concurrent.ThreadPoolExecutor.runWorker(ThreadPoolExecutor.java:1144)
	at java.base/java.util.concurrent.ThreadPoolExecutor$Worker.run(ThreadPoolExecutor.java:642)
	at java.base/java.lang.Thread.run(Thread.java:1583)
Caused by: com.mongodb.MongoTimeoutException: Timed out while waiting for a server that matches ReadPreferenceServerSelector{readPreference=primary}. Client view of cluster state is {type=REPLICA_SET, servers=[{address=ac-2s659uf-shard-00-02.pvohmlz.mongodb.net:27017, type=UNKNOWN, state=CONNECTING, exception={com.mongodb.MongoSocketException: ac-2s659uf-shard-00-02.pvohmlz.mongodb.net}, caused by {java.net.UnknownHostException: ac-2s659uf-shard-00-02.pvohmlz.mongodb.net}}, {address=ac-2s659uf-shard-00-01.pvohmlz.mongodb.net:27017, type=UNKNOWN, state=CONNECTING, exception={com.mongodb.MongoSocketException: ac-2s659uf-shard-00-01.pvohmlz.mongodb.net}, caused by {java.net.UnknownHostException: ac-2s659uf-shard-00-01.pvohmlz.mongodb.net}}, {address=ac-2s659uf-shard-00-00.pvohmlz.mongodb.net:27017, type=UNKNOWN, state=CONNECTING, exception={com.mongodb.MongoSocketException: ac-2s659uf-shard-00-00.pvohmlz.mongodb.net}, caused by {java.net.UnknownHostException: ac-2s659uf-shard-00-00.pvohmlz.mongodb.net}}]
	at com.mongodb.internal.connection.BaseCluster.logAndThrowTimeoutException(BaseCluster.java:427)
	at com.mongodb.internal.connection.BaseCluster.lambda$selectServer$0(BaseCluster.java:154)
	at com.mongodb.internal.time.Timeout.lambda$onExistsAndExpired$16(Timeout.java:236)
	at com.mongodb.internal.time.Timeout.lambda$run$10(Timeout.java:201)
	at com.mongodb.internal.time.TimePoint.checkedCall(TimePoint.java:98)
	at com.mongodb.internal.time.Timeout.call(Timeout.java:174)
	at com.mongodb.internal.time.Timeout.run(Timeout.java:194)
	at com.mongodb.internal.time.Timeout.onExistsAndExpired(Timeout.java:233)
	at com.mongodb.internal.time.Timeout.onExpired(Timeout.java:226)
	at com.mongodb.internal.connection.BaseCluster.selectServer(BaseCluster.java:153)
	at com.mongodb.internal.connection.AbstractMultiServerCluster.selectServer(AbstractMultiServerCluster.java:59)
	at com.mongodb.internal.binding.ClusterBinding.getReadConnectionSource(ClusterBinding.java:82)
	at com.mongodb.client.internal.ClientSessionBinding.getConnectionSource(ClientSessionBinding.java:108)
	at com.mongodb.client.internal.ClientSessionBinding.getReadConnectionSource(ClientSessionBinding.java:88)
	at com.mongodb.internal.operation.SyncOperationHelper.withSuppliedResource(SyncOperationHelper.java:148)
	at com.mongodb.internal.operation.SyncOperationHelper.withSourceAndConnection(SyncOperationHelper.java:129)
	at com.mongodb.internal.operation.FindOperation.lambda$execute$2(FindOperation.java:296)
	at com.mongodb.internal.operation.SyncOperationHelper.lambda$decorateReadWithRetries$13(SyncOperationHelper.java:317)
	at com.mongodb.internal.async.function.RetryingSyncSupplier.get(RetryingSyncSupplier.java:67)
	at com.mongodb.internal.operation.FindOperation.execute(FindOperation.java:307)
	at com.mongodb.internal.operation.FindOperation.execute(FindOperation.java:70)
	at com.mongodb.client.internal.MongoClusterImpl$OperationExecutorImpl.execute(MongoClusterImpl.java:358)
	at com.mongodb.client.internal.MongoIterableImpl.execute(MongoIterableImpl.java:156)
	at com.mongodb.client.internal.MongoIterableImpl.iterator(MongoIterableImpl.java:116)
	at org.springframework.data.mongodb.core.MongoTemplate.executeFindMultiInternal(MongoTemplate.java:2920)
	... 41 common frames omitted
2026-09-18 15:03:34 INFO  [room-creation,traceId=,spanId=] [MessageBroker-1] org.mongodb.driver.cluster - Waiting for server to become available for operation with ID 7912. Remaining time: 29999 ms. Selector: ReadPreferenceServerSelector{readPreference=primary}, topology description: {type=REPLICA_SET, servers=[{address=ac-2s659uf-shard-00-02.pvohmlz.mongodb.net:27017, type=UNKNOWN, state=CONNECTING, exception={com.mongodb.MongoSocketException: ac-2s659uf-shard-00-02.pvohmlz.mongodb.net}, caused by {java.net.UnknownHostException: ac-2s659uf-shard-00-02.pvohmlz.mongodb.net}}, {address=ac-2s659uf-shard-00-01.pvohmlz.mongodb.net:27017, type=UNKNOWN, state=CONNECTING, exception={com.mongodb.MongoSocketException: ac-2s659uf-shard-00-01.pvohmlz.mongodb.net}, caused by {java.net.UnknownHostException: ac-2s659uf-shard-00-01.pvohmlz.mongodb.net}}, {address=ac-2s659uf-shard-00-00.pvohmlz.mongodb.net:27017, type=UNKNOWN, state=CONNECTING, exception={com.mongodb.MongoSocketException: ac-2s659uf-shard-00-00.pvohmlz.mongodb.net}, caused by {java.net.UnknownHostException: ac-2s659uf-shard-00-00.pvohmlz.mongodb.net}}].
2026-09-18 15:03:50 INFO  [room-creation,traceId=,spanId=] [AsyncResolver-bootstrap-executor-%d] c.n.d.s.r.aws.ConfigClusterResolver - Resolving eureka endpoints via configuration
2026-09-18 15:04:04 ERROR [room-creation,traceId=,spanId=] [MessageBroker-1] o.s.s.s.TaskUtils$LoggingErrorHandler - Unexpected error occurred in scheduled task
org.springframework.dao.DataAccessResourceFailureException: Timed out while waiting for a server that matches ReadPreferenceServerSelector{readPreference=primary}. Client view of cluster state is {type=REPLICA_SET, servers=[{address=ac-2s659uf-shard-00-02.pvohmlz.mongodb.net:27017, type=UNKNOWN, state=CONNECTING, exception={com.mongodb.MongoSocketException: ac-2s659uf-shard-00-02.pvohmlz.mongodb.net}, caused by {java.net.UnknownHostException: ac-2s659uf-shard-00-02.pvohmlz.mongodb.net}}, {address=ac-2s659uf-shard-00-01.pvohmlz.mongodb.net:27017, type=UNKNOWN, state=CONNECTING, exception={com.mongodb.MongoSocketException: ac-2s659uf-shard-00-01.pvohmlz.mongodb.net}, caused by {java.net.UnknownHostException: ac-2s659uf-shard-00-01.pvohmlz.mongodb.net}}, {address=ac-2s659uf-shard-00-00.pvohmlz.mongodb.net:27017, type=UNKNOWN, state=CONNECTING, exception={com.mongodb.MongoSocketException: ac-2s659uf-shard-00-00.pvohmlz.mongodb.net}, caused by {java.net.UnknownHostException: ac-2s659uf-shard-00-00.pvohmlz.mongodb.net}}]
	at org.springframework.data.mongodb.core.MongoExceptionTranslator.doTranslateException(MongoExceptionTranslator.java:97)
	at org.springframework.data.mongodb.core.MongoExceptionTranslator.translateExceptionIfPossible(MongoExceptionTranslator.java:74)
	at org.springframework.data.mongodb.core.MongoTemplate.potentiallyConvertRuntimeException(MongoTemplate.java:3008)
	at org.springframework.data.mongodb.core.MongoTemplate.executeFindMultiInternal(MongoTemplate.java:2933)
	at org.springframework.data.mongodb.core.MongoTemplate.doFind(MongoTemplate.java:2631)
	at org.springframework.data.mongodb.core.ExecutableFindOperationSupport$ExecutableFindSupport.doFind(ExecutableFindOperationSupport.java:177)
	at org.springframework.data.mongodb.core.ExecutableFindOperationSupport$ExecutableFindSupport.all(ExecutableFindOperationSupport.java:135)
	at org.springframework.data.mongodb.repository.query.AbstractMongoQuery.lambda$getExecution$4(AbstractMongoQuery.java:226)
	at org.springframework.data.mongodb.repository.query.AbstractMongoQuery.doExecute(AbstractMongoQuery.java:184)
	at org.springframework.data.mongodb.repository.query.AbstractMongoQuery.execute(AbstractMongoQuery.java:156)
	at org.springframework.data.repository.core.support.RepositoryMethodInvoker.doInvoke(RepositoryMethodInvoker.java:170)
	at org.springframework.data.repository.core.support.RepositoryMethodInvoker.invoke(RepositoryMethodInvoker.java:158)
	at org.springframework.data.repository.core.support.QueryExecutorMethodInterceptor.doInvoke(QueryExecutorMethodInterceptor.java:170)
	at org.springframework.data.repository.core.support.QueryExecutorMethodInterceptor.invoke(QueryExecutorMethodInterceptor.java:149)
	at org.springframework.aop.framework.ReflectiveMethodInvocation.proceed(ReflectiveMethodInvocation.java:184)
	at org.springframework.data.projection.DefaultMethodInvokingMethodInterceptor.invoke(DefaultMethodInvokingMethodInterceptor.java:69)
	at org.springframework.aop.framework.ReflectiveMethodInvocation.proceed(ReflectiveMethodInvocation.java:184)
	at org.springframework.data.mongodb.repository.support.CrudMethodMetadataPostProcessor$CrudMethodMetadataPopulatingMethodInterceptor.invoke(CrudMethodMetadataPostProcessor.java:129)
	at org.springframework.aop.framework.ReflectiveMethodInvocation.proceed(ReflectiveMethodInvocation.java:184)
	at org.springframework.aop.framework.JdkDynamicAopProxy.invoke(JdkDynamicAopProxy.java:223)
	at jdk.proxy2/jdk.proxy2.$Proxy131.findByGameStatus(Unknown Source)
	at java.base/jdk.internal.reflect.DirectMethodHandleAccessor.invoke(DirectMethodHandleAccessor.java:103)
	at java.base/java.lang.reflect.Method.invoke(Method.java:580)
	at org.springframework.aop.support.AopUtils.invokeJoinpointUsingReflection(AopUtils.java:359)
	at org.springframework.aop.framework.ReflectiveMethodInvocation.invokeJoinpoint(ReflectiveMethodInvocation.java:196)
	at org.springframework.aop.framework.ReflectiveMethodInvocation.proceed(ReflectiveMethodInvocation.java:163)
	at org.springframework.dao.support.PersistenceExceptionTranslationInterceptor.invoke(PersistenceExceptionTranslationInterceptor.java:138)
	at org.springframework.aop.framework.ReflectiveMethodInvocation.proceed(ReflectiveMethodInvocation.java:184)
	at org.springframework.aop.framework.JdkDynamicAopProxy.invoke(JdkDynamicAopProxy.java:223)
	at jdk.proxy2/jdk.proxy2.$Proxy131.findByGameStatus(Unknown Source)
	at com.sadetech.room_creation.service.RoomService.cleanExpiredRoom(RoomService.java:2018)
	at java.base/jdk.internal.reflect.DirectMethodHandleAccessor.invoke(DirectMethodHandleAccessor.java:103)
	at java.base/java.lang.reflect.Method.invoke(Method.java:580)
	at org.springframework.scheduling.support.ScheduledMethodRunnable.runInternal(ScheduledMethodRunnable.java:130)
	at org.springframework.scheduling.support.ScheduledMethodRunnable.lambda$run$2(ScheduledMethodRunnable.java:124)
	at io.micrometer.observation.Observation.observe(Observation.java:499)
	at org.springframework.scheduling.support.ScheduledMethodRunnable.run(ScheduledMethodRunnable.java:124)
	at org.springframework.scheduling.config.Task$OutcomeTrackingRunnable.run(Task.java:83)
	at org.springframework.scheduling.support.DelegatingErrorHandlingRunnable.run(DelegatingErrorHandlingRunnable.java:54)
	at java.base/java.util.concurrent.Executors$RunnableAdapter.call(Executors.java:572)
	at java.base/java.util.concurrent.FutureTask.runAndReset(FutureTask.java:358)
	at java.base/java.util.concurrent.ScheduledThreadPoolExecutor$ScheduledFutureTask.run(ScheduledThreadPoolExecutor.java:305)
	at java.base/java.util.concurrent.ThreadPoolExecutor.runWorker(ThreadPoolExecutor.java:1144)
	at java.base/java.util.concurrent.ThreadPoolExecutor$Worker.run(ThreadPoolExecutor.java:642)
	at java.base/java.lang.Thread.run(Thread.java:1583)
Caused by: com.mongodb.MongoTimeoutException: Timed out while waiting for a server that matches ReadPreferenceServerSelector{readPreference=primary}. Client view of cluster state is {type=REPLICA_SET, servers=[{address=ac-2s659uf-shard-00-02.pvohmlz.mongodb.net:27017, type=UNKNOWN, state=CONNECTING, exception={com.mongodb.MongoSocketException: ac-2s659uf-shard-00-02.pvohmlz.mongodb.net}, caused by {java.net.UnknownHostException: ac-2s659uf-shard-00-02.pvohmlz.mongodb.net}}, {address=ac-2s659uf-shard-00-01.pvohmlz.mongodb.net:27017, type=UNKNOWN, state=CONNECTING, exception={com.mongodb.MongoSocketException: ac-2s659uf-shard-00-01.pvohmlz.mongodb.net}, caused by {java.net.UnknownHostException: ac-2s659uf-shard-00-01.pvohmlz.mongodb.net}}, {address=ac-2s659uf-shard-00-00.pvohmlz.mongodb.net:27017, type=UNKNOWN, state=CONNECTING, exception={com.mongodb.MongoSocketException: ac-2s659uf-shard-00-00.pvohmlz.mongodb.net}, caused by {java.net.UnknownHostException: ac-2s659uf-shard-00-00.pvohmlz.mongodb.net}}]
	at com.mongodb.internal.connection.BaseCluster.logAndThrowTimeoutException(BaseCluster.java:427)
	at com.mongodb.internal.connection.BaseCluster.lambda$selectServer$0(BaseCluster.java:154)
	at com.mongodb.internal.time.Timeout.lambda$onExistsAndExpired$16(Timeout.java:236)
	at com.mongodb.internal.time.Timeout.lambda$run$10(Timeout.java:201)
	at com.mongodb.internal.time.TimePoint.checkedCall(TimePoint.java:98)
	at com.mongodb.internal.time.Timeout.call(Timeout.java:174)
	at com.mongodb.internal.time.Timeout.run(Timeout.java:194)
	at com.mongodb.internal.time.Timeout.onExistsAndExpired(Timeout.java:233)
	at com.mongodb.internal.time.Timeout.onExpired(Timeout.java:226)
	at com.mongodb.internal.connection.BaseCluster.selectServer(BaseCluster.java:153)
	at com.mongodb.internal.connection.AbstractMultiServerCluster.selectServer(AbstractMultiServerCluster.java:59)
	at com.mongodb.internal.binding.ClusterBinding.getReadConnectionSource(ClusterBinding.java:82)
	at com.mongodb.client.internal.ClientSessionBinding.getConnectionSource(ClientSessionBinding.java:108)
	at com.mongodb.client.internal.ClientSessionBinding.getReadConnectionSource(ClientSessionBinding.java:88)
	at com.mongodb.internal.operation.SyncOperationHelper.withSuppliedResource(SyncOperationHelper.java:148)
	at com.mongodb.internal.operation.SyncOperationHelper.withSourceAndConnection(SyncOperationHelper.java:129)
	at com.mongodb.internal.operation.FindOperation.lambda$execute$2(FindOperation.java:296)
	at com.mongodb.internal.operation.SyncOperationHelper.lambda$decorateReadWithRetries$13(SyncOperationHelper.java:317)
	at com.mongodb.internal.async.function.RetryingSyncSupplier.get(RetryingSyncSupplier.java:67)
	at com.mongodb.internal.operation.FindOperation.execute(FindOperation.java:307)
	at com.mongodb.internal.operation.FindOperation.execute(FindOperation.java:70)
	at com.mongodb.client.internal.MongoClusterImpl$OperationExecutorImpl.execute(MongoClusterImpl.java:358)
	at com.mongodb.client.internal.MongoIterableImpl.execute(MongoIterableImpl.java:156)
	at com.mongodb.client.internal.MongoIterableImpl.iterator(MongoIterableImpl.java:116)
	at org.springframework.data.mongodb.core.MongoTemplate.executeFindMultiInternal(MongoTemplate.java:2920)
	... 41 common frames omitted
2026-09-18 15:04:14 INFO  [room-creation,traceId=,spanId=] [MessageBroker-1] org.mongodb.driver.cluster - Waiting for server to become available for operation with ID 8105. Remaining time: 29999 ms. Selector: ReadPreferenceServerSelector{readPreference=primary}, topology description: {type=REPLICA_SET, servers=[{address=ac-2s659uf-shard-00-02.pvohmlz.mongodb.net:27017, type=UNKNOWN, state=CONNECTING, exception={com.mongodb.MongoSocketException: ac-2s659uf-shard-00-02.pvohmlz.mongodb.net}, caused by {java.net.UnknownHostException: ac-2s659uf-shard-00-02.pvohmlz.mongodb.net}}, {address=ac-2s659uf-shard-00-01.pvohmlz.mongodb.net:27017, type=UNKNOWN, state=CONNECTING, exception={com.mongodb.MongoSocketException: ac-2s659uf-shard-00-01.pvohmlz.mongodb.net}, caused by {java.net.UnknownHostException: ac-2s659uf-shard-00-01.pvohmlz.mongodb.net}}, {address=ac-2s659uf-shard-00-00.pvohmlz.mongodb.net:27017, type=UNKNOWN, state=CONNECTING, exception={com.mongodb.MongoSocketException: ac-2s659uf-shard-00-00.pvohmlz.mongodb.net}, caused by {java.net.UnknownHostException: ac-2s659uf-shard-00-00.pvohmlz.mongodb.net}}].
2026-09-18 15:04:22 INFO  [room-creation,traceId=,spanId=] [cluster-ClusterId{value='6aac31b02fc30302e91c7a35', description='Cluster0'}-ac-2s659uf-shard-00-01.pvohmlz.mongodb.net:27017] org.mongodb.driver.cluster - Exception in monitor thread while connecting to server ac-2s659uf-shard-00-01.pvohmlz.mongodb.net:27017
com.mongodb.MongoSocketException: No such host is known (ac-2s659uf-shard-00-01.pvohmlz.mongodb.net)
	at com.mongodb.internal.connection.ServerAddressHelper.getSocketAddresses(ServerAddressHelper.java:75)
	at com.mongodb.internal.connection.SocketStream.initializeSocket(SocketStream.java:100)
	at com.mongodb.internal.connection.SocketStream.open(SocketStream.java:79)
	at com.mongodb.internal.connection.InternalStreamConnection.open(InternalStreamConnection.java:233)
	at com.mongodb.internal.connection.DefaultServerMonitor$ServerMonitor.lookupServerDescription(DefaultServerMonitor.java:219)
	at com.mongodb.internal.connection.DefaultServerMonitor$ServerMonitor.run(DefaultServerMonitor.java:176)
Caused by: java.net.UnknownHostException: No such host is known (ac-2s659uf-shard-00-01.pvohmlz.mongodb.net)
	at java.base/java.net.Inet6AddressImpl.lookupAllHostAddr(Native Method)
	at java.base/java.net.Inet6AddressImpl.lookupAllHostAddr(Inet6AddressImpl.java:52)
	at java.base/java.net.InetAddress$PlatformResolver.lookupByName(InetAddress.java:1211)
	at java.base/java.net.InetAddress.getAddressesFromNameService(InetAddress.java:1828)
	at java.base/java.net.InetAddress$NameServiceAddresses.get(InetAddress.java:1139)
	at java.base/java.net.InetAddress.getAllByName0(InetAddress.java:1818)
	at java.base/java.net.InetAddress.getAllByName(InetAddress.java:1688)
	at com.mongodb.internal.connection.DefaultInetAddressResolver.lookupByName(DefaultInetAddressResolver.java:34)
	at com.mongodb.internal.connection.ServerAddressHelper.getSocketAddresses(ServerAddressHelper.java:71)
	... 5 common frames omitted
2026-09-18 15:04:22 INFO  [room-creation,traceId=,spanId=] [cluster-ClusterId{value='6aac31b02fc30302e91c7a35', description='Cluster0'}-ac-2s659uf-shard-00-01.pvohmlz.mongodb.net:27017] org.mongodb.driver.cluster - Exception in monitor thread while connecting to server ac-2s659uf-shard-00-01.pvohmlz.mongodb.net:27017
com.mongodb.MongoSocketException: ac-2s659uf-shard-00-01.pvohmlz.mongodb.net
	at com.mongodb.internal.connection.ServerAddressHelper.getSocketAddresses(ServerAddressHelper.java:75)
	at com.mongodb.internal.connection.SocketStream.initializeSocket(SocketStream.java:100)
	at com.mongodb.internal.connection.SocketStream.open(SocketStream.java:79)
	at com.mongodb.internal.connection.InternalStreamConnection.open(InternalStreamConnection.java:233)
	at com.mongodb.internal.connection.DefaultServerMonitor$ServerMonitor.lookupServerDescription(DefaultServerMonitor.java:219)
	at com.mongodb.internal.connection.DefaultServerMonitor$ServerMonitor.run(DefaultServerMonitor.java:176)
Caused by: java.net.UnknownHostException: ac-2s659uf-shard-00-01.pvohmlz.mongodb.net
	at java.base/java.net.InetAddress$CachedLookup.get(InetAddress.java:988)
	at java.base/java.net.InetAddress.getAllByName0(InetAddress.java:1818)
	at java.base/java.net.InetAddress.getAllByName(InetAddress.java:1688)
	at com.mongodb.internal.connection.DefaultInetAddressResolver.lookupByName(DefaultInetAddressResolver.java:34)
	at com.mongodb.internal.connection.ServerAddressHelper.getSocketAddresses(ServerAddressHelper.java:71)
	... 5 common frames omitted
2026-09-18 15:04:32 INFO  [room-creation,traceId=,spanId=] [cluster-ClusterId{value='6aac31b02fc30302e91c7a35', description='Cluster0'}-ac-2s659uf-shard-00-02.pvohmlz.mongodb.net:27017] org.mongodb.driver.cluster - Exception in monitor thread while connecting to server ac-2s659uf-shard-00-02.pvohmlz.mongodb.net:27017
com.mongodb.MongoSocketException: No such host is known (ac-2s659uf-shard-00-02.pvohmlz.mongodb.net)
	at com.mongodb.internal.connection.ServerAddressHelper.getSocketAddresses(ServerAddressHelper.java:75)
	at com.mongodb.internal.connection.SocketStream.initializeSocket(SocketStream.java:100)
	at com.mongodb.internal.connection.SocketStream.open(SocketStream.java:79)
	at com.mongodb.internal.connection.InternalStreamConnection.open(InternalStreamConnection.java:233)
	at com.mongodb.internal.connection.DefaultServerMonitor$ServerMonitor.lookupServerDescription(DefaultServerMonitor.java:219)
	at com.mongodb.internal.connection.DefaultServerMonitor$ServerMonitor.run(DefaultServerMonitor.java:176)
Caused by: java.net.UnknownHostException: No such host is known (ac-2s659uf-shard-00-02.pvohmlz.mongodb.net)
	at java.base/java.net.Inet6AddressImpl.lookupAllHostAddr(Native Method)
	at java.base/java.net.Inet6AddressImpl.lookupAllHostAddr(Inet6AddressImpl.java:52)
	at java.base/java.net.InetAddress$PlatformResolver.lookupByName(InetAddress.java:1211)
	at java.base/java.net.InetAddress.getAddressesFromNameService(InetAddress.java:1828)
	at java.base/java.net.InetAddress$NameServiceAddresses.get(InetAddress.java:1139)
	at java.base/java.net.InetAddress.getAllByName0(InetAddress.java:1818)
	at java.base/java.net.InetAddress.getAllByName(InetAddress.java:1688)
	at com.mongodb.internal.connection.DefaultInetAddressResolver.lookupByName(DefaultInetAddressResolver.java:34)
	at com.mongodb.internal.connection.ServerAddressHelper.getSocketAddresses(ServerAddressHelper.java:71)
	... 5 common frames omitted
2026-09-18 15:04:33 INFO  [room-creation,traceId=,spanId=] [cluster-ClusterId{value='6aac31b02fc30302e91c7a35', description='Cluster0'}-ac-2s659uf-shard-00-01.pvohmlz.mongodb.net:27017] org.mongodb.driver.cluster - Exception in monitor thread while connecting to server ac-2s659uf-shard-00-01.pvohmlz.mongodb.net:27017
com.mongodb.MongoSocketException: No such host is known (ac-2s659uf-shard-00-01.pvohmlz.mongodb.net)
	at com.mongodb.internal.connection.ServerAddressHelper.getSocketAddresses(ServerAddressHelper.java:75)
	at com.mongodb.internal.connection.SocketStream.initializeSocket(SocketStream.java:100)
	at com.mongodb.internal.connection.SocketStream.open(SocketStream.java:79)
	at com.mongodb.internal.connection.InternalStreamConnection.open(InternalStreamConnection.java:233)
	at com.mongodb.internal.connection.DefaultServerMonitor$ServerMonitor.lookupServerDescription(DefaultServerMonitor.java:219)
	at com.mongodb.internal.connection.DefaultServerMonitor$ServerMonitor.run(DefaultServerMonitor.java:176)
Caused by: java.net.UnknownHostException: No such host is known (ac-2s659uf-shard-00-01.pvohmlz.mongodb.net)
	at java.base/java.net.Inet6AddressImpl.lookupAllHostAddr(Native Method)
	at java.base/java.net.Inet6AddressImpl.lookupAllHostAddr(Inet6AddressImpl.java:52)
	at java.base/java.net.InetAddress$PlatformResolver.lookupByName(InetAddress.java:1211)
	at java.base/java.net.InetAddress.getAddressesFromNameService(InetAddress.java:1828)
	at java.base/java.net.InetAddress$NameServiceAddresses.get(InetAddress.java:1139)
	at java.base/java.net.InetAddress.getAllByName0(InetAddress.java:1818)
	at java.base/java.net.InetAddress.getAllByName(InetAddress.java:1688)
	at com.mongodb.internal.connection.DefaultInetAddressResolver.lookupByName(DefaultInetAddressResolver.java:34)
	at com.mongodb.internal.connection.ServerAddressHelper.getSocketAddresses(ServerAddressHelper.java:71)
	... 5 common frames omitted
2026-09-18 15:04:33 INFO  [room-creation,traceId=,spanId=] [cluster-ClusterId{value='6aac31b02fc30302e91c7a35', description='Cluster0'}-ac-2s659uf-shard-00-02.pvohmlz.mongodb.net:27017] org.mongodb.driver.cluster - Exception in monitor thread while connecting to server ac-2s659uf-shard-00-02.pvohmlz.mongodb.net:27017
com.mongodb.MongoSocketException: ac-2s659uf-shard-00-02.pvohmlz.mongodb.net
	at com.mongodb.internal.connection.ServerAddressHelper.getSocketAddresses(ServerAddressHelper.java:75)
	at com.mongodb.internal.connection.SocketStream.initializeSocket(SocketStream.java:100)
	at com.mongodb.internal.connection.SocketStream.open(SocketStream.java:79)
	at com.mongodb.internal.connection.InternalStreamConnection.open(InternalStreamConnection.java:233)
	at com.mongodb.internal.connection.DefaultServerMonitor$ServerMonitor.lookupServerDescription(DefaultServerMonitor.java:219)
	at com.mongodb.internal.connection.DefaultServerMonitor$ServerMonitor.run(DefaultServerMonitor.java:176)
Caused by: java.net.UnknownHostException: ac-2s659uf-shard-00-02.pvohmlz.mongodb.net
	at java.base/java.net.InetAddress$CachedLookup.get(InetAddress.java:988)
	at java.base/java.net.InetAddress.getAllByName0(InetAddress.java:1818)
	at java.base/java.net.InetAddress.getAllByName(InetAddress.java:1688)
	at com.mongodb.internal.connection.DefaultInetAddressResolver.lookupByName(DefaultInetAddressResolver.java:34)
	at com.mongodb.internal.connection.ServerAddressHelper.getSocketAddresses(ServerAddressHelper.java:71)
	... 5 common frames omitted
2026-09-18 15:04:33 INFO  [room-creation,traceId=,spanId=] [cluster-ClusterId{value='6aac31b02fc30302e91c7a35', description='Cluster0'}-ac-2s659uf-shard-00-01.pvohmlz.mongodb.net:27017] org.mongodb.driver.cluster - Exception in monitor thread while connecting to server ac-2s659uf-shard-00-01.pvohmlz.mongodb.net:27017
com.mongodb.MongoSocketException: ac-2s659uf-shard-00-01.pvohmlz.mongodb.net
	at com.mongodb.internal.connection.ServerAddressHelper.getSocketAddresses(ServerAddressHelper.java:75)
	at com.mongodb.internal.connection.SocketStream.initializeSocket(SocketStream.java:100)
	at com.mongodb.internal.connection.SocketStream.open(SocketStream.java:79)
	at com.mongodb.internal.connection.InternalStreamConnection.open(InternalStreamConnection.java:233)
	at com.mongodb.internal.connection.DefaultServerMonitor$ServerMonitor.lookupServerDescription(DefaultServerMonitor.java:219)
	at com.mongodb.internal.connection.DefaultServerMonitor$ServerMonitor.run(DefaultServerMonitor.java:176)
Caused by: java.net.UnknownHostException: ac-2s659uf-shard-00-01.pvohmlz.mongodb.net
	at java.base/java.net.InetAddress$CachedLookup.get(InetAddress.java:988)
	at java.base/java.net.InetAddress.getAllByName0(InetAddress.java:1818)
	at java.base/java.net.InetAddress.getAllByName(InetAddress.java:1688)
	at com.mongodb.internal.connection.DefaultInetAddressResolver.lookupByName(DefaultInetAddressResolver.java:34)
	at com.mongodb.internal.connection.ServerAddressHelper.getSocketAddresses(ServerAddressHelper.java:71)
	... 5 common frames omitted
2026-09-18 15:04:43 INFO  [room-creation,traceId=,spanId=] [cluster-ClusterId{value='6aac31b02fc30302e91c7a35', description='Cluster0'}-ac-2s659uf-shard-00-01.pvohmlz.mongodb.net:27017] org.mongodb.driver.cluster - Exception in monitor thread while connecting to server ac-2s659uf-shard-00-01.pvohmlz.mongodb.net:27017
com.mongodb.MongoSocketException: No such host is known (ac-2s659uf-shard-00-01.pvohmlz.mongodb.net)
	at com.mongodb.internal.connection.ServerAddressHelper.getSocketAddresses(ServerAddressHelper.java:75)
	at com.mongodb.internal.connection.SocketStream.initializeSocket(SocketStream.java:100)
	at com.mongodb.internal.connection.SocketStream.open(SocketStream.java:79)
	at com.mongodb.internal.connection.InternalStreamConnection.open(InternalStreamConnection.java:233)
	at com.mongodb.internal.connection.DefaultServerMonitor$ServerMonitor.lookupServerDescription(DefaultServerMonitor.java:219)
	at com.mongodb.internal.connection.DefaultServerMonitor$ServerMonitor.run(DefaultServerMonitor.java:176)
Caused by: java.net.UnknownHostException: No such host is known (ac-2s659uf-shard-00-01.pvohmlz.mongodb.net)
	at java.base/java.net.Inet6AddressImpl.lookupAllHostAddr(Native Method)
	at java.base/java.net.Inet6AddressImpl.lookupAllHostAddr(Inet6AddressImpl.java:52)
	at java.base/java.net.InetAddress$PlatformResolver.lookupByName(InetAddress.java:1211)
	at java.base/java.net.InetAddress.getAddressesFromNameService(InetAddress.java:1828)
	at java.base/java.net.InetAddress$NameServiceAddresses.get(InetAddress.java:1139)
	at java.base/java.net.InetAddress.getAllByName0(InetAddress.java:1818)
	at java.base/java.net.InetAddress.getAllByName(InetAddress.java:1688)
	at com.mongodb.internal.connection.DefaultInetAddressResolver.lookupByName(DefaultInetAddressResolver.java:34)
	at com.mongodb.internal.connection.ServerAddressHelper.getSocketAddresses(ServerAddressHelper.java:71)
	... 5 common frames omitted
2026-09-18 15:04:45 ERROR [room-creation,traceId=,spanId=] [MessageBroker-1] o.s.s.s.TaskUtils$LoggingErrorHandler - Unexpected error occurred in scheduled task
org.springframework.dao.DataAccessResourceFailureException: Timed out while waiting for a server that matches ReadPreferenceServerSelector{readPreference=primary}. Client view of cluster state is {type=REPLICA_SET, servers=[{address=ac-2s659uf-shard-00-02.pvohmlz.mongodb.net:27017, type=UNKNOWN, state=CONNECTING, exception={com.mongodb.MongoSocketException: ac-2s659uf-shard-00-02.pvohmlz.mongodb.net}, caused by {java.net.UnknownHostException: ac-2s659uf-shard-00-02.pvohmlz.mongodb.net}}, {address=ac-2s659uf-shard-00-01.pvohmlz.mongodb.net:27017, type=UNKNOWN, state=CONNECTING, exception={com.mongodb.MongoSocketException: No such host is known (ac-2s659uf-shard-00-01.pvohmlz.mongodb.net)}, caused by {java.net.UnknownHostException: No such host is known (ac-2s659uf-shard-00-01.pvohmlz.mongodb.net)}}, {address=ac-2s659uf-shard-00-00.pvohmlz.mongodb.net:27017, type=UNKNOWN, state=CONNECTING, exception={com.mongodb.MongoSocketException: ac-2s659uf-shard-00-00.pvohmlz.mongodb.net}, caused by {java.net.UnknownHostException: ac-2s659uf-shard-00-00.pvohmlz.mongodb.net}}]
	at org.springframework.data.mongodb.core.MongoExceptionTranslator.doTranslateException(MongoExceptionTranslator.java:97)
	at org.springframework.data.mongodb.core.MongoExceptionTranslator.translateExceptionIfPossible(MongoExceptionTranslator.java:74)
	at org.springframework.data.mongodb.core.MongoTemplate.potentiallyConvertRuntimeException(MongoTemplate.java:3008)
	at org.springframework.data.mongodb.core.MongoTemplate.executeFindMultiInternal(MongoTemplate.java:2933)
	at org.springframework.data.mongodb.core.MongoTemplate.doFind(MongoTemplate.java:2631)
	at org.springframework.data.mongodb.core.ExecutableFindOperationSupport$ExecutableFindSupport.doFind(ExecutableFindOperationSupport.java:177)
	at org.springframework.data.mongodb.core.ExecutableFindOperationSupport$ExecutableFindSupport.all(ExecutableFindOperationSupport.java:135)
	at org.springframework.data.mongodb.repository.query.AbstractMongoQuery.lambda$getExecution$4(AbstractMongoQuery.java:226)
	at org.springframework.data.mongodb.repository.query.AbstractMongoQuery.doExecute(AbstractMongoQuery.java:184)
	at org.springframework.data.mongodb.repository.query.AbstractMongoQuery.execute(AbstractMongoQuery.java:156)
	at org.springframework.data.repository.core.support.RepositoryMethodInvoker.doInvoke(RepositoryMethodInvoker.java:170)
	at org.springframework.data.repository.core.support.RepositoryMethodInvoker.invoke(RepositoryMethodInvoker.java:158)
	at org.springframework.data.repository.core.support.QueryExecutorMethodInterceptor.doInvoke(QueryExecutorMethodInterceptor.java:170)
	at org.springframework.data.repository.core.support.QueryExecutorMethodInterceptor.invoke(QueryExecutorMethodInterceptor.java:149)
	at org.springframework.aop.framework.ReflectiveMethodInvocation.proceed(ReflectiveMethodInvocation.java:184)
	at org.springframework.data.projection.DefaultMethodInvokingMethodInterceptor.invoke(DefaultMethodInvokingMethodInterceptor.java:69)
	at org.springframework.aop.framework.ReflectiveMethodInvocation.proceed(ReflectiveMethodInvocation.java:184)
	at org.springframework.data.mongodb.repository.support.CrudMethodMetadataPostProcessor$CrudMethodMetadataPopulatingMethodInterceptor.invoke(CrudMethodMetadataPostProcessor.java:129)
	at org.springframework.aop.framework.ReflectiveMethodInvocation.proceed(ReflectiveMethodInvocation.java:184)
	at org.springframework.aop.framework.JdkDynamicAopProxy.invoke(JdkDynamicAopProxy.java:223)
	at jdk.proxy2/jdk.proxy2.$Proxy131.findByGameStatus(Unknown Source)
	at java.base/jdk.internal.reflect.DirectMethodHandleAccessor.invoke(DirectMethodHandleAccessor.java:103)
	at java.base/java.lang.reflect.Method.invoke(Method.java:580)
	at org.springframework.aop.support.AopUtils.invokeJoinpointUsingReflection(AopUtils.java:359)
	at org.springframework.aop.framework.ReflectiveMethodInvocation.invokeJoinpoint(ReflectiveMethodInvocation.java:196)
	at org.springframework.aop.framework.ReflectiveMethodInvocation.proceed(ReflectiveMethodInvocation.java:163)
	at org.springframework.dao.support.PersistenceExceptionTranslationInterceptor.invoke(PersistenceExceptionTranslationInterceptor.java:138)
	at org.springframework.aop.framework.ReflectiveMethodInvocation.proceed(ReflectiveMethodInvocation.java:184)
	at org.springframework.aop.framework.JdkDynamicAopProxy.invoke(JdkDynamicAopProxy.java:223)
	at jdk.proxy2/jdk.proxy2.$Proxy131.findByGameStatus(Unknown Source)
	at com.sadetech.room_creation.service.RoomService.cleanExpiredRoom(RoomService.java:2018)
	at java.base/jdk.internal.reflect.DirectMethodHandleAccessor.invoke(DirectMethodHandleAccessor.java:103)
	at java.base/java.lang.reflect.Method.invoke(Method.java:580)
	at org.springframework.scheduling.support.ScheduledMethodRunnable.runInternal(ScheduledMethodRunnable.java:130)
	at org.springframework.scheduling.support.ScheduledMethodRunnable.lambda$run$2(ScheduledMethodRunnable.java:124)
	at io.micrometer.observation.Observation.observe(Observation.java:499)
	at org.springframework.scheduling.support.ScheduledMethodRunnable.run(ScheduledMethodRunnable.java:124)
	at org.springframework.scheduling.config.Task$OutcomeTrackingRunnable.run(Task.java:83)
	at org.springframework.scheduling.support.DelegatingErrorHandlingRunnable.run(DelegatingErrorHandlingRunnable.java:54)
	at java.base/java.util.concurrent.Executors$RunnableAdapter.call(Executors.java:572)
	at java.base/java.util.concurrent.FutureTask.runAndReset(FutureTask.java:358)
	at java.base/java.util.concurrent.ScheduledThreadPoolExecutor$ScheduledFutureTask.run(ScheduledThreadPoolExecutor.java:305)
	at java.base/java.util.concurrent.ThreadPoolExecutor.runWorker(ThreadPoolExecutor.java:1144)
	at java.base/java.util.concurrent.ThreadPoolExecutor$Worker.run(ThreadPoolExecutor.java:642)
	at java.base/java.lang.Thread.run(Thread.java:1583)
Caused by: com.mongodb.MongoTimeoutException: Timed out while waiting for a server that matches ReadPreferenceServerSelector{readPreference=primary}. Client view of cluster state is {type=REPLICA_SET, servers=[{address=ac-2s659uf-shard-00-02.pvohmlz.mongodb.net:27017, type=UNKNOWN, state=CONNECTING, exception={com.mongodb.MongoSocketException: ac-2s659uf-shard-00-02.pvohmlz.mongodb.net}, caused by {java.net.UnknownHostException: ac-2s659uf-shard-00-02.pvohmlz.mongodb.net}}, {address=ac-2s659uf-shard-00-01.pvohmlz.mongodb.net:27017, type=UNKNOWN, state=CONNECTING, exception={com.mongodb.MongoSocketException: No such host is known (ac-2s659uf-shard-00-01.pvohmlz.mongodb.net)}, caused by {java.net.UnknownHostException: No such host is known (ac-2s659uf-shard-00-01.pvohmlz.mongodb.net)}}, {address=ac-2s659uf-shard-00-00.pvohmlz.mongodb.net:27017, type=UNKNOWN, state=CONNECTING, exception={com.mongodb.MongoSocketException: ac-2s659uf-shard-00-00.pvohmlz.mongodb.net}, caused by {java.net.UnknownHostException: ac-2s659uf-shard-00-00.pvohmlz.mongodb.net}}]
	at com.mongodb.internal.connection.BaseCluster.logAndThrowTimeoutException(BaseCluster.java:427)
	at com.mongodb.internal.connection.BaseCluster.lambda$selectServer$0(BaseCluster.java:154)
	at com.mongodb.internal.time.Timeout.lambda$onExistsAndExpired$16(Timeout.java:236)
	at com.mongodb.internal.time.Timeout.lambda$run$10(Timeout.java:201)
	at com.mongodb.internal.time.TimePoint.checkedCall(TimePoint.java:98)
	at com.mongodb.internal.time.Timeout.call(Timeout.java:174)
	at com.mongodb.internal.time.Timeout.run(Timeout.java:194)
	at com.mongodb.internal.time.Timeout.onExistsAndExpired(Timeout.java:233)
	at com.mongodb.internal.time.Timeout.onExpired(Timeout.java:226)
	at com.mongodb.internal.connection.BaseCluster.selectServer(BaseCluster.java:153)
	at com.mongodb.internal.connection.AbstractMultiServerCluster.selectServer(AbstractMultiServerCluster.java:59)
	at com.mongodb.internal.binding.ClusterBinding.getReadConnectionSource(ClusterBinding.java:82)
	at com.mongodb.client.internal.ClientSessionBinding.getConnectionSource(ClientSessionBinding.java:108)
	at com.mongodb.client.internal.ClientSessionBinding.getReadConnectionSource(ClientSessionBinding.java:88)
	at com.mongodb.internal.operation.SyncOperationHelper.withSuppliedResource(SyncOperationHelper.java:148)
	at com.mongodb.internal.operation.SyncOperationHelper.withSourceAndConnection(SyncOperationHelper.java:129)
	at com.mongodb.internal.operation.FindOperation.lambda$execute$2(FindOperation.java:296)
	at com.mongodb.internal.operation.SyncOperationHelper.lambda$decorateReadWithRetries$13(SyncOperationHelper.java:317)
	at com.mongodb.internal.async.function.RetryingSyncSupplier.get(RetryingSyncSupplier.java:67)
	at com.mongodb.internal.operation.FindOperation.execute(FindOperation.java:307)
	at com.mongodb.internal.operation.FindOperation.execute(FindOperation.java:70)
	at com.mongodb.client.internal.MongoClusterImpl$OperationExecutorImpl.execute(MongoClusterImpl.java:358)
	at com.mongodb.client.internal.MongoIterableImpl.execute(MongoIterableImpl.java:156)
	at com.mongodb.client.internal.MongoIterableImpl.iterator(MongoIterableImpl.java:116)
	at org.springframework.data.mongodb.core.MongoTemplate.executeFindMultiInternal(MongoTemplate.java:2920)
	... 41 common frames omitted
2026-09-18 15:04:45 INFO  [room-creation,traceId=,spanId=] [cluster-ClusterId{value='6aac31b02fc30302e91c7a35', description='Cluster0'}-ac-2s659uf-shard-00-01.pvohmlz.mongodb.net:27017] org.mongodb.driver.cluster - Exception in monitor thread while connecting to server ac-2s659uf-shard-00-01.pvohmlz.mongodb.net:27017
com.mongodb.MongoSocketException: ac-2s659uf-shard-00-01.pvohmlz.mongodb.net
	at com.mongodb.internal.connection.ServerAddressHelper.getSocketAddresses(ServerAddressHelper.java:75)
	at com.mongodb.internal.connection.SocketStream.initializeSocket(SocketStream.java:100)
	at com.mongodb.internal.connection.SocketStream.open(SocketStream.java:79)
	at com.mongodb.internal.connection.InternalStreamConnection.open(InternalStreamConnection.java:233)
	at com.mongodb.internal.connection.DefaultServerMonitor$ServerMonitor.lookupServerDescription(DefaultServerMonitor.java:219)
	at com.mongodb.internal.connection.DefaultServerMonitor$ServerMonitor.run(DefaultServerMonitor.java:176)
Caused by: java.net.UnknownHostException: ac-2s659uf-shard-00-01.pvohmlz.mongodb.net
	at java.base/java.net.InetAddress$CachedLookup.get(InetAddress.java:988)
	at java.base/java.net.InetAddress.getAllByName0(InetAddress.java:1818)
	at java.base/java.net.InetAddress.getAllByName(InetAddress.java:1688)
	at com.mongodb.internal.connection.DefaultInetAddressResolver.lookupByName(DefaultInetAddressResolver.java:34)
	at com.mongodb.internal.connection.ServerAddressHelper.getSocketAddresses(ServerAddressHelper.java:71)
	... 5 common frames omitted
2026-09-18 15:04:56 INFO  [room-creation,traceId=,spanId=] [MessageBroker-1] org.mongodb.driver.cluster - Waiting for server to become available for operation with ID 8296. Remaining time: 29999 ms. Selector: ReadPreferenceServerSelector{readPreference=primary}, topology description: {type=REPLICA_SET, servers=[{address=ac-2s659uf-shard-00-02.pvohmlz.mongodb.net:27017, type=UNKNOWN, state=CONNECTING, exception={com.mongodb.MongoSocketException: ac-2s659uf-shard-00-02.pvohmlz.mongodb.net}, caused by {java.net.UnknownHostException: ac-2s659uf-shard-00-02.pvohmlz.mongodb.net}}, {address=ac-2s659uf-shard-00-01.pvohmlz.mongodb.net:27017, type=UNKNOWN, state=CONNECTING, exception={com.mongodb.MongoSocketException: ac-2s659uf-shard-00-01.pvohmlz.mongodb.net}, caused by {java.net.UnknownHostException: ac-2s659uf-shard-00-01.pvohmlz.mongodb.net}}, {address=ac-2s659uf-shard-00-00.pvohmlz.mongodb.net:27017, type=UNKNOWN, state=CONNECTING, exception={com.mongodb.MongoSocketException: ac-2s659uf-shard-00-00.pvohmlz.mongodb.net}, caused by {java.net.UnknownHostException: ac-2s659uf-shard-00-00.pvohmlz.mongodb.net}}].
2026-09-18 15:05:26 ERROR [room-creation,traceId=,spanId=] [MessageBroker-1] o.s.s.s.TaskUtils$LoggingErrorHandler - Unexpected error occurred in scheduled task
org.springframework.dao.DataAccessResourceFailureException: Timed out while waiting for a server that matches ReadPreferenceServerSelector{readPreference=primary}. Client view of cluster state is {type=REPLICA_SET, servers=[{address=ac-2s659uf-shard-00-02.pvohmlz.mongodb.net:27017, type=UNKNOWN, state=CONNECTING, exception={com.mongodb.MongoSocketException: ac-2s659uf-shard-00-02.pvohmlz.mongodb.net}, caused by {java.net.UnknownHostException: ac-2s659uf-shard-00-02.pvohmlz.mongodb.net}}, {address=ac-2s659uf-shard-00-01.pvohmlz.mongodb.net:27017, type=UNKNOWN, state=CONNECTING, exception={com.mongodb.MongoSocketException: ac-2s659uf-shard-00-01.pvohmlz.mongodb.net}, caused by {java.net.UnknownHostException: ac-2s659uf-shard-00-01.pvohmlz.mongodb.net}}, {address=ac-2s659uf-shard-00-00.pvohmlz.mongodb.net:27017, type=UNKNOWN, state=CONNECTING, exception={com.mongodb.MongoSocketException: ac-2s659uf-shard-00-00.pvohmlz.mongodb.net}, caused by {java.net.UnknownHostException: ac-2s659uf-shard-00-00.pvohmlz.mongodb.net}}]
	at org.springframework.data.mongodb.core.MongoExceptionTranslator.doTranslateException(MongoExceptionTranslator.java:97)
	at org.springframework.data.mongodb.core.MongoExceptionTranslator.translateExceptionIfPossible(MongoExceptionTranslator.java:74)
	at org.springframework.data.mongodb.core.MongoTemplate.potentiallyConvertRuntimeException(MongoTemplate.java:3008)
	at org.springframework.data.mongodb.core.MongoTemplate.executeFindMultiInternal(MongoTemplate.java:2933)
	at org.springframework.data.mongodb.core.MongoTemplate.doFind(MongoTemplate.java:2631)
	at org.springframework.data.mongodb.core.ExecutableFindOperationSupport$ExecutableFindSupport.doFind(ExecutableFindOperationSupport.java:177)
	at org.springframework.data.mongodb.core.ExecutableFindOperationSupport$ExecutableFindSupport.all(ExecutableFindOperationSupport.java:135)
	at org.springframework.data.mongodb.repository.query.AbstractMongoQuery.lambda$getExecution$4(AbstractMongoQuery.java:226)
	at org.springframework.data.mongodb.repository.query.AbstractMongoQuery.doExecute(AbstractMongoQuery.java:184)
	at org.springframework.data.mongodb.repository.query.AbstractMongoQuery.execute(AbstractMongoQuery.java:156)
	at org.springframework.data.repository.core.support.RepositoryMethodInvoker.doInvoke(RepositoryMethodInvoker.java:170)
	at org.springframework.data.repository.core.support.RepositoryMethodInvoker.invoke(RepositoryMethodInvoker.java:158)
	at org.springframework.data.repository.core.support.QueryExecutorMethodInterceptor.doInvoke(QueryExecutorMethodInterceptor.java:170)
	at org.springframework.data.repository.core.support.QueryExecutorMethodInterceptor.invoke(QueryExecutorMethodInterceptor.java:149)
	at org.springframework.aop.framework.ReflectiveMethodInvocation.proceed(ReflectiveMethodInvocation.java:184)
	at org.springframework.data.projection.DefaultMethodInvokingMethodInterceptor.invoke(DefaultMethodInvokingMethodInterceptor.java:69)
	at org.springframework.aop.framework.ReflectiveMethodInvocation.proceed(ReflectiveMethodInvocation.java:184)
	at org.springframework.data.mongodb.repository.support.CrudMethodMetadataPostProcessor$CrudMethodMetadataPopulatingMethodInterceptor.invoke(CrudMethodMetadataPostProcessor.java:129)
	at org.springframework.aop.framework.ReflectiveMethodInvocation.proceed(ReflectiveMethodInvocation.java:184)
	at org.springframework.aop.framework.JdkDynamicAopProxy.invoke(JdkDynamicAopProxy.java:223)
	at jdk.proxy2/jdk.proxy2.$Proxy131.findByGameStatus(Unknown Source)
	at java.base/jdk.internal.reflect.DirectMethodHandleAccessor.invoke(DirectMethodHandleAccessor.java:103)
	at java.base/java.lang.reflect.Method.invoke(Method.java:580)
	at org.springframework.aop.support.AopUtils.invokeJoinpointUsingReflection(AopUtils.java:359)
	at org.springframework.aop.framework.ReflectiveMethodInvocation.invokeJoinpoint(ReflectiveMethodInvocation.java:196)
	at org.springframework.aop.framework.ReflectiveMethodInvocation.proceed(ReflectiveMethodInvocation.java:163)
	at org.springframework.dao.support.PersistenceExceptionTranslationInterceptor.invoke(PersistenceExceptionTranslationInterceptor.java:138)
	at org.springframework.aop.framework.ReflectiveMethodInvocation.proceed(ReflectiveMethodInvocation.java:184)
	at org.springframework.aop.framework.JdkDynamicAopProxy.invoke(JdkDynamicAopProxy.java:223)
	at jdk.proxy2/jdk.proxy2.$Proxy131.findByGameStatus(Unknown Source)
	at com.sadetech.room_creation.service.RoomService.cleanExpiredRoom(RoomService.java:2018)
	at java.base/jdk.internal.reflect.DirectMethodHandleAccessor.invoke(DirectMethodHandleAccessor.java:103)
	at java.base/java.lang.reflect.Method.invoke(Method.java:580)
	at org.springframework.scheduling.support.ScheduledMethodRunnable.runInternal(ScheduledMethodRunnable.java:130)
	at org.springframework.scheduling.support.ScheduledMethodRunnable.lambda$run$2(ScheduledMethodRunnable.java:124)
	at io.micrometer.observation.Observation.observe(Observation.java:499)
	at org.springframework.scheduling.support.ScheduledMethodRunnable.run(ScheduledMethodRunnable.java:124)
	at org.springframework.scheduling.config.Task$OutcomeTrackingRunnable.run(Task.java:83)
	at org.springframework.scheduling.support.DelegatingErrorHandlingRunnable.run(DelegatingErrorHandlingRunnable.java:54)
	at java.base/java.util.concurrent.Executors$RunnableAdapter.call(Executors.java:572)
	at java.base/java.util.concurrent.FutureTask.runAndReset(FutureTask.java:358)
	at java.base/java.util.concurrent.ScheduledThreadPoolExecutor$ScheduledFutureTask.run(ScheduledThreadPoolExecutor.java:305)
	at java.base/java.util.concurrent.ThreadPoolExecutor.runWorker(ThreadPoolExecutor.java:1144)
	at java.base/java.util.concurrent.ThreadPoolExecutor$Worker.run(ThreadPoolExecutor.java:642)
	at java.base/java.lang.Thread.run(Thread.java:1583)
Caused by: com.mongodb.MongoTimeoutException: Timed out while waiting for a server that matches ReadPreferenceServerSelector{readPreference=primary}. Client view of cluster state is {type=REPLICA_SET, servers=[{address=ac-2s659uf-shard-00-02.pvohmlz.mongodb.net:27017, type=UNKNOWN, state=CONNECTING, exception={com.mongodb.MongoSocketException: ac-2s659uf-shard-00-02.pvohmlz.mongodb.net}, caused by {java.net.UnknownHostException: ac-2s659uf-shard-00-02.pvohmlz.mongodb.net}}, {address=ac-2s659uf-shard-00-01.pvohmlz.mongodb.net:27017, type=UNKNOWN, state=CONNECTING, exception={com.mongodb.MongoSocketException: ac-2s659uf-shard-00-01.pvohmlz.mongodb.net}, caused by {java.net.UnknownHostException: ac-2s659uf-shard-00-01.pvohmlz.mongodb.net}}, {address=ac-2s659uf-shard-00-00.pvohmlz.mongodb.net:27017, type=UNKNOWN, state=CONNECTING, exception={com.mongodb.MongoSocketException: ac-2s659uf-shard-00-00.pvohmlz.mongodb.net}, caused by {java.net.UnknownHostException: ac-2s659uf-shard-00-00.pvohmlz.mongodb.net}}]
	at com.mongodb.internal.connection.BaseCluster.logAndThrowTimeoutException(BaseCluster.java:427)
	at com.mongodb.internal.connection.BaseCluster.lambda$selectServer$0(BaseCluster.java:154)
	at com.mongodb.internal.time.Timeout.lambda$onExistsAndExpired$16(Timeout.java:236)
	at com.mongodb.internal.time.Timeout.lambda$run$10(Timeout.java:201)
	at com.mongodb.internal.time.TimePoint.checkedCall(TimePoint.java:98)
	at com.mongodb.internal.time.Timeout.call(Timeout.java:174)
	at com.mongodb.internal.time.Timeout.run(Timeout.java:194)
	at com.mongodb.internal.time.Timeout.onExistsAndExpired(Timeout.java:233)
	at com.mongodb.internal.time.Timeout.onExpired(Timeout.java:226)
	at com.mongodb.internal.connection.BaseCluster.selectServer(BaseCluster.java:153)
	at com.mongodb.internal.connection.AbstractMultiServerCluster.selectServer(AbstractMultiServerCluster.java:59)
	at com.mongodb.internal.binding.ClusterBinding.getReadConnectionSource(ClusterBinding.java:82)
	at com.mongodb.client.internal.ClientSessionBinding.getConnectionSource(ClientSessionBinding.java:108)
	at com.mongodb.client.internal.ClientSessionBinding.getReadConnectionSource(ClientSessionBinding.java:88)
	at com.mongodb.internal.operation.SyncOperationHelper.withSuppliedResource(SyncOperationHelper.java:148)
	at com.mongodb.internal.operation.SyncOperationHelper.withSourceAndConnection(SyncOperationHelper.java:129)
	at com.mongodb.internal.operation.FindOperation.lambda$execute$2(FindOperation.java:296)
	at com.mongodb.internal.operation.SyncOperationHelper.lambda$decorateReadWithRetries$13(SyncOperationHelper.java:317)
	at com.mongodb.internal.async.function.RetryingSyncSupplier.get(RetryingSyncSupplier.java:67)
	at com.mongodb.internal.operation.FindOperation.execute(FindOperation.java:307)
	at com.mongodb.internal.operation.FindOperation.execute(FindOperation.java:70)
	at com.mongodb.client.internal.MongoClusterImpl$OperationExecutorImpl.execute(MongoClusterImpl.java:358)
	at com.mongodb.client.internal.MongoIterableImpl.execute(MongoIterableImpl.java:156)
	at com.mongodb.client.internal.MongoIterableImpl.iterator(MongoIterableImpl.java:116)
	at org.springframework.data.mongodb.core.MongoTemplate.executeFindMultiInternal(MongoTemplate.java:2920)
	... 41 common frames omitted
2026-09-18 15:05:34 INFO  [room-creation,traceId=,spanId=] [MessageBroker-3] o.s.w.s.c.WebSocketMessageBrokerStats - WebSocketSession[0 current WS(0)-HttpStream(0)-HttpPoll(0), 0 total, 0 closed abnormally (0 connect failure, 0 send limit, 0 transport error)], stompSubProtocol[processed CONNECT(0)-CONNECTED(0)-DISCONNECT(0)], stompBrokerRelay[null], inboundChannel[pool size = 0, active threads = 0, queued tasks = 0, completed tasks = 0], outboundChannel[pool size = 0, active threads = 0, queued tasks = 0, completed tasks = 0], sockJsScheduler[pool size = 4, active threads = 1, queued tasks = 1, completed tasks = 422]
2026-09-18 15:05:36 INFO  [room-creation,traceId=,spanId=] [MessageBroker-4] org.mongodb.driver.cluster - Waiting for server to become available for operation with ID 8488. Remaining time: 29999 ms. Selector: ReadPreferenceServerSelector{readPreference=primary}, topology description: {type=REPLICA_SET, servers=[{address=ac-2s659uf-shard-00-02.pvohmlz.mongodb.net:27017, type=UNKNOWN, state=CONNECTING, exception={com.mongodb.MongoSocketException: ac-2s659uf-shard-00-02.pvohmlz.mongodb.net}, caused by {java.net.UnknownHostException: ac-2s659uf-shard-00-02.pvohmlz.mongodb.net}}, {address=ac-2s659uf-shard-00-01.pvohmlz.mongodb.net:27017, type=UNKNOWN, state=CONNECTING, exception={com.mongodb.MongoSocketException: ac-2s659uf-shard-00-01.pvohmlz.mongodb.net}, caused by {java.net.UnknownHostException: ac-2s659uf-shard-00-01.pvohmlz.mongodb.net}}, {address=ac-2s659uf-shard-00-00.pvohmlz.mongodb.net:27017, type=UNKNOWN, state=CONNECTING, exception={com.mongodb.MongoSocketException: ac-2s659uf-shard-00-00.pvohmlz.mongodb.net}, caused by {java.net.UnknownHostException: ac-2s659uf-shard-00-00.pvohmlz.mongodb.net}}].
2026-09-18 15:33:30 ERROR [room-creation,traceId=,spanId=] [MessageBroker-4] o.s.s.s.TaskUtils$LoggingErrorHandler - Unexpected error occurred in scheduled task
org.springframework.dao.DataAccessResourceFailureException: Timed out while waiting for a server that matches ReadPreferenceServerSelector{readPreference=primary}. Client view of cluster state is {type=REPLICA_SET, servers=[{address=ac-2s659uf-shard-00-02.pvohmlz.mongodb.net:27017, type=UNKNOWN, state=CONNECTING, exception={com.mongodb.MongoSocketException: ac-2s659uf-shard-00-02.pvohmlz.mongodb.net}, caused by {java.net.UnknownHostException: ac-2s659uf-shard-00-02.pvohmlz.mongodb.net}}, {address=ac-2s659uf-shard-00-01.pvohmlz.mongodb.net:27017, type=UNKNOWN, state=CONNECTING, exception={com.mongodb.MongoSocketException: ac-2s659uf-shard-00-01.pvohmlz.mongodb.net}, caused by {java.net.UnknownHostException: ac-2s659uf-shard-00-01.pvohmlz.mongodb.net}}, {address=ac-2s659uf-shard-00-00.pvohmlz.mongodb.net:27017, type=UNKNOWN, state=CONNECTING, exception={com.mongodb.MongoSocketException: ac-2s659uf-shard-00-00.pvohmlz.mongodb.net}, caused by {java.net.UnknownHostException: ac-2s659uf-shard-00-00.pvohmlz.mongodb.net}}]
	at org.springframework.data.mongodb.core.MongoExceptionTranslator.doTranslateException(MongoExceptionTranslator.java:97)
	at org.springframework.data.mongodb.core.MongoExceptionTranslator.translateExceptionIfPossible(MongoExceptionTranslator.java:74)
	at org.springframework.data.mongodb.core.MongoTemplate.potentiallyConvertRuntimeException(MongoTemplate.java:3008)
	at org.springframework.data.mongodb.core.MongoTemplate.executeFindMultiInternal(MongoTemplate.java:2933)
	at org.springframework.data.mongodb.core.MongoTemplate.doFind(MongoTemplate.java:2631)
	at org.springframework.data.mongodb.core.ExecutableFindOperationSupport$ExecutableFindSupport.doFind(ExecutableFindOperationSupport.java:177)
	at org.springframework.data.mongodb.core.ExecutableFindOperationSupport$ExecutableFindSupport.all(ExecutableFindOperationSupport.java:135)
	at org.springframework.data.mongodb.repository.query.AbstractMongoQuery.lambda$getExecution$4(AbstractMongoQuery.java:226)
	at org.springframework.data.mongodb.repository.query.AbstractMongoQuery.doExecute(AbstractMongoQuery.java:184)
	at org.springframework.data.mongodb.repository.query.AbstractMongoQuery.execute(AbstractMongoQuery.java:156)
	at org.springframework.data.repository.core.support.RepositoryMethodInvoker.doInvoke(RepositoryMethodInvoker.java:170)
	at org.springframework.data.repository.core.support.RepositoryMethodInvoker.invoke(RepositoryMethodInvoker.java:158)
	at org.springframework.data.repository.core.support.QueryExecutorMethodInterceptor.doInvoke(QueryExecutorMethodInterceptor.java:170)
	at org.springframework.data.repository.core.support.QueryExecutorMethodInterceptor.invoke(QueryExecutorMethodInterceptor.java:149)
	at org.springframework.aop.framework.ReflectiveMethodInvocation.proceed(ReflectiveMethodInvocation.java:184)
	at org.springframework.data.projection.DefaultMethodInvokingMethodInterceptor.invoke(DefaultMethodInvokingMethodInterceptor.java:69)
	at org.springframework.aop.framework.ReflectiveMethodInvocation.proceed(ReflectiveMethodInvocation.java:184)
	at org.springframework.data.mongodb.repository.support.CrudMethodMetadataPostProcessor$CrudMethodMetadataPopulatingMethodInterceptor.invoke(CrudMethodMetadataPostProcessor.java:129)
	at org.springframework.aop.framework.ReflectiveMethodInvocation.proceed(ReflectiveMethodInvocation.java:184)
	at org.springframework.aop.framework.JdkDynamicAopProxy.invoke(JdkDynamicAopProxy.java:223)
	at jdk.proxy2/jdk.proxy2.$Proxy131.findByGameStatus(Unknown Source)
	at java.base/jdk.internal.reflect.DirectMethodHandleAccessor.invoke(DirectMethodHandleAccessor.java:103)
	at java.base/java.lang.reflect.Method.invoke(Method.java:580)
	at org.springframework.aop.support.AopUtils.invokeJoinpointUsingReflection(AopUtils.java:359)
	at org.springframework.aop.framework.ReflectiveMethodInvocation.invokeJoinpoint(ReflectiveMethodInvocation.java:196)
	at org.springframework.aop.framework.ReflectiveMethodInvocation.proceed(ReflectiveMethodInvocation.java:163)
	at org.springframework.dao.support.PersistenceExceptionTranslationInterceptor.invoke(PersistenceExceptionTranslationInterceptor.java:138)
	at org.springframework.aop.framework.ReflectiveMethodInvocation.proceed(ReflectiveMethodInvocation.java:184)
	at org.springframework.aop.framework.JdkDynamicAopProxy.invoke(JdkDynamicAopProxy.java:223)
	at jdk.proxy2/jdk.proxy2.$Proxy131.findByGameStatus(Unknown Source)
	at com.sadetech.room_creation.service.RoomService.cleanExpiredRoom(RoomService.java:2018)
	at java.base/jdk.internal.reflect.DirectMethodHandleAccessor.invoke(DirectMethodHandleAccessor.java:103)
	at java.base/java.lang.reflect.Method.invoke(Method.java:580)
	at org.springframework.scheduling.support.ScheduledMethodRunnable.runInternal(ScheduledMethodRunnable.java:130)
	at org.springframework.scheduling.support.ScheduledMethodRunnable.lambda$run$2(ScheduledMethodRunnable.java:124)
	at io.micrometer.observation.Observation.observe(Observation.java:499)
	at org.springframework.scheduling.support.ScheduledMethodRunnable.run(ScheduledMethodRunnable.java:124)
	at org.springframework.scheduling.config.Task$OutcomeTrackingRunnable.run(Task.java:83)
	at org.springframework.scheduling.support.DelegatingErrorHandlingRunnable.run(DelegatingErrorHandlingRunnable.java:54)
	at java.base/java.util.concurrent.Executors$RunnableAdapter.call(Executors.java:572)
	at java.base/java.util.concurrent.FutureTask.runAndReset(FutureTask.java:358)
	at java.base/java.util.concurrent.ScheduledThreadPoolExecutor$ScheduledFutureTask.run(ScheduledThreadPoolExecutor.java:305)
	at java.base/java.util.concurrent.ThreadPoolExecutor.runWorker(ThreadPoolExecutor.java:1144)
	at java.base/java.util.concurrent.ThreadPoolExecutor$Worker.run(ThreadPoolExecutor.java:642)
	at java.base/java.lang.Thread.run(Thread.java:1583)
Caused by: com.mongodb.MongoTimeoutException: Timed out while waiting for a server that matches ReadPreferenceServerSelector{readPreference=primary}. Client view of cluster state is {type=REPLICA_SET, servers=[{address=ac-2s659uf-shard-00-02.pvohmlz.mongodb.net:27017, type=UNKNOWN, state=CONNECTING, exception={com.mongodb.MongoSocketException: ac-2s659uf-shard-00-02.pvohmlz.mongodb.net}, caused by {java.net.UnknownHostException: ac-2s659uf-shard-00-02.pvohmlz.mongodb.net}}, {address=ac-2s659uf-shard-00-01.pvohmlz.mongodb.net:27017, type=UNKNOWN, state=CONNECTING, exception={com.mongodb.MongoSocketException: ac-2s659uf-shard-00-01.pvohmlz.mongodb.net}, caused by {java.net.UnknownHostException: ac-2s659uf-shard-00-01.pvohmlz.mongodb.net}}, {address=ac-2s659uf-shard-00-00.pvohmlz.mongodb.net:27017, type=UNKNOWN, state=CONNECTING, exception={com.mongodb.MongoSocketException: ac-2s659uf-shard-00-00.pvohmlz.mongodb.net}, caused by {java.net.UnknownHostException: ac-2s659uf-shard-00-00.pvohmlz.mongodb.net}}]
	at com.mongodb.internal.connection.BaseCluster.logAndThrowTimeoutException(BaseCluster.java:427)
	at com.mongodb.internal.connection.BaseCluster.lambda$selectServer$0(BaseCluster.java:154)
	at com.mongodb.internal.time.Timeout.lambda$onExistsAndExpired$16(Timeout.java:236)
	at com.mongodb.internal.time.Timeout.lambda$run$10(Timeout.java:201)
	at com.mongodb.internal.time.TimePoint.checkedCall(TimePoint.java:98)
	at com.mongodb.internal.time.Timeout.call(Timeout.java:174)
	at com.mongodb.internal.time.Timeout.run(Timeout.java:194)
	at com.mongodb.internal.time.Timeout.onExistsAndExpired(Timeout.java:233)
	at com.mongodb.internal.time.Timeout.onExpired(Timeout.java:226)
	at com.mongodb.internal.connection.BaseCluster.selectServer(BaseCluster.java:153)
	at com.mongodb.internal.connection.AbstractMultiServerCluster.selectServer(AbstractMultiServerCluster.java:59)
	at com.mongodb.internal.binding.ClusterBinding.getReadConnectionSource(ClusterBinding.java:82)
	at com.mongodb.client.internal.ClientSessionBinding.getConnectionSource(ClientSessionBinding.java:108)
	at com.mongodb.client.internal.ClientSessionBinding.getReadConnectionSource(ClientSessionBinding.java:88)
	at com.mongodb.internal.operation.SyncOperationHelper.withSuppliedResource(SyncOperationHelper.java:148)
	at com.mongodb.internal.operation.SyncOperationHelper.withSourceAndConnection(SyncOperationHelper.java:129)
	at com.mongodb.internal.operation.FindOperation.lambda$execute$2(FindOperation.java:296)
	at com.mongodb.internal.operation.SyncOperationHelper.lambda$decorateReadWithRetries$13(SyncOperationHelper.java:317)
	at com.mongodb.internal.async.function.RetryingSyncSupplier.get(RetryingSyncSupplier.java:67)
	at com.mongodb.internal.operation.FindOperation.execute(FindOperation.java:307)
	at com.mongodb.internal.operation.FindOperation.execute(FindOperation.java:70)
	at com.mongodb.client.internal.MongoClusterImpl$OperationExecutorImpl.execute(MongoClusterImpl.java:358)
	at com.mongodb.client.internal.MongoIterableImpl.execute(MongoIterableImpl.java:156)
	at com.mongodb.client.internal.MongoIterableImpl.iterator(MongoIterableImpl.java:116)
	at org.springframework.data.mongodb.core.MongoTemplate.executeFindMultiInternal(MongoTemplate.java:2920)
	... 41 common frames omitted
2026-09-18 15:33:30 INFO  [room-creation,traceId=,spanId=] [cluster-ClusterId{value='6aac31b02fc30302e91c7a35', description='Cluster0'}-ac-2s659uf-shard-00-00.pvohmlz.mongodb.net:27017] org.mongodb.driver.cluster - Exception in monitor thread while connecting to server ac-2s659uf-shard-00-00.pvohmlz.mongodb.net:27017
com.mongodb.MongoSocketException: No such host is known (ac-2s659uf-shard-00-00.pvohmlz.mongodb.net)
	at com.mongodb.internal.connection.ServerAddressHelper.getSocketAddresses(ServerAddressHelper.java:75)
	at com.mongodb.internal.connection.SocketStream.initializeSocket(SocketStream.java:100)
	at com.mongodb.internal.connection.SocketStream.open(SocketStream.java:79)
	at com.mongodb.internal.connection.InternalStreamConnection.open(InternalStreamConnection.java:233)
	at com.mongodb.internal.connection.DefaultServerMonitor$ServerMonitor.lookupServerDescription(DefaultServerMonitor.java:219)
	at com.mongodb.internal.connection.DefaultServerMonitor$ServerMonitor.run(DefaultServerMonitor.java:176)
Caused by: java.net.UnknownHostException: No such host is known (ac-2s659uf-shard-00-00.pvohmlz.mongodb.net)
	at java.base/java.net.Inet6AddressImpl.lookupAllHostAddr(Native Method)
	at java.base/java.net.Inet6AddressImpl.lookupAllHostAddr(Inet6AddressImpl.java:52)
	at java.base/java.net.InetAddress$PlatformResolver.lookupByName(InetAddress.java:1211)
	at java.base/java.net.InetAddress.getAddressesFromNameService(InetAddress.java:1828)
	at java.base/java.net.InetAddress$NameServiceAddresses.get(InetAddress.java:1139)
	at java.base/java.net.InetAddress.getAllByName0(InetAddress.java:1818)
	at java.base/java.net.InetAddress.getAllByName(InetAddress.java:1688)
	at com.mongodb.internal.connection.DefaultInetAddressResolver.lookupByName(DefaultInetAddressResolver.java:34)
	at com.mongodb.internal.connection.ServerAddressHelper.getSocketAddresses(ServerAddressHelper.java:71)
	... 5 common frames omitted
2026-09-18 15:33:30 INFO  [room-creation,traceId=,spanId=] [cluster-ClusterId{value='6aac31b02fc30302e91c7a35', description='Cluster0'}-ac-2s659uf-shard-00-02.pvohmlz.mongodb.net:27017] org.mongodb.driver.cluster - Exception in monitor thread while connecting to server ac-2s659uf-shard-00-02.pvohmlz.mongodb.net:27017
com.mongodb.MongoSocketException: No such host is known (ac-2s659uf-shard-00-02.pvohmlz.mongodb.net)
	at com.mongodb.internal.connection.ServerAddressHelper.getSocketAddresses(ServerAddressHelper.java:75)
	at com.mongodb.internal.connection.SocketStream.initializeSocket(SocketStream.java:100)
	at com.mongodb.internal.connection.SocketStream.open(SocketStream.java:79)
	at com.mongodb.internal.connection.InternalStreamConnection.open(InternalStreamConnection.java:233)
	at com.mongodb.internal.connection.DefaultServerMonitor$ServerMonitor.lookupServerDescription(DefaultServerMonitor.java:219)
	at com.mongodb.internal.connection.DefaultServerMonitor$ServerMonitor.run(DefaultServerMonitor.java:176)
Caused by: java.net.UnknownHostException: No such host is known (ac-2s659uf-shard-00-02.pvohmlz.mongodb.net)
	at java.base/java.net.Inet6AddressImpl.lookupAllHostAddr(Native Method)
	at java.base/java.net.Inet6AddressImpl.lookupAllHostAddr(Inet6AddressImpl.java:52)
	at java.base/java.net.InetAddress$PlatformResolver.lookupByName(InetAddress.java:1211)
	at java.base/java.net.InetAddress.getAddressesFromNameService(InetAddress.java:1828)
	at java.base/java.net.InetAddress$NameServiceAddresses.get(InetAddress.java:1139)
	at java.base/java.net.InetAddress.getAllByName0(InetAddress.java:1818)
	at java.base/java.net.InetAddress.getAllByName(InetAddress.java:1688)
	at com.mongodb.internal.connection.DefaultInetAddressResolver.lookupByName(DefaultInetAddressResolver.java:34)
	at com.mongodb.internal.connection.ServerAddressHelper.getSocketAddresses(ServerAddressHelper.java:71)
	... 5 common frames omitted
2026-09-18 15:33:30 INFO  [room-creation,traceId=,spanId=] [cluster-ClusterId{value='6aac31b02fc30302e91c7a35', description='Cluster0'}-ac-2s659uf-shard-00-01.pvohmlz.mongodb.net:27017] org.mongodb.driver.cluster - Exception in monitor thread while connecting to server ac-2s659uf-shard-00-01.pvohmlz.mongodb.net:27017
com.mongodb.MongoSocketException: No such host is known (ac-2s659uf-shard-00-01.pvohmlz.mongodb.net)
	at com.mongodb.internal.connection.ServerAddressHelper.getSocketAddresses(ServerAddressHelper.java:75)
	at com.mongodb.internal.connection.SocketStream.initializeSocket(SocketStream.java:100)
	at com.mongodb.internal.connection.SocketStream.open(SocketStream.java:79)
	at com.mongodb.internal.connection.InternalStreamConnection.open(InternalStreamConnection.java:233)
	at com.mongodb.internal.connection.DefaultServerMonitor$ServerMonitor.lookupServerDescription(DefaultServerMonitor.java:219)
	at com.mongodb.internal.connection.DefaultServerMonitor$ServerMonitor.run(DefaultServerMonitor.java:176)
Caused by: java.net.UnknownHostException: No such host is known (ac-2s659uf-shard-00-01.pvohmlz.mongodb.net)
	at java.base/java.net.Inet6AddressImpl.lookupAllHostAddr(Native Method)
	at java.base/java.net.Inet6AddressImpl.lookupAllHostAddr(Inet6AddressImpl.java:52)
	at java.base/java.net.InetAddress$PlatformResolver.lookupByName(InetAddress.java:1211)
	at java.base/java.net.InetAddress.getAddressesFromNameService(InetAddress.java:1828)
	at java.base/java.net.InetAddress$NameServiceAddresses.get(InetAddress.java:1139)
	at java.base/java.net.InetAddress.getAllByName0(InetAddress.java:1818)
	at java.base/java.net.InetAddress.getAllByName(InetAddress.java:1688)
	at com.mongodb.internal.connection.DefaultInetAddressResolver.lookupByName(DefaultInetAddressResolver.java:34)
	at com.mongodb.internal.connection.ServerAddressHelper.getSocketAddresses(ServerAddressHelper.java:71)
	... 5 common frames omitted
2026-09-18 15:33:40 INFO  [room-creation,traceId=,spanId=] [MessageBroker-4] org.mongodb.driver.cluster - Waiting for server to become available for operation with ID 8615. Remaining time: 29999 ms. Selector: ReadPreferenceServerSelector{readPreference=primary}, topology description: {type=REPLICA_SET, servers=[{address=ac-2s659uf-shard-00-02.pvohmlz.mongodb.net:27017, type=UNKNOWN, state=CONNECTING, exception={com.mongodb.MongoSocketException: No such host is known (ac-2s659uf-shard-00-02.pvohmlz.mongodb.net)}, caused by {java.net.UnknownHostException: No such host is known (ac-2s659uf-shard-00-02.pvohmlz.mongodb.net)}}, {address=ac-2s659uf-shard-00-01.pvohmlz.mongodb.net:27017, type=UNKNOWN, state=CONNECTING, exception={com.mongodb.MongoSocketException: No such host is known (ac-2s659uf-shard-00-01.pvohmlz.mongodb.net)}, caused by {java.net.UnknownHostException: No such host is known (ac-2s659uf-shard-00-01.pvohmlz.mongodb.net)}}, {address=ac-2s659uf-shard-00-00.pvohmlz.mongodb.net:27017, type=UNKNOWN, state=CONNECTING, exception={com.mongodb.MongoSocketException: No such host is known (ac-2s659uf-shard-00-00.pvohmlz.mongodb.net)}, caused by {java.net.UnknownHostException: No such host is known (ac-2s659uf-shard-00-00.pvohmlz.mongodb.net)}}].
2026-09-18 15:33:40 INFO  [room-creation,traceId=,spanId=] [cluster-ClusterId{value='6aac31b02fc30302e91c7a35', description='Cluster0'}-ac-2s659uf-shard-00-01.pvohmlz.mongodb.net:27017] org.mongodb.driver.cluster - Exception in monitor thread while connecting to server ac-2s659uf-shard-00-01.pvohmlz.mongodb.net:27017
com.mongodb.MongoSocketException: ac-2s659uf-shard-00-01.pvohmlz.mongodb.net
	at com.mongodb.internal.connection.ServerAddressHelper.getSocketAddresses(ServerAddressHelper.java:75)
	at com.mongodb.internal.connection.SocketStream.initializeSocket(SocketStream.java:100)
	at com.mongodb.internal.connection.SocketStream.open(SocketStream.java:79)
	at com.mongodb.internal.connection.InternalStreamConnection.open(InternalStreamConnection.java:233)
	at com.mongodb.internal.connection.DefaultServerMonitor$ServerMonitor.lookupServerDescription(DefaultServerMonitor.java:219)
	at com.mongodb.internal.connection.DefaultServerMonitor$ServerMonitor.run(DefaultServerMonitor.java:176)
Caused by: java.net.UnknownHostException: ac-2s659uf-shard-00-01.pvohmlz.mongodb.net
	at java.base/java.net.InetAddress$CachedLookup.get(InetAddress.java:988)
	at java.base/java.net.InetAddress.getAllByName0(InetAddress.java:1818)
	at java.base/java.net.InetAddress.getAllByName(InetAddress.java:1688)
	at com.mongodb.internal.connection.DefaultInetAddressResolver.lookupByName(DefaultInetAddressResolver.java:34)
	at com.mongodb.internal.connection.ServerAddressHelper.getSocketAddresses(ServerAddressHelper.java:71)
	... 5 common frames omitted
2026-09-18 15:33:41 INFO  [room-creation,traceId=,spanId=] [cluster-ClusterId{value='6aac31b02fc30302e91c7a35', description='Cluster0'}-ac-2s659uf-shard-00-01.pvohmlz.mongodb.net:27017] org.mongodb.driver.cluster - Exception in monitor thread while connecting to server ac-2s659uf-shard-00-01.pvohmlz.mongodb.net:27017
com.mongodb.MongoSocketException: No such host is known (ac-2s659uf-shard-00-01.pvohmlz.mongodb.net)
	at com.mongodb.internal.connection.ServerAddressHelper.getSocketAddresses(ServerAddressHelper.java:75)
	at com.mongodb.internal.connection.SocketStream.initializeSocket(SocketStream.java:100)
	at com.mongodb.internal.connection.SocketStream.open(SocketStream.java:79)
	at com.mongodb.internal.connection.InternalStreamConnection.open(InternalStreamConnection.java:233)
	at com.mongodb.internal.connection.DefaultServerMonitor$ServerMonitor.lookupServerDescription(DefaultServerMonitor.java:219)
	at com.mongodb.internal.connection.DefaultServerMonitor$ServerMonitor.run(DefaultServerMonitor.java:176)
Caused by: java.net.UnknownHostException: No such host is known (ac-2s659uf-shard-00-01.pvohmlz.mongodb.net)
	at java.base/java.net.Inet6AddressImpl.lookupAllHostAddr(Native Method)
	at java.base/java.net.Inet6AddressImpl.lookupAllHostAddr(Inet6AddressImpl.java:52)
	at java.base/java.net.InetAddress$PlatformResolver.lookupByName(InetAddress.java:1211)
	at java.base/java.net.InetAddress.getAddressesFromNameService(InetAddress.java:1828)
	at java.base/java.net.InetAddress$NameServiceAddresses.get(InetAddress.java:1139)
	at java.base/java.net.InetAddress.getAllByName0(InetAddress.java:1818)
	at java.base/java.net.InetAddress.getAllByName(InetAddress.java:1688)
	at com.mongodb.internal.connection.DefaultInetAddressResolver.lookupByName(DefaultInetAddressResolver.java:34)
	at com.mongodb.internal.connection.ServerAddressHelper.getSocketAddresses(ServerAddressHelper.java:71)
	... 5 common frames omitted
2026-09-18 15:33:41 INFO  [room-creation,traceId=,spanId=] [cluster-ClusterId{value='6aac31b02fc30302e91c7a35', description='Cluster0'}-ac-2s659uf-shard-00-02.pvohmlz.mongodb.net:27017] org.mongodb.driver.cluster - Exception in monitor thread while connecting to server ac-2s659uf-shard-00-02.pvohmlz.mongodb.net:27017
com.mongodb.MongoSocketException: ac-2s659uf-shard-00-02.pvohmlz.mongodb.net
	at com.mongodb.internal.connection.ServerAddressHelper.getSocketAddresses(ServerAddressHelper.java:75)
	at com.mongodb.internal.connection.SocketStream.initializeSocket(SocketStream.java:100)
	at com.mongodb.internal.connection.SocketStream.open(SocketStream.java:79)
	at com.mongodb.internal.connection.InternalStreamConnection.open(InternalStreamConnection.java:233)
	at com.mongodb.internal.connection.DefaultServerMonitor$ServerMonitor.lookupServerDescription(DefaultServerMonitor.java:219)
	at com.mongodb.internal.connection.DefaultServerMonitor$ServerMonitor.run(DefaultServerMonitor.java:176)
Caused by: java.net.UnknownHostException: ac-2s659uf-shard-00-02.pvohmlz.mongodb.net
	at java.base/java.net.InetAddress$CachedLookup.get(InetAddress.java:988)
	at java.base/java.net.InetAddress.getAllByName0(InetAddress.java:1818)
	at java.base/java.net.InetAddress.getAllByName(InetAddress.java:1688)
	at com.mongodb.internal.connection.DefaultInetAddressResolver.lookupByName(DefaultInetAddressResolver.java:34)
	at com.mongodb.internal.connection.ServerAddressHelper.getSocketAddresses(ServerAddressHelper.java:71)
	... 5 common frames omitted
2026-09-18 15:33:41 INFO  [room-creation,traceId=,spanId=] [cluster-ClusterId{value='6aac31b02fc30302e91c7a35', description='Cluster0'}-ac-2s659uf-shard-00-00.pvohmlz.mongodb.net:27017] org.mongodb.driver.cluster - Exception in monitor thread while connecting to server ac-2s659uf-shard-00-00.pvohmlz.mongodb.net:27017
com.mongodb.MongoSocketException: ac-2s659uf-shard-00-00.pvohmlz.mongodb.net
	at com.mongodb.internal.connection.ServerAddressHelper.getSocketAddresses(ServerAddressHelper.java:75)
	at com.mongodb.internal.connection.SocketStream.initializeSocket(SocketStream.java:100)
	at com.mongodb.internal.connection.SocketStream.open(SocketStream.java:79)
	at com.mongodb.internal.connection.InternalStreamConnection.open(InternalStreamConnection.java:233)
	at com.mongodb.internal.connection.DefaultServerMonitor$ServerMonitor.lookupServerDescription(DefaultServerMonitor.java:219)
	at com.mongodb.internal.connection.DefaultServerMonitor$ServerMonitor.run(DefaultServerMonitor.java:176)
Caused by: java.net.UnknownHostException: ac-2s659uf-shard-00-00.pvohmlz.mongodb.net
	at java.base/java.net.InetAddress$CachedLookup.get(InetAddress.java:988)
	at java.base/java.net.InetAddress.getAllByName0(InetAddress.java:1818)
	at java.base/java.net.InetAddress.getAllByName(InetAddress.java:1688)
	at com.mongodb.internal.connection.DefaultInetAddressResolver.lookupByName(DefaultInetAddressResolver.java:34)
	at com.mongodb.internal.connection.ServerAddressHelper.getSocketAddresses(ServerAddressHelper.java:71)
	... 5 common frames omitted
2026-09-18 15:33:41 INFO  [room-creation,traceId=,spanId=] [cluster-ClusterId{value='6aac31b02fc30302e91c7a35', description='Cluster0'}-ac-2s659uf-shard-00-01.pvohmlz.mongodb.net:27017] org.mongodb.driver.cluster - Exception in monitor thread while connecting to server ac-2s659uf-shard-00-01.pvohmlz.mongodb.net:27017
com.mongodb.MongoSocketException: ac-2s659uf-shard-00-01.pvohmlz.mongodb.net
	at com.mongodb.internal.connection.ServerAddressHelper.getSocketAddresses(ServerAddressHelper.java:75)
	at com.mongodb.internal.connection.SocketStream.initializeSocket(SocketStream.java:100)
	at com.mongodb.internal.connection.SocketStream.open(SocketStream.java:79)
	at com.mongodb.internal.connection.InternalStreamConnection.open(InternalStreamConnection.java:233)
	at com.mongodb.internal.connection.DefaultServerMonitor$ServerMonitor.lookupServerDescription(DefaultServerMonitor.java:219)
	at com.mongodb.internal.connection.DefaultServerMonitor$ServerMonitor.run(DefaultServerMonitor.java:176)
Caused by: java.net.UnknownHostException: ac-2s659uf-shard-00-01.pvohmlz.mongodb.net
	at java.base/java.net.InetAddress$CachedLookup.get(InetAddress.java:988)
	at java.base/java.net.InetAddress.getAllByName0(InetAddress.java:1818)
	at java.base/java.net.InetAddress.getAllByName(InetAddress.java:1688)
	at com.mongodb.internal.connection.DefaultInetAddressResolver.lookupByName(DefaultInetAddressResolver.java:34)
	at com.mongodb.internal.connection.ServerAddressHelper.getSocketAddresses(ServerAddressHelper.java:71)
	... 5 common frames omitted
2026-09-18 15:33:50 INFO  [room-creation,traceId=,spanId=] [cluster-ClusterId{value='6aac31b02fc30302e91c7a35', description='Cluster0'}-ac-2s659uf-shard-00-02.pvohmlz.mongodb.net:27017] org.mongodb.driver.cluster - Exception in monitor thread while connecting to server ac-2s659uf-shard-00-02.pvohmlz.mongodb.net:27017
com.mongodb.MongoSocketException: No such host is known (ac-2s659uf-shard-00-02.pvohmlz.mongodb.net)
	at com.mongodb.internal.connection.ServerAddressHelper.getSocketAddresses(ServerAddressHelper.java:75)
	at com.mongodb.internal.connection.SocketStream.initializeSocket(SocketStream.java:100)
	at com.mongodb.internal.connection.SocketStream.open(SocketStream.java:79)
	at com.mongodb.internal.connection.InternalStreamConnection.open(InternalStreamConnection.java:233)
	at com.mongodb.internal.connection.DefaultServerMonitor$ServerMonitor.lookupServerDescription(DefaultServerMonitor.java:219)
	at com.mongodb.internal.connection.DefaultServerMonitor$ServerMonitor.run(DefaultServerMonitor.java:176)
Caused by: java.net.UnknownHostException: No such host is known (ac-2s659uf-shard-00-02.pvohmlz.mongodb.net)
	at java.base/java.net.Inet6AddressImpl.lookupAllHostAddr(Native Method)
	at java.base/java.net.Inet6AddressImpl.lookupAllHostAddr(Inet6AddressImpl.java:52)
	at java.base/java.net.InetAddress$PlatformResolver.lookupByName(InetAddress.java:1211)
	at java.base/java.net.InetAddress.getAddressesFromNameService(InetAddress.java:1828)
	at java.base/java.net.InetAddress$NameServiceAddresses.get(InetAddress.java:1139)
	at java.base/java.net.InetAddress.getAllByName0(InetAddress.java:1818)
	at java.base/java.net.InetAddress.getAllByName(InetAddress.java:1688)
	at com.mongodb.internal.connection.DefaultInetAddressResolver.lookupByName(DefaultInetAddressResolver.java:34)
	at com.mongodb.internal.connection.ServerAddressHelper.getSocketAddresses(ServerAddressHelper.java:71)
	... 5 common frames omitted
2026-09-18 15:33:50 INFO  [room-creation,traceId=,spanId=] [cluster-ClusterId{value='6aac31b02fc30302e91c7a35', description='Cluster0'}-ac-2s659uf-shard-00-00.pvohmlz.mongodb.net:27017] org.mongodb.driver.cluster - Exception in monitor thread while connecting to server ac-2s659uf-shard-00-00.pvohmlz.mongodb.net:27017
com.mongodb.MongoSocketException: No such host is known (ac-2s659uf-shard-00-00.pvohmlz.mongodb.net)
	at com.mongodb.internal.connection.ServerAddressHelper.getSocketAddresses(ServerAddressHelper.java:75)
	at com.mongodb.internal.connection.SocketStream.initializeSocket(SocketStream.java:100)
	at com.mongodb.internal.connection.SocketStream.open(SocketStream.java:79)
	at com.mongodb.internal.connection.InternalStreamConnection.open(InternalStreamConnection.java:233)
	at com.mongodb.internal.connection.DefaultServerMonitor$ServerMonitor.lookupServerDescription(DefaultServerMonitor.java:219)
	at com.mongodb.internal.connection.DefaultServerMonitor$ServerMonitor.run(DefaultServerMonitor.java:176)
Caused by: java.net.UnknownHostException: No such host is known (ac-2s659uf-shard-00-00.pvohmlz.mongodb.net)
	at java.base/java.net.Inet6AddressImpl.lookupAllHostAddr(Native Method)
	at java.base/java.net.Inet6AddressImpl.lookupAllHostAddr(Inet6AddressImpl.java:52)
	at java.base/java.net.InetAddress$PlatformResolver.lookupByName(InetAddress.java:1211)
	at java.base/java.net.InetAddress.getAddressesFromNameService(InetAddress.java:1828)
	at java.base/java.net.InetAddress$NameServiceAddresses.get(InetAddress.java:1139)
	at java.base/java.net.InetAddress.getAllByName0(InetAddress.java:1818)
	at java.base/java.net.InetAddress.getAllByName(InetAddress.java:1688)
	at com.mongodb.internal.connection.DefaultInetAddressResolver.lookupByName(DefaultInetAddressResolver.java:34)
	at com.mongodb.internal.connection.ServerAddressHelper.getSocketAddresses(ServerAddressHelper.java:71)
	... 5 common frames omitted
2026-09-18 15:33:51 INFO  [room-creation,traceId=,spanId=] [cluster-ClusterId{value='6aac31b02fc30302e91c7a35', description='Cluster0'}-ac-2s659uf-shard-00-02.pvohmlz.mongodb.net:27017] org.mongodb.driver.cluster - Exception in monitor thread while connecting to server ac-2s659uf-shard-00-02.pvohmlz.mongodb.net:27017
com.mongodb.MongoSocketException: ac-2s659uf-shard-00-02.pvohmlz.mongodb.net
	at com.mongodb.internal.connection.ServerAddressHelper.getSocketAddresses(ServerAddressHelper.java:75)
	at com.mongodb.internal.connection.SocketStream.initializeSocket(SocketStream.java:100)
	at com.mongodb.internal.connection.SocketStream.open(SocketStream.java:79)
	at com.mongodb.internal.connection.InternalStreamConnection.open(InternalStreamConnection.java:233)
	at com.mongodb.internal.connection.DefaultServerMonitor$ServerMonitor.lookupServerDescription(DefaultServerMonitor.java:219)
	at com.mongodb.internal.connection.DefaultServerMonitor$ServerMonitor.run(DefaultServerMonitor.java:176)
Caused by: java.net.UnknownHostException: ac-2s659uf-shard-00-02.pvohmlz.mongodb.net
	at java.base/java.net.InetAddress$CachedLookup.get(InetAddress.java:988)
	at java.base/java.net.InetAddress.getAllByName0(InetAddress.java:1818)
	at java.base/java.net.InetAddress.getAllByName(InetAddress.java:1688)
	at com.mongodb.internal.connection.DefaultInetAddressResolver.lookupByName(DefaultInetAddressResolver.java:34)
	at com.mongodb.internal.connection.ServerAddressHelper.getSocketAddresses(ServerAddressHelper.java:71)
	... 5 common frames omitted
2026-09-18 15:33:51 INFO  [room-creation,traceId=,spanId=] [cluster-ClusterId{value='6aac31b02fc30302e91c7a35', description='Cluster0'}-ac-2s659uf-shard-00-00.pvohmlz.mongodb.net:27017] org.mongodb.driver.cluster - Exception in monitor thread while connecting to server ac-2s659uf-shard-00-00.pvohmlz.mongodb.net:27017
com.mongodb.MongoSocketException: ac-2s659uf-shard-00-00.pvohmlz.mongodb.net
	at com.mongodb.internal.connection.ServerAddressHelper.getSocketAddresses(ServerAddressHelper.java:75)
	at com.mongodb.internal.connection.SocketStream.initializeSocket(SocketStream.java:100)
	at com.mongodb.internal.connection.SocketStream.open(SocketStream.java:79)
	at com.mongodb.internal.connection.InternalStreamConnection.open(InternalStreamConnection.java:233)
	at com.mongodb.internal.connection.DefaultServerMonitor$ServerMonitor.lookupServerDescription(DefaultServerMonitor.java:219)
	at com.mongodb.internal.connection.DefaultServerMonitor$ServerMonitor.run(DefaultServerMonitor.java:176)
Caused by: java.net.UnknownHostException: ac-2s659uf-shard-00-00.pvohmlz.mongodb.net
	at java.base/java.net.InetAddress$CachedLookup.get(InetAddress.java:988)
	at java.base/java.net.InetAddress.getAllByName0(InetAddress.java:1818)
	at java.base/java.net.InetAddress.getAllByName(InetAddress.java:1688)
	at com.mongodb.internal.connection.DefaultInetAddressResolver.lookupByName(DefaultInetAddressResolver.java:34)
	at com.mongodb.internal.connection.ServerAddressHelper.getSocketAddresses(ServerAddressHelper.java:71)
	... 5 common frames omitted
2026-09-18 15:33:51 INFO  [room-creation,traceId=,spanId=] [cluster-ClusterId{value='6aac31b02fc30302e91c7a35', description='Cluster0'}-ac-2s659uf-shard-00-01.pvohmlz.mongodb.net:27017] org.mongodb.driver.cluster - Exception in monitor thread while connecting to server ac-2s659uf-shard-00-01.pvohmlz.mongodb.net:27017
com.mongodb.MongoSocketException: No such host is known (ac-2s659uf-shard-00-01.pvohmlz.mongodb.net)
	at com.mongodb.internal.connection.ServerAddressHelper.getSocketAddresses(ServerAddressHelper.java:75)
	at com.mongodb.internal.connection.SocketStream.initializeSocket(SocketStream.java:100)
	at com.mongodb.internal.connection.SocketStream.open(SocketStream.java:79)
	at com.mongodb.internal.connection.InternalStreamConnection.open(InternalStreamConnection.java:233)
	at com.mongodb.internal.connection.DefaultServerMonitor$ServerMonitor.lookupServerDescription(DefaultServerMonitor.java:219)
	at com.mongodb.internal.connection.DefaultServerMonitor$ServerMonitor.run(DefaultServerMonitor.java:176)
Caused by: java.net.UnknownHostException: No such host is known (ac-2s659uf-shard-00-01.pvohmlz.mongodb.net)
	at java.base/java.net.Inet6AddressImpl.lookupAllHostAddr(Native Method)
	at java.base/java.net.Inet6AddressImpl.lookupAllHostAddr(Inet6AddressImpl.java:52)
	at java.base/java.net.InetAddress$PlatformResolver.lookupByName(InetAddress.java:1211)
	at java.base/java.net.InetAddress.getAddressesFromNameService(InetAddress.java:1828)
	at java.base/java.net.InetAddress$NameServiceAddresses.get(InetAddress.java:1139)
	at java.base/java.net.InetAddress.getAllByName0(InetAddress.java:1818)
	at java.base/java.net.InetAddress.getAllByName(InetAddress.java:1688)
	at com.mongodb.internal.connection.DefaultInetAddressResolver.lookupByName(DefaultInetAddressResolver.java:34)
	at com.mongodb.internal.connection.ServerAddressHelper.getSocketAddresses(ServerAddressHelper.java:71)
	... 5 common frames omitted
2026-09-18 15:33:52 INFO  [room-creation,traceId=,spanId=] [cluster-ClusterId{value='6aac31b02fc30302e91c7a35', description='Cluster0'}-ac-2s659uf-shard-00-01.pvohmlz.mongodb.net:27017] org.mongodb.driver.cluster - Exception in monitor thread while connecting to server ac-2s659uf-shard-00-01.pvohmlz.mongodb.net:27017
com.mongodb.MongoSocketException: ac-2s659uf-shard-00-01.pvohmlz.mongodb.net
	at com.mongodb.internal.connection.ServerAddressHelper.getSocketAddresses(ServerAddressHelper.java:75)
	at com.mongodb.internal.connection.SocketStream.initializeSocket(SocketStream.java:100)
	at com.mongodb.internal.connection.SocketStream.open(SocketStream.java:79)
	at com.mongodb.internal.connection.InternalStreamConnection.open(InternalStreamConnection.java:233)
	at com.mongodb.internal.connection.DefaultServerMonitor$ServerMonitor.lookupServerDescription(DefaultServerMonitor.java:219)
	at com.mongodb.internal.connection.DefaultServerMonitor$ServerMonitor.run(DefaultServerMonitor.java:176)
Caused by: java.net.UnknownHostException: ac-2s659uf-shard-00-01.pvohmlz.mongodb.net
	at java.base/java.net.InetAddress$CachedLookup.get(InetAddress.java:988)
	at java.base/java.net.InetAddress.getAllByName0(InetAddress.java:1818)
	at java.base/java.net.InetAddress.getAllByName(InetAddress.java:1688)
	at com.mongodb.internal.connection.DefaultInetAddressResolver.lookupByName(DefaultInetAddressResolver.java:34)
	at com.mongodb.internal.connection.ServerAddressHelper.getSocketAddresses(ServerAddressHelper.java:71)
	... 5 common frames omitted
2026-09-18 15:34:01 INFO  [room-creation,traceId=,spanId=] [cluster-ClusterId{value='6aac31b02fc30302e91c7a35', description='Cluster0'}-ac-2s659uf-shard-00-02.pvohmlz.mongodb.net:27017] org.mongodb.driver.cluster - Exception in monitor thread while connecting to server ac-2s659uf-shard-00-02.pvohmlz.mongodb.net:27017
com.mongodb.MongoSocketException: No such host is known (ac-2s659uf-shard-00-02.pvohmlz.mongodb.net)
	at com.mongodb.internal.connection.ServerAddressHelper.getSocketAddresses(ServerAddressHelper.java:75)
	at com.mongodb.internal.connection.SocketStream.initializeSocket(SocketStream.java:100)
	at com.mongodb.internal.connection.SocketStream.open(SocketStream.java:79)
	at com.mongodb.internal.connection.InternalStreamConnection.open(InternalStreamConnection.java:233)
	at com.mongodb.internal.connection.DefaultServerMonitor$ServerMonitor.lookupServerDescription(DefaultServerMonitor.java:219)
	at com.mongodb.internal.connection.DefaultServerMonitor$ServerMonitor.run(DefaultServerMonitor.java:176)
Caused by: java.net.UnknownHostException: No such host is known (ac-2s659uf-shard-00-02.pvohmlz.mongodb.net)
	at java.base/java.net.Inet6AddressImpl.lookupAllHostAddr(Native Method)
	at java.base/java.net.Inet6AddressImpl.lookupAllHostAddr(Inet6AddressImpl.java:52)
	at java.base/java.net.InetAddress$PlatformResolver.lookupByName(InetAddress.java:1211)
	at java.base/java.net.InetAddress.getAddressesFromNameService(InetAddress.java:1828)
	at java.base/java.net.InetAddress$NameServiceAddresses.get(InetAddress.java:1139)
	at java.base/java.net.InetAddress.getAllByName0(InetAddress.java:1818)
	at java.base/java.net.InetAddress.getAllByName(InetAddress.java:1688)
	at com.mongodb.internal.connection.DefaultInetAddressResolver.lookupByName(DefaultInetAddressResolver.java:34)
	at com.mongodb.internal.connection.ServerAddressHelper.getSocketAddresses(ServerAddressHelper.java:71)
	... 5 common frames omitted
2026-09-18 15:34:01 INFO  [room-creation,traceId=,spanId=] [cluster-ClusterId{value='6aac31b02fc30302e91c7a35', description='Cluster0'}-ac-2s659uf-shard-00-00.pvohmlz.mongodb.net:27017] org.mongodb.driver.cluster - Exception in monitor thread while connecting to server ac-2s659uf-shard-00-00.pvohmlz.mongodb.net:27017
com.mongodb.MongoSocketException: No such host is known (ac-2s659uf-shard-00-00.pvohmlz.mongodb.net)
	at com.mongodb.internal.connection.ServerAddressHelper.getSocketAddresses(ServerAddressHelper.java:75)
	at com.mongodb.internal.connection.SocketStream.initializeSocket(SocketStream.java:100)
	at com.mongodb.internal.connection.SocketStream.open(SocketStream.java:79)
	at com.mongodb.internal.connection.InternalStreamConnection.open(InternalStreamConnection.java:233)
	at com.mongodb.internal.connection.DefaultServerMonitor$ServerMonitor.lookupServerDescription(DefaultServerMonitor.java:219)
	at com.mongodb.internal.connection.DefaultServerMonitor$ServerMonitor.run(DefaultServerMonitor.java:176)
Caused by: java.net.UnknownHostException: No such host is known (ac-2s659uf-shard-00-00.pvohmlz.mongodb.net)
	at java.base/java.net.Inet6AddressImpl.lookupAllHostAddr(Native Method)
	at java.base/java.net.Inet6AddressImpl.lookupAllHostAddr(Inet6AddressImpl.java:52)
	at java.base/java.net.InetAddress$PlatformResolver.lookupByName(InetAddress.java:1211)
	at java.base/java.net.InetAddress.getAddressesFromNameService(InetAddress.java:1828)
	at java.base/java.net.InetAddress$NameServiceAddresses.get(InetAddress.java:1139)
	at java.base/java.net.InetAddress.getAllByName0(InetAddress.java:1818)
	at java.base/java.net.InetAddress.getAllByName(InetAddress.java:1688)
	at com.mongodb.internal.connection.DefaultInetAddressResolver.lookupByName(DefaultInetAddressResolver.java:34)
	at com.mongodb.internal.connection.ServerAddressHelper.getSocketAddresses(ServerAddressHelper.java:71)
	... 5 common frames omitted
2026-09-18 15:34:01 INFO  [room-creation,traceId=,spanId=] [cluster-ClusterId{value='6aac31b02fc30302e91c7a35', description='Cluster0'}-ac-2s659uf-shard-00-02.pvohmlz.mongodb.net:27017] org.mongodb.driver.cluster - Exception in monitor thread while connecting to server ac-2s659uf-shard-00-02.pvohmlz.mongodb.net:27017
com.mongodb.MongoSocketException: ac-2s659uf-shard-00-02.pvohmlz.mongodb.net
	at com.mongodb.internal.connection.ServerAddressHelper.getSocketAddresses(ServerAddressHelper.java:75)
	at com.mongodb.internal.connection.SocketStream.initializeSocket(SocketStream.java:100)
	at com.mongodb.internal.connection.SocketStream.open(SocketStream.java:79)
	at com.mongodb.internal.connection.InternalStreamConnection.open(InternalStreamConnection.java:233)
	at com.mongodb.internal.connection.DefaultServerMonitor$ServerMonitor.lookupServerDescription(DefaultServerMonitor.java:219)
	at com.mongodb.internal.connection.DefaultServerMonitor$ServerMonitor.run(DefaultServerMonitor.java:176)
Caused by: java.net.UnknownHostException: ac-2s659uf-shard-00-02.pvohmlz.mongodb.net
	at java.base/java.net.InetAddress$CachedLookup.get(InetAddress.java:988)
	at java.base/java.net.InetAddress.getAllByName0(InetAddress.java:1818)
	at java.base/java.net.InetAddress.getAllByName(InetAddress.java:1688)
	at com.mongodb.internal.connection.DefaultInetAddressResolver.lookupByName(DefaultInetAddressResolver.java:34)
	at com.mongodb.internal.connection.ServerAddressHelper.getSocketAddresses(ServerAddressHelper.java:71)
	... 5 common frames omitted
2026-09-18 15:34:01 INFO  [room-creation,traceId=,spanId=] [cluster-ClusterId{value='6aac31b02fc30302e91c7a35', description='Cluster0'}-ac-2s659uf-shard-00-00.pvohmlz.mongodb.net:27017] org.mongodb.driver.cluster - Exception in monitor thread while connecting to server ac-2s659uf-shard-00-00.pvohmlz.mongodb.net:27017
com.mongodb.MongoSocketException: ac-2s659uf-shard-00-00.pvohmlz.mongodb.net
	at com.mongodb.internal.connection.ServerAddressHelper.getSocketAddresses(ServerAddressHelper.java:75)
	at com.mongodb.internal.connection.SocketStream.initializeSocket(SocketStream.java:100)
	at com.mongodb.internal.connection.SocketStream.open(SocketStream.java:79)
	at com.mongodb.internal.connection.InternalStreamConnection.open(InternalStreamConnection.java:233)
	at com.mongodb.internal.connection.DefaultServerMonitor$ServerMonitor.lookupServerDescription(DefaultServerMonitor.java:219)
	at com.mongodb.internal.connection.DefaultServerMonitor$ServerMonitor.run(DefaultServerMonitor.java:176)
Caused by: java.net.UnknownHostException: ac-2s659uf-shard-00-00.pvohmlz.mongodb.net
	at java.base/java.net.InetAddress$CachedLookup.get(InetAddress.java:988)
	at java.base/java.net.InetAddress.getAllByName0(InetAddress.java:1818)
	at java.base/java.net.InetAddress.getAllByName(InetAddress.java:1688)
	at com.mongodb.internal.connection.DefaultInetAddressResolver.lookupByName(DefaultInetAddressResolver.java:34)
	at com.mongodb.internal.connection.ServerAddressHelper.getSocketAddresses(ServerAddressHelper.java:71)
	... 5 common frames omitted
2026-09-18 15:34:02 INFO  [room-creation,traceId=,spanId=] [cluster-ClusterId{value='6aac31b02fc30302e91c7a35', description='Cluster0'}-ac-2s659uf-shard-00-01.pvohmlz.mongodb.net:27017] org.mongodb.driver.cluster - Exception in monitor thread while connecting to server ac-2s659uf-shard-00-01.pvohmlz.mongodb.net:27017
com.mongodb.MongoSocketException: No such host is known (ac-2s659uf-shard-00-01.pvohmlz.mongodb.net)
	at com.mongodb.internal.connection.ServerAddressHelper.getSocketAddresses(ServerAddressHelper.java:75)
	at com.mongodb.internal.connection.SocketStream.initializeSocket(SocketStream.java:100)
	at com.mongodb.internal.connection.SocketStream.open(SocketStream.java:79)
	at com.mongodb.internal.connection.InternalStreamConnection.open(InternalStreamConnection.java:233)
	at com.mongodb.internal.connection.DefaultServerMonitor$ServerMonitor.lookupServerDescription(DefaultServerMonitor.java:219)
	at com.mongodb.internal.connection.DefaultServerMonitor$ServerMonitor.run(DefaultServerMonitor.java:176)
Caused by: java.net.UnknownHostException: No such host is known (ac-2s659uf-shard-00-01.pvohmlz.mongodb.net)
	at java.base/java.net.Inet6AddressImpl.lookupAllHostAddr(Native Method)
	at java.base/java.net.Inet6AddressImpl.lookupAllHostAddr(Inet6AddressImpl.java:52)
	at java.base/java.net.InetAddress$PlatformResolver.lookupByName(InetAddress.java:1211)
	at java.base/java.net.InetAddress.getAddressesFromNameService(InetAddress.java:1828)
	at java.base/java.net.InetAddress$NameServiceAddresses.get(InetAddress.java:1139)
	at java.base/java.net.InetAddress.getAllByName0(InetAddress.java:1818)
	at java.base/java.net.InetAddress.getAllByName(InetAddress.java:1688)
	at com.mongodb.internal.connection.DefaultInetAddressResolver.lookupByName(DefaultInetAddressResolver.java:34)
	at com.mongodb.internal.connection.ServerAddressHelper.getSocketAddresses(ServerAddressHelper.java:71)
	... 5 common frames omitted
2026-09-18 15:34:02 INFO  [room-creation,traceId=,spanId=] [cluster-ClusterId{value='6aac31b02fc30302e91c7a35', description='Cluster0'}-ac-2s659uf-shard-00-01.pvohmlz.mongodb.net:27017] org.mongodb.driver.cluster - Exception in monitor thread while connecting to server ac-2s659uf-shard-00-01.pvohmlz.mongodb.net:27017
com.mongodb.MongoSocketException: ac-2s659uf-shard-00-01.pvohmlz.mongodb.net
	at com.mongodb.internal.connection.ServerAddressHelper.getSocketAddresses(ServerAddressHelper.java:75)
	at com.mongodb.internal.connection.SocketStream.initializeSocket(SocketStream.java:100)
	at com.mongodb.internal.connection.SocketStream.open(SocketStream.java:79)
	at com.mongodb.internal.connection.InternalStreamConnection.open(InternalStreamConnection.java:233)
	at com.mongodb.internal.connection.DefaultServerMonitor$ServerMonitor.lookupServerDescription(DefaultServerMonitor.java:219)
	at com.mongodb.internal.connection.DefaultServerMonitor$ServerMonitor.run(DefaultServerMonitor.java:176)
Caused by: java.net.UnknownHostException: ac-2s659uf-shard-00-01.pvohmlz.mongodb.net
	at java.base/java.net.InetAddress$CachedLookup.get(InetAddress.java:988)
	at java.base/java.net.InetAddress.getAllByName0(InetAddress.java:1818)
	at java.base/java.net.InetAddress.getAllByName(InetAddress.java:1688)
	at com.mongodb.internal.connection.DefaultInetAddressResolver.lookupByName(DefaultInetAddressResolver.java:34)
	at com.mongodb.internal.connection.ServerAddressHelper.getSocketAddresses(ServerAddressHelper.java:71)
	... 5 common frames omitted
2026-09-18 15:34:10 ERROR [room-creation,traceId=,spanId=] [MessageBroker-4] o.s.s.s.TaskUtils$LoggingErrorHandler - Unexpected error occurred in scheduled task
org.springframework.dao.DataAccessResourceFailureException: Timed out while waiting for a server that matches ReadPreferenceServerSelector{readPreference=primary}. Client view of cluster state is {type=REPLICA_SET, servers=[{address=ac-2s659uf-shard-00-02.pvohmlz.mongodb.net:27017, type=UNKNOWN, state=CONNECTING, exception={com.mongodb.MongoSocketException: ac-2s659uf-shard-00-02.pvohmlz.mongodb.net}, caused by {java.net.UnknownHostException: ac-2s659uf-shard-00-02.pvohmlz.mongodb.net}}, {address=ac-2s659uf-shard-00-01.pvohmlz.mongodb.net:27017, type=UNKNOWN, state=CONNECTING, exception={com.mongodb.MongoSocketException: ac-2s659uf-shard-00-01.pvohmlz.mongodb.net}, caused by {java.net.UnknownHostException: ac-2s659uf-shard-00-01.pvohmlz.mongodb.net}}, {address=ac-2s659uf-shard-00-00.pvohmlz.mongodb.net:27017, type=UNKNOWN, state=CONNECTING, exception={com.mongodb.MongoSocketException: ac-2s659uf-shard-00-00.pvohmlz.mongodb.net}, caused by {java.net.UnknownHostException: ac-2s659uf-shard-00-00.pvohmlz.mongodb.net}}]
	at org.springframework.data.mongodb.core.MongoExceptionTranslator.doTranslateException(MongoExceptionTranslator.java:97)
	at org.springframework.data.mongodb.core.MongoExceptionTranslator.translateExceptionIfPossible(MongoExceptionTranslator.java:74)
	at org.springframework.data.mongodb.core.MongoTemplate.potentiallyConvertRuntimeException(MongoTemplate.java:3008)
	at org.springframework.data.mongodb.core.MongoTemplate.executeFindMultiInternal(MongoTemplate.java:2933)
	at org.springframework.data.mongodb.core.MongoTemplate.doFind(MongoTemplate.java:2631)
	at org.springframework.data.mongodb.core.ExecutableFindOperationSupport$ExecutableFindSupport.doFind(ExecutableFindOperationSupport.java:177)
	at org.springframework.data.mongodb.core.ExecutableFindOperationSupport$ExecutableFindSupport.all(ExecutableFindOperationSupport.java:135)
	at org.springframework.data.mongodb.repository.query.AbstractMongoQuery.lambda$getExecution$4(AbstractMongoQuery.java:226)
	at org.springframework.data.mongodb.repository.query.AbstractMongoQuery.doExecute(AbstractMongoQuery.java:184)
	at org.springframework.data.mongodb.repository.query.AbstractMongoQuery.execute(AbstractMongoQuery.java:156)
	at org.springframework.data.repository.core.support.RepositoryMethodInvoker.doInvoke(RepositoryMethodInvoker.java:170)
	at org.springframework.data.repository.core.support.RepositoryMethodInvoker.invoke(RepositoryMethodInvoker.java:158)
	at org.springframework.data.repository.core.support.QueryExecutorMethodInterceptor.doInvoke(QueryExecutorMethodInterceptor.java:170)
	at org.springframework.data.repository.core.support.QueryExecutorMethodInterceptor.invoke(QueryExecutorMethodInterceptor.java:149)
	at org.springframework.aop.framework.ReflectiveMethodInvocation.proceed(ReflectiveMethodInvocation.java:184)
	at org.springframework.data.projection.DefaultMethodInvokingMethodInterceptor.invoke(DefaultMethodInvokingMethodInterceptor.java:69)
	at org.springframework.aop.framework.ReflectiveMethodInvocation.proceed(ReflectiveMethodInvocation.java:184)
	at org.springframework.data.mongodb.repository.support.CrudMethodMetadataPostProcessor$CrudMethodMetadataPopulatingMethodInterceptor.invoke(CrudMethodMetadataPostProcessor.java:129)
	at org.springframework.aop.framework.ReflectiveMethodInvocation.proceed(ReflectiveMethodInvocation.java:184)
	at org.springframework.aop.framework.JdkDynamicAopProxy.invoke(JdkDynamicAopProxy.java:223)
	at jdk.proxy2/jdk.proxy2.$Proxy131.findByGameStatus(Unknown Source)
	at java.base/jdk.internal.reflect.DirectMethodHandleAccessor.invoke(DirectMethodHandleAccessor.java:103)
	at java.base/java.lang.reflect.Method.invoke(Method.java:580)
	at org.springframework.aop.support.AopUtils.invokeJoinpointUsingReflection(AopUtils.java:359)
	at org.springframework.aop.framework.ReflectiveMethodInvocation.invokeJoinpoint(ReflectiveMethodInvocation.java:196)
	at org.springframework.aop.framework.ReflectiveMethodInvocation.proceed(ReflectiveMethodInvocation.java:163)
	at org.springframework.dao.support.PersistenceExceptionTranslationInterceptor.invoke(PersistenceExceptionTranslationInterceptor.java:138)
	at org.springframework.aop.framework.ReflectiveMethodInvocation.proceed(ReflectiveMethodInvocation.java:184)
	at org.springframework.aop.framework.JdkDynamicAopProxy.invoke(JdkDynamicAopProxy.java:223)
	at jdk.proxy2/jdk.proxy2.$Proxy131.findByGameStatus(Unknown Source)
	at com.sadetech.room_creation.service.RoomService.cleanExpiredRoom(RoomService.java:2018)
	at java.base/jdk.internal.reflect.DirectMethodHandleAccessor.invoke(DirectMethodHandleAccessor.java:103)
	at java.base/java.lang.reflect.Method.invoke(Method.java:580)
	at org.springframework.scheduling.support.ScheduledMethodRunnable.runInternal(ScheduledMethodRunnable.java:130)
	at org.springframework.scheduling.support.ScheduledMethodRunnable.lambda$run$2(ScheduledMethodRunnable.java:124)
	at io.micrometer.observation.Observation.observe(Observation.java:499)
	at org.springframework.scheduling.support.ScheduledMethodRunnable.run(ScheduledMethodRunnable.java:124)
	at org.springframework.scheduling.config.Task$OutcomeTrackingRunnable.run(Task.java:83)
	at org.springframework.scheduling.support.DelegatingErrorHandlingRunnable.run(DelegatingErrorHandlingRunnable.java:54)
	at java.base/java.util.concurrent.Executors$RunnableAdapter.call(Executors.java:572)
	at java.base/java.util.concurrent.FutureTask.runAndReset(FutureTask.java:358)
	at java.base/java.util.concurrent.ScheduledThreadPoolExecutor$ScheduledFutureTask.run(ScheduledThreadPoolExecutor.java:305)
	at java.base/java.util.concurrent.ThreadPoolExecutor.runWorker(ThreadPoolExecutor.java:1144)
	at java.base/java.util.concurrent.ThreadPoolExecutor$Worker.run(ThreadPoolExecutor.java:642)
	at java.base/java.lang.Thread.run(Thread.java:1583)
Caused by: com.mongodb.MongoTimeoutException: Timed out while waiting for a server that matches ReadPreferenceServerSelector{readPreference=primary}. Client view of cluster state is {type=REPLICA_SET, servers=[{address=ac-2s659uf-shard-00-02.pvohmlz.mongodb.net:27017, type=UNKNOWN, state=CONNECTING, exception={com.mongodb.MongoSocketException: ac-2s659uf-shard-00-02.pvohmlz.mongodb.net}, caused by {java.net.UnknownHostException: ac-2s659uf-shard-00-02.pvohmlz.mongodb.net}}, {address=ac-2s659uf-shard-00-01.pvohmlz.mongodb.net:27017, type=UNKNOWN, state=CONNECTING, exception={com.mongodb.MongoSocketException: ac-2s659uf-shard-00-01.pvohmlz.mongodb.net}, caused by {java.net.UnknownHostException: ac-2s659uf-shard-00-01.pvohmlz.mongodb.net}}, {address=ac-2s659uf-shard-00-00.pvohmlz.mongodb.net:27017, type=UNKNOWN, state=CONNECTING, exception={com.mongodb.MongoSocketException: ac-2s659uf-shard-00-00.pvohmlz.mongodb.net}, caused by {java.net.UnknownHostException: ac-2s659uf-shard-00-00.pvohmlz.mongodb.net}}]
	at com.mongodb.internal.connection.BaseCluster.logAndThrowTimeoutException(BaseCluster.java:427)
	at com.mongodb.internal.connection.BaseCluster.lambda$selectServer$0(BaseCluster.java:154)
	at com.mongodb.internal.time.Timeout.lambda$onExistsAndExpired$16(Timeout.java:236)
	at com.mongodb.internal.time.Timeout.lambda$run$10(Timeout.java:201)
	at com.mongodb.internal.time.TimePoint.checkedCall(TimePoint.java:98)
	at com.mongodb.internal.time.Timeout.call(Timeout.java:174)
	at com.mongodb.internal.time.Timeout.run(Timeout.java:194)
	at com.mongodb.internal.time.Timeout.onExistsAndExpired(Timeout.java:233)
	at com.mongodb.internal.time.Timeout.onExpired(Timeout.java:226)
	at com.mongodb.internal.connection.BaseCluster.selectServer(BaseCluster.java:153)
	at com.mongodb.internal.connection.AbstractMultiServerCluster.selectServer(AbstractMultiServerCluster.java:59)
	at com.mongodb.internal.binding.ClusterBinding.getReadConnectionSource(ClusterBinding.java:82)
	at com.mongodb.client.internal.ClientSessionBinding.getConnectionSource(ClientSessionBinding.java:108)
	at com.mongodb.client.internal.ClientSessionBinding.getReadConnectionSource(ClientSessionBinding.java:88)
	at com.mongodb.internal.operation.SyncOperationHelper.withSuppliedResource(SyncOperationHelper.java:148)
	at com.mongodb.internal.operation.SyncOperationHelper.withSourceAndConnection(SyncOperationHelper.java:129)
	at com.mongodb.internal.operation.FindOperation.lambda$execute$2(FindOperation.java:296)
	at com.mongodb.internal.operation.SyncOperationHelper.lambda$decorateReadWithRetries$13(SyncOperationHelper.java:317)
	at com.mongodb.internal.async.function.RetryingSyncSupplier.get(RetryingSyncSupplier.java:67)
	at com.mongodb.internal.operation.FindOperation.execute(FindOperation.java:307)
	at com.mongodb.internal.operation.FindOperation.execute(FindOperation.java:70)
	at com.mongodb.client.internal.MongoClusterImpl$OperationExecutorImpl.execute(MongoClusterImpl.java:358)
	at com.mongodb.client.internal.MongoIterableImpl.execute(MongoIterableImpl.java:156)
	at com.mongodb.client.internal.MongoIterableImpl.iterator(MongoIterableImpl.java:116)
	at org.springframework.data.mongodb.core.MongoTemplate.executeFindMultiInternal(MongoTemplate.java:2920)
	... 41 common frames omitted
2026-09-18 15:34:20 INFO  [room-creation,traceId=,spanId=] [MessageBroker-4] org.mongodb.driver.cluster - Waiting for server to become available for operation with ID 8808. Remaining time: 29999 ms. Selector: ReadPreferenceServerSelector{readPreference=primary}, topology description: {type=REPLICA_SET, servers=[{address=ac-2s659uf-shard-00-02.pvohmlz.mongodb.net:27017, type=UNKNOWN, state=CONNECTING, exception={com.mongodb.MongoSocketException: ac-2s659uf-shard-00-02.pvohmlz.mongodb.net}, caused by {java.net.UnknownHostException: ac-2s659uf-shard-00-02.pvohmlz.mongodb.net}}, {address=ac-2s659uf-shard-00-01.pvohmlz.mongodb.net:27017, type=UNKNOWN, state=CONNECTING, exception={com.mongodb.MongoSocketException: ac-2s659uf-shard-00-01.pvohmlz.mongodb.net}, caused by {java.net.UnknownHostException: ac-2s659uf-shard-00-01.pvohmlz.mongodb.net}}, {address=ac-2s659uf-shard-00-00.pvohmlz.mongodb.net:27017, type=UNKNOWN, state=CONNECTING, exception={com.mongodb.MongoSocketException: ac-2s659uf-shard-00-00.pvohmlz.mongodb.net}, caused by {java.net.UnknownHostException: ac-2s659uf-shard-00-00.pvohmlz.mongodb.net}}].
2026-09-18 15:34:50 ERROR [room-creation,traceId=,spanId=] [MessageBroker-4] o.s.s.s.TaskUtils$LoggingErrorHandler - Unexpected error occurred in scheduled task
org.springframework.dao.DataAccessResourceFailureException: Timed out while waiting for a server that matches ReadPreferenceServerSelector{readPreference=primary}. Client view of cluster state is {type=REPLICA_SET, servers=[{address=ac-2s659uf-shard-00-02.pvohmlz.mongodb.net:27017, type=UNKNOWN, state=CONNECTING, exception={com.mongodb.MongoSocketException: ac-2s659uf-shard-00-02.pvohmlz.mongodb.net}, caused by {java.net.UnknownHostException: ac-2s659uf-shard-00-02.pvohmlz.mongodb.net}}, {address=ac-2s659uf-shard-00-01.pvohmlz.mongodb.net:27017, type=UNKNOWN, state=CONNECTING, exception={com.mongodb.MongoSocketException: ac-2s659uf-shard-00-01.pvohmlz.mongodb.net}, caused by {java.net.UnknownHostException: ac-2s659uf-shard-00-01.pvohmlz.mongodb.net}}, {address=ac-2s659uf-shard-00-00.pvohmlz.mongodb.net:27017, type=UNKNOWN, state=CONNECTING, exception={com.mongodb.MongoSocketException: ac-2s659uf-shard-00-00.pvohmlz.mongodb.net}, caused by {java.net.UnknownHostException: ac-2s659uf-shard-00-00.pvohmlz.mongodb.net}}]
	at org.springframework.data.mongodb.core.MongoExceptionTranslator.doTranslateException(MongoExceptionTranslator.java:97)
	at org.springframework.data.mongodb.core.MongoExceptionTranslator.translateExceptionIfPossible(MongoExceptionTranslator.java:74)
	at org.springframework.data.mongodb.core.MongoTemplate.potentiallyConvertRuntimeException(MongoTemplate.java:3008)
	at org.springframework.data.mongodb.core.MongoTemplate.executeFindMultiInternal(MongoTemplate.java:2933)
	at org.springframework.data.mongodb.core.MongoTemplate.doFind(MongoTemplate.java:2631)
	at org.springframework.data.mongodb.core.ExecutableFindOperationSupport$ExecutableFindSupport.doFind(ExecutableFindOperationSupport.java:177)
	at org.springframework.data.mongodb.core.ExecutableFindOperationSupport$ExecutableFindSupport.all(ExecutableFindOperationSupport.java:135)
	at org.springframework.data.mongodb.repository.query.AbstractMongoQuery.lambda$getExecution$4(AbstractMongoQuery.java:226)
	at org.springframework.data.mongodb.repository.query.AbstractMongoQuery.doExecute(AbstractMongoQuery.java:184)
	at org.springframework.data.mongodb.repository.query.AbstractMongoQuery.execute(AbstractMongoQuery.java:156)
	at org.springframework.data.repository.core.support.RepositoryMethodInvoker.doInvoke(RepositoryMethodInvoker.java:170)
	at org.springframework.data.repository.core.support.RepositoryMethodInvoker.invoke(RepositoryMethodInvoker.java:158)
	at org.springframework.data.repository.core.support.QueryExecutorMethodInterceptor.doInvoke(QueryExecutorMethodInterceptor.java:170)
	at org.springframework.data.repository.core.support.QueryExecutorMethodInterceptor.invoke(QueryExecutorMethodInterceptor.java:149)
	at org.springframework.aop.framework.ReflectiveMethodInvocation.proceed(ReflectiveMethodInvocation.java:184)
	at org.springframework.data.projection.DefaultMethodInvokingMethodInterceptor.invoke(DefaultMethodInvokingMethodInterceptor.java:69)
	at org.springframework.aop.framework.ReflectiveMethodInvocation.proceed(ReflectiveMethodInvocation.java:184)
	at org.springframework.data.mongodb.repository.support.CrudMethodMetadataPostProcessor$CrudMethodMetadataPopulatingMethodInterceptor.invoke(CrudMethodMetadataPostProcessor.java:129)
	at org.springframework.aop.framework.ReflectiveMethodInvocation.proceed(ReflectiveMethodInvocation.java:184)
	at org.springframework.aop.framework.JdkDynamicAopProxy.invoke(JdkDynamicAopProxy.java:223)
	at jdk.proxy2/jdk.proxy2.$Proxy131.findByGameStatus(Unknown Source)
	at java.base/jdk.internal.reflect.DirectMethodHandleAccessor.invoke(DirectMethodHandleAccessor.java:103)
	at java.base/java.lang.reflect.Method.invoke(Method.java:580)
	at org.springframework.aop.support.AopUtils.invokeJoinpointUsingReflection(AopUtils.java:359)
	at org.springframework.aop.framework.ReflectiveMethodInvocation.invokeJoinpoint(ReflectiveMethodInvocation.java:196)
	at org.springframework.aop.framework.ReflectiveMethodInvocation.proceed(ReflectiveMethodInvocation.java:163)
	at org.springframework.dao.support.PersistenceExceptionTranslationInterceptor.invoke(PersistenceExceptionTranslationInterceptor.java:138)
	at org.springframework.aop.framework.ReflectiveMethodInvocation.proceed(ReflectiveMethodInvocation.java:184)
	at org.springframework.aop.framework.JdkDynamicAopProxy.invoke(JdkDynamicAopProxy.java:223)
	at jdk.proxy2/jdk.proxy2.$Proxy131.findByGameStatus(Unknown Source)
	at com.sadetech.room_creation.service.RoomService.cleanExpiredRoom(RoomService.java:2018)
	at java.base/jdk.internal.reflect.DirectMethodHandleAccessor.invoke(DirectMethodHandleAccessor.java:103)
	at java.base/java.lang.reflect.Method.invoke(Method.java:580)
	at org.springframework.scheduling.support.ScheduledMethodRunnable.runInternal(ScheduledMethodRunnable.java:130)
	at org.springframework.scheduling.support.ScheduledMethodRunnable.lambda$run$2(ScheduledMethodRunnable.java:124)
	at io.micrometer.observation.Observation.observe(Observation.java:499)
	at org.springframework.scheduling.support.ScheduledMethodRunnable.run(ScheduledMethodRunnable.java:124)
	at org.springframework.scheduling.config.Task$OutcomeTrackingRunnable.run(Task.java:83)
	at org.springframework.scheduling.support.DelegatingErrorHandlingRunnable.run(DelegatingErrorHandlingRunnable.java:54)
	at java.base/java.util.concurrent.Executors$RunnableAdapter.call(Executors.java:572)
	at java.base/java.util.concurrent.FutureTask.runAndReset(FutureTask.java:358)
	at java.base/java.util.concurrent.ScheduledThreadPoolExecutor$ScheduledFutureTask.run(ScheduledThreadPoolExecutor.java:305)
	at java.base/java.util.concurrent.ThreadPoolExecutor.runWorker(ThreadPoolExecutor.java:1144)
	at java.base/java.util.concurrent.ThreadPoolExecutor$Worker.run(ThreadPoolExecutor.java:642)
	at java.base/java.lang.Thread.run(Thread.java:1583)
Caused by: com.mongodb.MongoTimeoutException: Timed out while waiting for a server that matches ReadPreferenceServerSelector{readPreference=primary}. Client view of cluster state is {type=REPLICA_SET, servers=[{address=ac-2s659uf-shard-00-02.pvohmlz.mongodb.net:27017, type=UNKNOWN, state=CONNECTING, exception={com.mongodb.MongoSocketException: ac-2s659uf-shard-00-02.pvohmlz.mongodb.net}, caused by {java.net.UnknownHostException: ac-2s659uf-shard-00-02.pvohmlz.mongodb.net}}, {address=ac-2s659uf-shard-00-01.pvohmlz.mongodb.net:27017, type=UNKNOWN, state=CONNECTING, exception={com.mongodb.MongoSocketException: ac-2s659uf-shard-00-01.pvohmlz.mongodb.net}, caused by {java.net.UnknownHostException: ac-2s659uf-shard-00-01.pvohmlz.mongodb.net}}, {address=ac-2s659uf-shard-00-00.pvohmlz.mongodb.net:27017, type=UNKNOWN, state=CONNECTING, exception={com.mongodb.MongoSocketException: ac-2s659uf-shard-00-00.pvohmlz.mongodb.net}, caused by {java.net.UnknownHostException: ac-2s659uf-shard-00-00.pvohmlz.mongodb.net}}]
	at com.mongodb.internal.connection.BaseCluster.logAndThrowTimeoutException(BaseCluster.java:427)
	at com.mongodb.internal.connection.BaseCluster.lambda$selectServer$0(BaseCluster.java:154)
	at com.mongodb.internal.time.Timeout.lambda$onExistsAndExpired$16(Timeout.java:236)
	at com.mongodb.internal.time.Timeout.lambda$run$10(Timeout.java:201)
	at com.mongodb.internal.time.TimePoint.checkedCall(TimePoint.java:98)
	at com.mongodb.internal.time.Timeout.call(Timeout.java:174)
	at com.mongodb.internal.time.Timeout.run(Timeout.java:194)
	at com.mongodb.internal.time.Timeout.onExistsAndExpired(Timeout.java:233)
	at com.mongodb.internal.time.Timeout.onExpired(Timeout.java:226)
	at com.mongodb.internal.connection.BaseCluster.selectServer(BaseCluster.java:153)
	at com.mongodb.internal.connection.AbstractMultiServerCluster.selectServer(AbstractMultiServerCluster.java:59)
	at com.mongodb.internal.binding.ClusterBinding.getReadConnectionSource(ClusterBinding.java:82)
	at com.mongodb.client.internal.ClientSessionBinding.getConnectionSource(ClientSessionBinding.java:108)
	at com.mongodb.client.internal.ClientSessionBinding.getReadConnectionSource(ClientSessionBinding.java:88)
	at com.mongodb.internal.operation.SyncOperationHelper.withSuppliedResource(SyncOperationHelper.java:148)
	at com.mongodb.internal.operation.SyncOperationHelper.withSourceAndConnection(SyncOperationHelper.java:129)
	at com.mongodb.internal.operation.FindOperation.lambda$execute$2(FindOperation.java:296)
	at com.mongodb.internal.operation.SyncOperationHelper.lambda$decorateReadWithRetries$13(SyncOperationHelper.java:317)
	at com.mongodb.internal.async.function.RetryingSyncSupplier.get(RetryingSyncSupplier.java:67)
	at com.mongodb.internal.operation.FindOperation.execute(FindOperation.java:307)
	at com.mongodb.internal.operation.FindOperation.execute(FindOperation.java:70)
	at com.mongodb.client.internal.MongoClusterImpl$OperationExecutorImpl.execute(MongoClusterImpl.java:358)
	at com.mongodb.client.internal.MongoIterableImpl.execute(MongoIterableImpl.java:156)
	at com.mongodb.client.internal.MongoIterableImpl.iterator(MongoIterableImpl.java:116)
	at org.springframework.data.mongodb.core.MongoTemplate.executeFindMultiInternal(MongoTemplate.java:2920)
	... 41 common frames omitted
2026-09-18 15:35:00 INFO  [room-creation,traceId=,spanId=] [MessageBroker-3] org.mongodb.driver.cluster - Waiting for server to become available for operation with ID 9001. Remaining time: 29999 ms. Selector: ReadPreferenceServerSelector{readPreference=primary}, topology description: {type=REPLICA_SET, servers=[{address=ac-2s659uf-shard-00-02.pvohmlz.mongodb.net:27017, type=UNKNOWN, state=CONNECTING, exception={com.mongodb.MongoSocketException: ac-2s659uf-shard-00-02.pvohmlz.mongodb.net}, caused by {java.net.UnknownHostException: ac-2s659uf-shard-00-02.pvohmlz.mongodb.net}}, {address=ac-2s659uf-shard-00-01.pvohmlz.mongodb.net:27017, type=UNKNOWN, state=CONNECTING, exception={com.mongodb.MongoSocketException: ac-2s659uf-shard-00-01.pvohmlz.mongodb.net}, caused by {java.net.UnknownHostException: ac-2s659uf-shard-00-01.pvohmlz.mongodb.net}}, {address=ac-2s659uf-shard-00-00.pvohmlz.mongodb.net:27017, type=UNKNOWN, state=CONNECTING, exception={com.mongodb.MongoSocketException: ac-2s659uf-shard-00-00.pvohmlz.mongodb.net}, caused by {java.net.UnknownHostException: ac-2s659uf-shard-00-00.pvohmlz.mongodb.net}}].
2026-09-18 15:35:00 INFO  [room-creation,traceId=,spanId=] [cluster-ClusterId{value='6aac31b02fc30302e91c7a35', description='Cluster0'}-ac-2s659uf-shard-00-01.pvohmlz.mongodb.net:27017] org.mongodb.driver.cluster - Monitor thread successfully connected to server with description ServerDescription{address=ac-2s659uf-shard-00-01.pvohmlz.mongodb.net:27017, type=REPLICA_SET_PRIMARY, cryptd=false, state=CONNECTED, ok=true, minWireVersion=0, maxWireVersion=25, maxDocumentSize=16777216, logicalSessionTimeoutMinutes=30, roundTripTimeNanos=132335100, minRoundTripTimeNanos=0, setName='atlas-cyb1qj-shard-0', canonicalAddress=ac-2s659uf-shard-00-01.pvohmlz.mongodb.net:27017, hosts=[ac-2s659uf-shard-00-00.pvohmlz.mongodb.net:27017, ac-2s659uf-shard-00-01.pvohmlz.mongodb.net:27017, ac-2s659uf-shard-00-02.pvohmlz.mongodb.net:27017], passives=[], arbiters=[], primary='ac-2s659uf-shard-00-01.pvohmlz.mongodb.net:27017', tagSet=TagSet{[Tag{name='availabilityZone', value='aps1-az3'}, Tag{name='cacheState', value='READY'}, Tag{name='diskState', value='READY'}, Tag{name='nodeType', value='ELECTABLE'}, Tag{name='provider', value='AWS'}, Tag{name='region', value='AP_SOUTH_1'}, Tag{name='workloadType', value='OPERATIONAL'}]}, electionId=7fffffff000000000000029c, setVersion=243, topologyVersion=TopologyVersion{processId=6aa036cfe4fd87c4b852bc68, counter=10}, lastWriteDate=Fri Sep 18 15:35:01 IST 2026, lastUpdateTimeNanos=61654233211900}
2026-09-18 15:35:00 INFO  [room-creation,traceId=,spanId=] [cluster-ClusterId{value='6aac31b02fc30302e91c7a35', description='Cluster0'}-ac-2s659uf-shard-00-01.pvohmlz.mongodb.net:27017] org.mongodb.driver.cluster - Discovered replica set primary ac-2s659uf-shard-00-01.pvohmlz.mongodb.net:27017 with max election id 7fffffff000000000000029c and max set version 243
2026-09-18 15:35:00 INFO  [room-creation,traceId=,spanId=] [cluster-ClusterId{value='6aac31b02fc30302e91c7a35', description='Cluster0'}-ac-2s659uf-shard-00-02.pvohmlz.mongodb.net:27017] org.mongodb.driver.cluster - Monitor thread successfully connected to server with description ServerDescription{address=ac-2s659uf-shard-00-02.pvohmlz.mongodb.net:27017, type=REPLICA_SET_SECONDARY, cryptd=false, state=CONNECTED, ok=true, minWireVersion=0, maxWireVersion=25, maxDocumentSize=16777216, logicalSessionTimeoutMinutes=30, roundTripTimeNanos=125406800, minRoundTripTimeNanos=0, setName='atlas-cyb1qj-shard-0', canonicalAddress=ac-2s659uf-shard-00-02.pvohmlz.mongodb.net:27017, hosts=[ac-2s659uf-shard-00-00.pvohmlz.mongodb.net:27017, ac-2s659uf-shard-00-01.pvohmlz.mongodb.net:27017, ac-2s659uf-shard-00-02.pvohmlz.mongodb.net:27017], passives=[], arbiters=[], primary='ac-2s659uf-shard-00-01.pvohmlz.mongodb.net:27017', tagSet=TagSet{[Tag{name='availabilityZone', value='aps1-az2'}, Tag{name='cacheState', value='READY'}, Tag{name='diskState', value='READY'}, Tag{name='nodeType', value='ELECTABLE'}, Tag{name='provider', value='AWS'}, Tag{name='region', value='AP_SOUTH_1'}, Tag{name='workloadType', value='OPERATIONAL'}]}, electionId=null, setVersion=243, topologyVersion=TopologyVersion{processId=6aa03a0e28f9005065e8fbae, counter=5}, lastWriteDate=Fri Sep 18 15:35:01 IST 2026, lastUpdateTimeNanos=61654230121300}
2026-09-18 15:35:00 INFO  [room-creation,traceId=,spanId=] [cluster-ClusterId{value='6aac31b02fc30302e91c7a35', description='Cluster0'}-ac-2s659uf-shard-00-00.pvohmlz.mongodb.net:27017] org.mongodb.driver.cluster - Monitor thread successfully connected to server with description ServerDescription{address=ac-2s659uf-shard-00-00.pvohmlz.mongodb.net:27017, type=REPLICA_SET_SECONDARY, cryptd=false, state=CONNECTED, ok=true, minWireVersion=0, maxWireVersion=25, maxDocumentSize=16777216, logicalSessionTimeoutMinutes=30, roundTripTimeNanos=190418500, minRoundTripTimeNanos=0, setName='atlas-cyb1qj-shard-0', canonicalAddress=ac-2s659uf-shard-00-00.pvohmlz.mongodb.net:27017, hosts=[ac-2s659uf-shard-00-00.pvohmlz.mongodb.net:27017, ac-2s659uf-shard-00-01.pvohmlz.mongodb.net:27017, ac-2s659uf-shard-00-02.pvohmlz.mongodb.net:27017], passives=[], arbiters=[], primary='ac-2s659uf-shard-00-01.pvohmlz.mongodb.net:27017', tagSet=TagSet{[Tag{name='availabilityZone', value='aps1-az1'}, Tag{name='cacheState', value='READY'}, Tag{name='diskState', value='READY'}, Tag{name='nodeType', value='ELECTABLE'}, Tag{name='provider', value='AWS'}, Tag{name='region', value='AP_SOUTH_1'}, Tag{name='workloadType', value='OPERATIONAL'}]}, electionId=null, setVersion=243, topologyVersion=TopologyVersion{processId=6aa03408de4fa51023b14665, counter=10}, lastWriteDate=Fri Sep 18 15:35:01 IST 2026, lastUpdateTimeNanos=61654294741000}
2026-09-18 15:35:34 INFO  [room-creation,traceId=,spanId=] [MessageBroker-1] o.s.w.s.c.WebSocketMessageBrokerStats - WebSocketSession[0 current WS(0)-HttpStream(0)-HttpPoll(0), 0 total, 0 closed abnormally (0 connect failure, 0 send limit, 0 transport error)], stompSubProtocol[processed CONNECT(0)-CONNECTED(0)-DISCONNECT(0)], stompBrokerRelay[null], inboundChannel[pool size = 0, active threads = 0, queued tasks = 0, completed tasks = 0], outboundChannel[pool size = 0, active threads = 0, queued tasks = 0, completed tasks = 0], sockJsScheduler[pool size = 4, active threads = 1, queued tasks = 1, completed tasks = 430]
2026-09-18 15:36:27 INFO  [room-creation,traceId=,spanId=] [AsyncResolver-bootstrap-executor-%d] c.n.d.s.r.aws.ConfigClusterResolver - Resolving eureka endpoints via configuration
2026-09-18 15:41:27 INFO  [room-creation,traceId=,spanId=] [AsyncResolver-bootstrap-executor-%d] c.n.d.s.r.aws.ConfigClusterResolver - Resolving eureka endpoints via configuration
2026-09-18 15:46:27 INFO  [room-creation,traceId=,spanId=] [AsyncResolver-bootstrap-executor-%d] c.n.d.s.r.aws.ConfigClusterResolver - Resolving eureka endpoints via configuration
2026-09-18 15:53:46 INFO  [room-creation,traceId=,spanId=] [MessageBroker-4] org.mongodb.driver.cluster - Waiting for server to become available for operation with ID 9634. Remaining time: 29999 ms. Selector: ReadPreferenceServerSelector{readPreference=primary}, topology description: {type=REPLICA_SET, servers=[{address=ac-2s659uf-shard-00-02.pvohmlz.mongodb.net:27017, type=REPLICA_SET_SECONDARY, TagSet{[Tag{name='availabilityZone', value='aps1-az2'}, Tag{name='cacheState', value='READY'}, Tag{name='diskState', value='READY'}, Tag{name='nodeType', value='ELECTABLE'}, Tag{name='provider', value='AWS'}, Tag{name='region', value='AP_SOUTH_1'}, Tag{name='workloadType', value='OPERATIONAL'}]}, roundTripTime=58.6 ms, state=CONNECTED}, {address=ac-2s659uf-shard-00-01.pvohmlz.mongodb.net:27017, type=UNKNOWN, state=CONNECTING, exception={com.mongodb.MongoSocketWriteException: Exception sending message}, caused by {java.net.SocketException: Connection reset by peer}}, {address=ac-2s659uf-shard-00-00.pvohmlz.mongodb.net:27017, type=REPLICA_SET_SECONDARY, TagSet{[Tag{name='availabilityZone', value='aps1-az1'}, Tag{name='cacheState', value='READY'}, Tag{name='diskState', value='READY'}, Tag{name='nodeType', value='ELECTABLE'}, Tag{name='provider', value='AWS'}, Tag{name='region', value='AP_SOUTH_1'}, Tag{name='workloadType', value='OPERATIONAL'}]}, roundTripTime=57.8 ms, state=CONNECTED}].
2026-09-18 15:53:47 INFO  [room-creation,traceId=,spanId=] [cluster-ClusterId{value='6aac31b02fc30302e91c7a35', description='Cluster0'}-ac-2s659uf-shard-00-01.pvohmlz.mongodb.net:27017] org.mongodb.driver.cluster - Monitor thread successfully connected to server with description ServerDescription{address=ac-2s659uf-shard-00-01.pvohmlz.mongodb.net:27017, type=REPLICA_SET_PRIMARY, cryptd=false, state=CONNECTED, ok=true, minWireVersion=0, maxWireVersion=25, maxDocumentSize=16777216, logicalSessionTimeoutMinutes=30, roundTripTimeNanos=522381900, minRoundTripTimeNanos=0, setName='atlas-cyb1qj-shard-0', canonicalAddress=ac-2s659uf-shard-00-01.pvohmlz.mongodb.net:27017, hosts=[ac-2s659uf-shard-00-00.pvohmlz.mongodb.net:27017, ac-2s659uf-shard-00-01.pvohmlz.mongodb.net:27017, ac-2s659uf-shard-00-02.pvohmlz.mongodb.net:27017], passives=[], arbiters=[], primary='ac-2s659uf-shard-00-01.pvohmlz.mongodb.net:27017', tagSet=TagSet{[Tag{name='availabilityZone', value='aps1-az3'}, Tag{name='cacheState', value='READY'}, Tag{name='diskState', value='READY'}, Tag{name='nodeType', value='ELECTABLE'}, Tag{name='provider', value='AWS'}, Tag{name='region', value='AP_SOUTH_1'}, Tag{name='workloadType', value='OPERATIONAL'}]}, electionId=7fffffff000000000000029c, setVersion=243, topologyVersion=TopologyVersion{processId=6aa036cfe4fd87c4b852bc68, counter=10}, lastWriteDate=Fri Sep 18 15:53:47 IST 2026, lastUpdateTimeNanos=62780473993100}
2026-09-18 15:53:47 INFO  [room-creation,traceId=,spanId=] [cluster-ClusterId{value='6aac31b02fc30302e91c7a35', description='Cluster0'}-ac-2s659uf-shard-00-01.pvohmlz.mongodb.net:27017] org.mongodb.driver.cluster - Discovered replica set primary ac-2s659uf-shard-00-01.pvohmlz.mongodb.net:27017 with max election id 7fffffff000000000000029c and max set version 243
2026-09-18 15:54:00 INFO  [room-creation,traceId=,spanId=] [cluster-ClusterId{value='6aac31b02fc30302e91c7a35', description='Cluster0'}-ac-2s659uf-shard-00-02.pvohmlz.mongodb.net:27017] org.mongodb.driver.cluster - Exception in monitor thread while connecting to server ac-2s659uf-shard-00-02.pvohmlz.mongodb.net:27017
com.mongodb.MongoSocketReadTimeoutException: Timeout while receiving message
	at com.mongodb.internal.connection.InternalStreamConnection.createReadTimeoutException(InternalStreamConnection.java:824)
	at com.mongodb.internal.connection.InternalStreamConnection.translateReadException(InternalStreamConnection.java:812)
	at com.mongodb.internal.connection.InternalStreamConnection.receiveResponseBuffers(InternalStreamConnection.java:862)
	at com.mongodb.internal.connection.InternalStreamConnection.receiveCommandMessageResponse(InternalStreamConnection.java:517)
	at com.mongodb.internal.connection.InternalStreamConnection.receive(InternalStreamConnection.java:469)
	at com.mongodb.internal.connection.DefaultServerMonitor$ServerMonitor.lookupServerDescription(DefaultServerMonitor.java:249)
	at com.mongodb.internal.connection.DefaultServerMonitor$ServerMonitor.run(DefaultServerMonitor.java:176)
Caused by: java.net.SocketTimeoutException: Read timed out
	at java.base/sun.nio.ch.NioSocketImpl.timedRead(NioSocketImpl.java:278)
	at java.base/sun.nio.ch.NioSocketImpl.implRead(NioSocketImpl.java:304)
	at java.base/sun.nio.ch.NioSocketImpl.read(NioSocketImpl.java:346)
	at java.base/sun.nio.ch.NioSocketImpl$1.read(NioSocketImpl.java:796)
	at java.base/java.net.Socket$SocketInputStream.read(Socket.java:1099)
	at java.base/sun.security.ssl.SSLSocketInputRecord.read(SSLSocketInputRecord.java:489)
	at java.base/sun.security.ssl.SSLSocketInputRecord.readHeader(SSLSocketInputRecord.java:483)
	at java.base/sun.security.ssl.SSLSocketInputRecord.bytesInCompletePacket(SSLSocketInputRecord.java:70)
	at java.base/sun.security.ssl.SSLSocketImpl.readApplicationRecord(SSLSocketImpl.java:1461)
	at java.base/sun.security.ssl.SSLSocketImpl$AppInputStream.read(SSLSocketImpl.java:1066)
	at com.mongodb.internal.connection.SocketStream.read(SocketStream.java:182)
	at com.mongodb.internal.connection.InternalStreamConnection.receiveResponseBuffers(InternalStreamConnection.java:829)
	... 4 common frames omitted
2026-09-18 15:54:00 INFO  [room-creation,traceId=,spanId=] [cluster-ClusterId{value='6aac31b02fc30302e91c7a35', description='Cluster0'}-ac-2s659uf-shard-00-02.pvohmlz.mongodb.net:27017] org.mongodb.driver.cluster - Monitor thread successfully connected to server with description ServerDescription{address=ac-2s659uf-shard-00-02.pvohmlz.mongodb.net:27017, type=REPLICA_SET_SECONDARY, cryptd=false, state=CONNECTED, ok=true, minWireVersion=0, maxWireVersion=25, maxDocumentSize=16777216, logicalSessionTimeoutMinutes=30, roundTripTimeNanos=117649100, minRoundTripTimeNanos=0, setName='atlas-cyb1qj-shard-0', canonicalAddress=ac-2s659uf-shard-00-02.pvohmlz.mongodb.net:27017, hosts=[ac-2s659uf-shard-00-00.pvohmlz.mongodb.net:27017, ac-2s659uf-shard-00-01.pvohmlz.mongodb.net:27017, ac-2s659uf-shard-00-02.pvohmlz.mongodb.net:27017], passives=[], arbiters=[], primary='ac-2s659uf-shard-00-01.pvohmlz.mongodb.net:27017', tagSet=TagSet{[Tag{name='availabilityZone', value='aps1-az2'}, Tag{name='cacheState', value='READY'}, Tag{name='diskState', value='READY'}, Tag{name='nodeType', value='ELECTABLE'}, Tag{name='provider', value='AWS'}, Tag{name='region', value='AP_SOUTH_1'}, Tag{name='workloadType', value='OPERATIONAL'}]}, electionId=null, setVersion=243, topologyVersion=TopologyVersion{processId=6aa03a0e28f9005065e8fbae, counter=5}, lastWriteDate=Fri Sep 18 15:54:00 IST 2026, lastUpdateTimeNanos=62793775762300}
2026-09-18 15:57:06 INFO  [room-creation,traceId=,spanId=] [AsyncResolver-bootstrap-executor-%d] c.n.d.s.r.aws.ConfigClusterResolver - Resolving eureka endpoints via configuration
2026-09-18 16:02:06 INFO  [room-creation,traceId=,spanId=] [AsyncResolver-bootstrap-executor-%d] c.n.d.s.r.aws.ConfigClusterResolver - Resolving eureka endpoints via configuration
2026-09-18 16:05:34 INFO  [room-creation,traceId=,spanId=] [MessageBroker-2] o.s.w.s.c.WebSocketMessageBrokerStats - WebSocketSession[0 current WS(0)-HttpStream(0)-HttpPoll(0), 0 total, 0 closed abnormally (0 connect failure, 0 send limit, 0 transport error)], stompSubProtocol[processed CONNECT(0)-CONNECTED(0)-DISCONNECT(0)], stompBrokerRelay[null], inboundChannel[pool size = 0, active threads = 0, queued tasks = 0, completed tasks = 0], outboundChannel[pool size = 0, active threads = 0, queued tasks = 0, completed tasks = 0], sockJsScheduler[pool size = 4, active threads = 1, queued tasks = 1, completed tasks = 576]
2026-09-18 16:06:40 INFO  [room-creation,traceId=,spanId=] [http-nio-8080-exec-1] c.s.r.controller.RoomController - Received request to join or create room with parameters: roomSize=2, roomType=Point, gameMode=Practice, gameStatus=Waiting, pointValue=0.0, playerId=6a04944c16ad2500dc08e0a7, issuedPoint=80, totalRounds=1, entryType=Chips, entryPrice=800.0, visibility=Public
2026-09-18 16:06:40 INFO  [room-creation,traceId=,spanId=] [http-nio-8080-exec-1] c.s.r.service.RoomService - Joining or creating room for playerId: 6a04944c16ad2500dc08e0a7
2026-09-18 16:06:40 INFO  [room-creation,traceId=,spanId=] [http-nio-8080-exec-5] c.s.r.controller.RoomController - Received request to join or create room with parameters: roomSize=2, roomType=Point, gameMode=Practice, gameStatus=Waiting, pointValue=0.0, playerId=69f244b95e3dbc19a9e7dc39, issuedPoint=80, totalRounds=1, entryType=Chips, entryPrice=800.0, visibility=Public
2026-09-18 16:06:40 INFO  [room-creation,traceId=,spanId=] [http-nio-8080-exec-5] c.s.r.service.RoomService - Joining or creating room for playerId: 69f244b95e3dbc19a9e7dc39
2026-09-18 16:06:40 INFO  [room-creation,traceId=,spanId=] [http-nio-8080-exec-1] c.s.r.service.RoomService - Fetched player details: RequestDTO(playerId=6a04944c16ad2500dc08e0a7, name=null, phoneNumber=9003456349, email=null, chips=50000.0, inGameWallet=0.0, winningWallet=0.0, missionWallet=148.0, isWithDraw=false, isWalletRecharge=false, loyaltyPoint=0, cashGameWallet=0.0)
2026-09-18 16:06:40 INFO  [room-creation,traceId=,spanId=] [http-nio-8080-exec-1] c.s.r.service.RoomService - No existing room found, creating a new one
2026-09-18 16:06:40 INFO  [room-creation,traceId=,spanId=] [http-nio-8080-exec-1] c.s.r.service.RoomService - Creating new room: Room(roomId=null, roomSize=2, roomType=Point, gameMode=Practice, gameStatus=Waiting, issuedPoint=80, playerCount=0, totalRounds=1, playerDetails=[], matchWinner=null, entryType=Chips, entryPrice=800.0, totalPrice=0.0, currentRound=1, currentTurn=null, roomCreatedAt=null, declareModeActive=false, tournamentId=null, visibility=Public, pointValue=0.0, lastGame=[], isNotActive=[], exitPlayer=[])
2026-09-18 16:06:40 INFO  [room-creation,traceId=,spanId=] [http-nio-8080-exec-5] c.s.r.service.RoomService - Fetched player details: RequestDTO(playerId=69f244b95e3dbc19a9e7dc39, name=Sreeman, phoneNumber=9876543210, email=test@gmail.com, chips=50000.0, inGameWallet=4000.0, winningWallet=2000.2, missionWallet=40.2, isWithDraw=false, isWalletRecharge=false, loyaltyPoint=0, cashGameWallet=50.5)
2026-09-18 16:06:40 INFO  [room-creation,traceId=,spanId=] [http-nio-8080-exec-5] c.s.r.service.RoomService - No existing room found, creating a new one
2026-09-18 16:06:40 INFO  [room-creation,traceId=,spanId=] [http-nio-8080-exec-5] c.s.r.service.RoomService - Creating new room: Room(roomId=null, roomSize=2, roomType=Point, gameMode=Practice, gameStatus=Waiting, issuedPoint=80, playerCount=0, totalRounds=1, playerDetails=[], matchWinner=null, entryType=Chips, entryPrice=800.0, totalPrice=0.0, currentRound=1, currentTurn=null, roomCreatedAt=null, declareModeActive=false, tournamentId=null, visibility=Public, pointValue=0.0, lastGame=[], isNotActive=[], exitPlayer=[])
2026-09-18 16:06:40 INFO  [room-creation,traceId=,spanId=] [http-nio-8080-exec-1] c.s.r.service.RoomService - Updating room based on size: 2
2026-09-18 16:06:40 INFO  [room-creation,traceId=,spanId=] [http-nio-8080-exec-5] c.s.r.service.RoomService - Updating room based on size: 2
2026-09-18 16:06:42 INFO  [room-creation,traceId=,spanId=] [http-nio-8080-exec-4] c.s.r.service.RoomService - Room found: 6aad14382fc30302e91c7a39, Status: Waiting, Size: 2
2026-09-18 16:06:42 WARN  [room-creation,traceId=,spanId=] [http-nio-8080-exec-4] c.s.r.service.RoomService - Room is not in 'Ongoing' state. Current state: Waiting
2026-09-18 16:06:42 INFO  [room-creation,traceId=,spanId=] [http-nio-8080-exec-6] c.s.r.service.RoomService - Room found: 6aad14382fc30302e91c7a3a, Status: Waiting, Size: 2
2026-09-18 16:06:42 WARN  [room-creation,traceId=,spanId=] [http-nio-8080-exec-6] c.s.r.service.RoomService - Room is not in 'Ongoing' state. Current state: Waiting
2026-09-18 16:06:43 ERROR [room-creation,traceId=,spanId=] [MessageBroker-3] c.s.r.service.RoomService - Failed to parse roomCreatedAt date for room ID 6aad14382fc30302e91c7a39: Text '18/09/26, 4:06 pm' could not be parsed at index 0
2026-09-18 16:06:43 ERROR [room-creation,traceId=,spanId=] [MessageBroker-3] c.s.r.service.RoomService - Failed to parse roomCreatedAt date for room ID 6aad14382fc30302e91c7a3a: Text '18/09/26, 4:06 pm' could not be parsed at index 0
2026-09-18 16:06:53 ERROR [room-creation,traceId=,spanId=] [MessageBroker-3] c.s.r.service.RoomService - Failed to parse roomCreatedAt date for room ID 6aad14382fc30302e91c7a39: Text '18/09/26, 4:06 pm' could not be parsed at index 0
2026-09-18 16:06:53 ERROR [room-creation,traceId=,spanId=] [MessageBroker-3] c.s.r.service.RoomService - Failed to parse roomCreatedAt date for room ID 6aad14382fc30302e91c7a3a: Text '18/09/26, 4:06 pm' could not be parsed at index 0
2026-09-18 16:07:03 ERROR [room-creation,traceId=,spanId=] [MessageBroker-3] c.s.r.service.RoomService - Failed to parse roomCreatedAt date for room ID 6aad14382fc30302e91c7a39: Text '18/09/26, 4:06 pm' could not be parsed at index 0
2026-09-18 16:07:03 ERROR [room-creation,traceId=,spanId=] [MessageBroker-3] c.s.r.service.RoomService - Failed to parse roomCreatedAt date for room ID 6aad14382fc30302e91c7a3a: Text '18/09/26, 4:06 pm' could not be parsed at index 0
2026-09-18 16:07:06 INFO  [room-creation,traceId=,spanId=] [AsyncResolver-bootstrap-executor-%d] c.n.d.s.r.aws.ConfigClusterResolver - Resolving eureka endpoints via configuration
2026-09-18 16:07:13 ERROR [room-creation,traceId=,spanId=] [MessageBroker-3] c.s.r.service.RoomService - Failed to parse roomCreatedAt date for room ID 6aad14382fc30302e91c7a39: Text '18/09/26, 4:06 pm' could not be parsed at index 0
2026-09-18 16:07:13 ERROR [room-creation,traceId=,spanId=] [MessageBroker-3] c.s.r.service.RoomService - Failed to parse roomCreatedAt date for room ID 6aad14382fc30302e91c7a3a: Text '18/09/26, 4:06 pm' could not be parsed at index 0
2026-09-18 16:07:23 ERROR [room-creation,traceId=,spanId=] [MessageBroker-3] c.s.r.service.RoomService - Failed to parse roomCreatedAt date for room ID 6aad14382fc30302e91c7a39: Text '18/09/26, 4:06 pm' could not be parsed at index 0
2026-09-18 16:07:23 ERROR [room-creation,traceId=,spanId=] [MessageBroker-3] c.s.r.service.RoomService - Failed to parse roomCreatedAt date for room ID 6aad14382fc30302e91c7a3a: Text '18/09/26, 4:06 pm' could not be parsed at index 0
2026-09-18 16:07:33 ERROR [room-creation,traceId=,spanId=] [MessageBroker-3] c.s.r.service.RoomService - Failed to parse roomCreatedAt date for room ID 6aad14382fc30302e91c7a39: Text '18/09/26, 4:06 pm' could not be parsed at index 0
2026-09-18 16:07:33 ERROR [room-creation,traceId=,spanId=] [MessageBroker-3] c.s.r.service.RoomService - Failed to parse roomCreatedAt date for room ID 6aad14382fc30302e91c7a3a: Text '18/09/26, 4:06 pm' could not be parsed at index 0
2026-09-18 16:07:43 ERROR [room-creation,traceId=,spanId=] [MessageBroker-3] c.s.r.service.RoomService - Failed to parse roomCreatedAt date for room ID 6aad14382fc30302e91c7a39: Text '18/09/26, 4:06 pm' could not be parsed at index 0
2026-09-18 16:07:43 ERROR [room-creation,traceId=,spanId=] [MessageBroker-3] c.s.r.service.RoomService - Failed to parse roomCreatedAt date for room ID 6aad14382fc30302e91c7a3a: Text '18/09/26, 4:06 pm' could not be parsed at index 0
2026-09-18 16:07:54 ERROR [room-creation,traceId=,spanId=] [MessageBroker-3] c.s.r.service.RoomService - Failed to parse roomCreatedAt date for room ID 6aad14382fc30302e91c7a39: Text '18/09/26, 4:06 pm' could not be parsed at index 0
2026-09-18 16:07:54 ERROR [room-creation,traceId=,spanId=] [MessageBroker-3] c.s.r.service.RoomService - Failed to parse roomCreatedAt date for room ID 6aad14382fc30302e91c7a3a: Text '18/09/26, 4:06 pm' could not be parsed at index 0
2026-09-18 16:08:04 ERROR [room-creation,traceId=,spanId=] [MessageBroker-3] c.s.r.service.RoomService - Failed to parse roomCreatedAt date for room ID 6aad14382fc30302e91c7a39: Text '18/09/26, 4:06 pm' could not be parsed at index 0
2026-09-18 16:08:04 ERROR [room-creation,traceId=,spanId=] [MessageBroker-3] c.s.r.service.RoomService - Failed to parse roomCreatedAt date for room ID 6aad14382fc30302e91c7a3a: Text '18/09/26, 4:06 pm' could not be parsed at index 0
2026-09-18 16:08:14 ERROR [room-creation,traceId=,spanId=] [MessageBroker-3] c.s.r.service.RoomService - Failed to parse roomCreatedAt date for room ID 6aad14382fc30302e91c7a39: Text '18/09/26, 4:06 pm' could not be parsed at index 0
2026-09-18 16:08:14 ERROR [room-creation,traceId=,spanId=] [MessageBroker-3] c.s.r.service.RoomService - Failed to parse roomCreatedAt date for room ID 6aad14382fc30302e91c7a3a: Text '18/09/26, 4:06 pm' could not be parsed at index 0
2026-09-18 16:08:24 ERROR [room-creation,traceId=,spanId=] [MessageBroker-3] c.s.r.service.RoomService - Failed to parse roomCreatedAt date for room ID 6aad14382fc30302e91c7a39: Text '18/09/26, 4:06 pm' could not be parsed at index 0
2026-09-18 16:08:24 ERROR [room-creation,traceId=,spanId=] [MessageBroker-3] c.s.r.service.RoomService - Failed to parse roomCreatedAt date for room ID 6aad14382fc30302e91c7a3a: Text '18/09/26, 4:06 pm' could not be parsed at index 0
2026-09-18 16:08:26 INFO  [room-creation,traceId=,spanId=] [http-nio-8080-exec-8] c.s.r.controller.RoomController - Received request to join or create room with parameters: roomSize=2, roomType=Point, gameMode=Practice, gameStatus=Waiting, pointValue=0.0, playerId=69f244b95e3dbc19a9e7dc39, issuedPoint=80, totalRounds=1, entryType=Chips, entryPrice=800.0, visibility=Public
2026-09-18 16:08:26 INFO  [room-creation,traceId=,spanId=] [http-nio-8080-exec-8] c.s.r.service.RoomService - Joining or creating room for playerId: 69f244b95e3dbc19a9e7dc39
2026-09-18 16:08:26 INFO  [room-creation,traceId=,spanId=] [http-nio-8080-exec-8] c.s.r.service.RoomService - Fetched player details: RequestDTO(playerId=69f244b95e3dbc19a9e7dc39, name=Sreeman, phoneNumber=9876543210, email=test@gmail.com, chips=50000.0, inGameWallet=4000.0, winningWallet=2000.2, missionWallet=40.2, isWithDraw=false, isWalletRecharge=false, loyaltyPoint=0, cashGameWallet=50.5)
2026-09-18 16:08:26 INFO  [room-creation,traceId=,spanId=] [http-nio-8080-exec-8] c.s.r.service.RoomService - Found existing room: Room(roomId=6aad14382fc30302e91c7a39, roomSize=2, roomType=Point, gameMode=Practice, gameStatus=Waiting, issuedPoint=80, playerCount=1, totalRounds=1, playerDetails=[PlayerDetails(playerId=6a04944c16ad2500dc08e0a7, issuedPoint=80, currentScore=0)], matchWinner=null, entryType=Chips, entryPrice=800.0, totalPrice=0.0, currentRound=1, currentTurn=null, roomCreatedAt=18/09/26, 4:06 pm, declareModeActive=false, tournamentId=null, visibility=Public, pointValue=0.0, lastGame=[], isNotActive=[], exitPlayer=[6a04944c16ad2500dc08e0a7])
2026-09-18 16:08:26 INFO  [room-creation,traceId=,spanId=] [http-nio-8080-exec-8] c.s.r.service.RoomService - Updating room based on size: 2
2026-09-18 16:08:26 INFO  [room-creation,traceId=,spanId=] [ForkJoinPool.commonPool-worker-5] c.s.r.service.RoomService - Scheduling game start for room: 6aad14382fc30302e91c7a39
2026-09-18 16:08:26 INFO  [room-creation,traceId=,spanId=] [http-nio-8080-exec-7] c.s.r.controller.RoomController - Received request to join or create room with parameters: roomSize=2, roomType=Point, gameMode=Practice, gameStatus=Waiting, pointValue=0.0, playerId=6a04944c16ad2500dc08e0a7, issuedPoint=80, totalRounds=1, entryType=Chips, entryPrice=800.0, visibility=Public
2026-09-18 16:08:26 INFO  [room-creation,traceId=,spanId=] [http-nio-8080-exec-7] c.s.r.service.RoomService - Joining or creating room for playerId: 6a04944c16ad2500dc08e0a7
2026-09-18 16:08:27 INFO  [room-creation,traceId=,spanId=] [http-nio-8080-exec-7] c.s.r.service.RoomService - Fetched player details: RequestDTO(playerId=6a04944c16ad2500dc08e0a7, name=null, phoneNumber=9003456349, email=null, chips=50000.0, inGameWallet=0.0, winningWallet=0.0, missionWallet=148.0, isWithDraw=false, isWalletRecharge=false, loyaltyPoint=0, cashGameWallet=0.0)
2026-09-18 16:08:27 INFO  [room-creation,traceId=,spanId=] [http-nio-8080-exec-7] c.s.r.service.RoomService - Found existing room: Room(roomId=6aad14382fc30302e91c7a3a, roomSize=2, roomType=Point, gameMode=Practice, gameStatus=Waiting, issuedPoint=80, playerCount=1, totalRounds=1, playerDetails=[PlayerDetails(playerId=69f244b95e3dbc19a9e7dc39, issuedPoint=80, currentScore=0)], matchWinner=null, entryType=Chips, entryPrice=800.0, totalPrice=0.0, currentRound=1, currentTurn=null, roomCreatedAt=18/09/26, 4:06 pm, declareModeActive=false, tournamentId=null, visibility=Public, pointValue=0.0, lastGame=[], isNotActive=[], exitPlayer=[69f244b95e3dbc19a9e7dc39])
2026-09-18 16:08:27 INFO  [room-creation,traceId=,spanId=] [http-nio-8080-exec-7] c.s.r.service.RoomService - Updating room based on size: 2
2026-09-18 16:08:27 INFO  [room-creation,traceId=,spanId=] [ForkJoinPool.commonPool-worker-5] c.s.r.service.RoomService - Scheduling game start for room: 6aad14382fc30302e91c7a3a
2026-09-18 16:08:27 INFO  [room-creation,traceId=,spanId=] [http-nio-8080-exec-10] c.s.r.service.RoomService - Room found: 6aad14382fc30302e91c7a39, Status: Matchmaking, Size: 2
2026-09-18 16:08:27 WARN  [room-creation,traceId=,spanId=] [http-nio-8080-exec-10] c.s.r.service.RoomService - Room is not in 'Ongoing' state. Current state: Matchmaking
2026-09-18 16:08:28 INFO  [room-creation,traceId=,spanId=] [http-nio-8080-exec-2] c.s.r.service.RoomService - Room found: 6aad14382fc30302e91c7a3a, Status: Matchmaking, Size: 2
2026-09-18 16:08:28 WARN  [room-creation,traceId=,spanId=] [http-nio-8080-exec-2] c.s.r.service.RoomService - Room is not in 'Ongoing' state. Current state: Matchmaking
2026-09-18 16:08:29 INFO  [room-creation,traceId=,spanId=] [ForkJoinPool.commonPool-worker-5] c.s.r.service.RoomService - Game status updated to 'Tossing' for room: 6aad14382fc30302e91c7a39
2026-09-18 16:08:30 INFO  [room-creation,traceId=,spanId=] [ForkJoinPool.commonPool-worker-5] c.s.r.service.RoomService - Game status updated to 'Tossing' for room: 6aad14382fc30302e91c7a3a
2026-09-18 16:08:32 INFO  [room-creation,traceId=,spanId=] [ForkJoinPool.commonPool-worker-5] c.s.r.service.RoomService - Game status updated to 'Started' for room: 6aad14382fc30302e91c7a39
2026-09-18 16:08:33 INFO  [room-creation,traceId=,spanId=] [ForkJoinPool.commonPool-worker-5] c.s.r.service.RoomService - Game status updated to 'Started' for room: 6aad14382fc30302e91c7a3a
2026-09-18 16:08:35 INFO  [room-creation,traceId=,spanId=] [ForkJoinPool.commonPool-worker-5] c.s.r.service.RoomService - Calling scheduleGameStartAndDebitEntryFee for room: 6aad14382fc30302e91c7a39
2026-09-18 16:08:35 INFO  [room-creation,traceId=,spanId=] [ForkJoinPool.commonPool-worker-5] c.s.r.service.RoomService - Executing scheduleGameStartAndDebitEntryFee for room: 6aad14382fc30302e91c7a39
2026-09-18 16:08:35 INFO  [room-creation,traceId=,spanId=] [ForkJoinPool.commonPool-worker-5] c.s.r.service.RoomService - Processing player: 6a04944c16ad2500dc08e0a7
2026-09-18 16:08:35 INFO  [room-creation,traceId=,spanId=] [ForkJoinPool.commonPool-worker-5] c.s.r.service.RoomService - User feign client get details output 6a04944c16ad2500dc08e0a7
2026-09-18 16:08:36 INFO  [room-creation,traceId=,spanId=] [ForkJoinPool.commonPool-worker-5] c.s.r.service.RoomService - Processing player: 69f244b95e3dbc19a9e7dc39
2026-09-18 16:08:36 INFO  [room-creation,traceId=,spanId=] [ForkJoinPool.commonPool-worker-5] c.s.r.service.RoomService - User feign client get details output 69f244b95e3dbc19a9e7dc39
2026-09-18 16:08:36 INFO  [room-creation,traceId=,spanId=] [ForkJoinPool.commonPool-worker-6] c.s.r.service.RoomService - Calling scheduleGameStartAndDebitEntryFee for room: 6aad14382fc30302e91c7a3a
2026-09-18 16:08:36 INFO  [room-creation,traceId=,spanId=] [ForkJoinPool.commonPool-worker-6] c.s.r.service.RoomService - Executing scheduleGameStartAndDebitEntryFee for room: 6aad14382fc30302e91c7a3a
2026-09-18 16:08:36 INFO  [room-creation,traceId=,spanId=] [ForkJoinPool.commonPool-worker-6] c.s.r.service.RoomService - Processing player: 69f244b95e3dbc19a9e7dc39
2026-09-18 16:08:36 INFO  [room-creation,traceId=,spanId=] [ForkJoinPool.commonPool-worker-6] c.s.r.service.RoomService - User feign client get details output 69f244b95e3dbc19a9e7dc39
2026-09-18 16:08:36 INFO  [room-creation,traceId=,spanId=] [ForkJoinPool.commonPool-worker-5] c.s.r.service.RoomService - Game set to 'Ongoing' for room: 6aad14382fc30302e91c7a39
2026-09-18 16:08:36 INFO  [room-creation,traceId=,spanId=] [ForkJoinPool.commonPool-worker-6] c.s.r.service.RoomService - Processing player: 6a04944c16ad2500dc08e0a7
2026-09-18 16:08:36 INFO  [room-creation,traceId=,spanId=] [ForkJoinPool.commonPool-worker-5] c.s.r.service.RoomService - Successfully triggered WebSocket broadcast for room: 6aad14382fc30302e91c7a39
2026-09-18 16:08:36 INFO  [room-creation,traceId=,spanId=] [ForkJoinPool.commonPool-worker-6] c.s.r.service.RoomService - User feign client get details output 6a04944c16ad2500dc08e0a7
2026-09-18 16:08:36 INFO  [room-creation,traceId=,spanId=] [ForkJoinPool.commonPool-worker-6] c.s.r.service.RoomService - Game set to 'Ongoing' for room: 6aad14382fc30302e91c7a3a
2026-09-18 16:08:36 INFO  [room-creation,traceId=,spanId=] [ForkJoinPool.commonPool-worker-6] c.s.r.service.RoomService - Successfully triggered WebSocket broadcast for room: 6aad14382fc30302e91c7a3a
2026-09-18 16:12:06 INFO  [room-creation,traceId=,spanId=] [AsyncResolver-bootstrap-executor-%d] c.n.d.s.r.aws.ConfigClusterResolver - Resolving eureka endpoints via configuration
2026-09-18 16:15:53 INFO  [room-creation,traceId=,spanId=] [http-nio-8080-exec-3] c.s.r.controller.RoomController - Received request to join or create room with parameters: roomSize=2, roomType=Point, gameMode=Practice, gameStatus=Waiting, pointValue=0.0, playerId=6a04944c16ad2500dc08e0a7, issuedPoint=80, totalRounds=1, entryType=Chips, entryPrice=800.0, visibility=Public
2026-09-18 16:15:53 INFO  [room-creation,traceId=,spanId=] [http-nio-8080-exec-3] c.s.r.service.RoomService - Joining or creating room for playerId: 6a04944c16ad2500dc08e0a7
2026-09-18 16:15:53 INFO  [room-creation,traceId=,spanId=] [http-nio-8080-exec-3] c.s.r.service.RoomService - Fetched player details: RequestDTO(playerId=6a04944c16ad2500dc08e0a7, name=null, phoneNumber=9003456349, email=null, chips=48400.0, inGameWallet=0.0, winningWallet=0.0, missionWallet=148.0, isWithDraw=false, isWalletRecharge=false, loyaltyPoint=0, cashGameWallet=0.0)
2026-09-18 16:15:53 INFO  [room-creation,traceId=,spanId=] [http-nio-8080-exec-3] c.s.r.service.RoomService - No existing room found, creating a new one
2026-09-18 16:15:53 INFO  [room-creation,traceId=,spanId=] [http-nio-8080-exec-3] c.s.r.service.RoomService - Creating new room: Room(roomId=null, roomSize=2, roomType=Point, gameMode=Practice, gameStatus=Waiting, issuedPoint=80, playerCount=0, totalRounds=1, playerDetails=[], matchWinner=null, entryType=Chips, entryPrice=800.0, totalPrice=0.0, currentRound=1, currentTurn=null, roomCreatedAt=null, declareModeActive=false, tournamentId=null, visibility=Public, pointValue=0.0, lastGame=[], isNotActive=[], exitPlayer=[])
2026-09-18 16:15:53 INFO  [room-creation,traceId=,spanId=] [http-nio-8080-exec-3] c.s.r.service.RoomService - Updating room based on size: 2
2026-09-18 16:15:53 INFO  [room-creation,traceId=,spanId=] [http-nio-8080-exec-8] c.s.r.controller.RoomController - Received request to join or create room with parameters: roomSize=2, roomType=Point, gameMode=Practice, gameStatus=Waiting, pointValue=0.0, playerId=69f244b95e3dbc19a9e7dc39, issuedPoint=80, totalRounds=1, entryType=Chips, entryPrice=800.0, visibility=Public
2026-09-18 16:15:53 INFO  [room-creation,traceId=,spanId=] [http-nio-8080-exec-8] c.s.r.service.RoomService - Joining or creating room for playerId: 69f244b95e3dbc19a9e7dc39
2026-09-18 16:15:54 INFO  [room-creation,traceId=,spanId=] [http-nio-8080-exec-8] c.s.r.service.RoomService - Fetched player details: RequestDTO(playerId=69f244b95e3dbc19a9e7dc39, name=Sreeman, phoneNumber=9876543210, email=test@gmail.com, chips=48400.0, inGameWallet=4000.0, winningWallet=2000.2, missionWallet=40.2, isWithDraw=false, isWalletRecharge=false, loyaltyPoint=0, cashGameWallet=50.5)
2026-09-18 16:15:54 INFO  [room-creation,traceId=,spanId=] [http-nio-8080-exec-8] c.s.r.service.RoomService - Found existing room: Room(roomId=6aad16612fc30302e91c7a3b, roomSize=2, roomType=Point, gameMode=Practice, gameStatus=Waiting, issuedPoint=80, playerCount=1, totalRounds=1, playerDetails=[PlayerDetails(playerId=6a04944c16ad2500dc08e0a7, issuedPoint=80, currentScore=0)], matchWinner=null, entryType=Chips, entryPrice=800.0, totalPrice=0.0, currentRound=1, currentTurn=null, roomCreatedAt=18/09/26, 4:15 pm, declareModeActive=false, tournamentId=null, visibility=Public, pointValue=0.0, lastGame=[], isNotActive=[], exitPlayer=[])
2026-09-18 16:15:54 INFO  [room-creation,traceId=,spanId=] [http-nio-8080-exec-8] c.s.r.service.RoomService - Updating room based on size: 2
2026-09-18 16:15:54 INFO  [room-creation,traceId=,spanId=] [ForkJoinPool.commonPool-worker-8] c.s.r.service.RoomService - Scheduling game start for room: 6aad16612fc30302e91c7a3b
2026-09-18 16:15:54 INFO  [room-creation,traceId=,spanId=] [http-nio-8080-exec-10] c.s.r.service.RoomService - Room found: 6aad16612fc30302e91c7a3b, Status: Matchmaking, Size: 2
2026-09-18 16:15:54 WARN  [room-creation,traceId=,spanId=] [http-nio-8080-exec-10] c.s.r.service.RoomService - Room is not in 'Ongoing' state. Current state: Matchmaking
2026-09-18 16:15:55 INFO  [room-creation,traceId=,spanId=] [http-nio-8080-exec-4] c.s.r.service.RoomService - Room found: 6aad16612fc30302e91c7a3b, Status: Matchmaking, Size: 2
2026-09-18 16:15:55 WARN  [room-creation,traceId=,spanId=] [http-nio-8080-exec-4] c.s.r.service.RoomService - Room is not in 'Ongoing' state. Current state: Matchmaking
2026-09-18 16:15:57 INFO  [room-creation,traceId=,spanId=] [ForkJoinPool.commonPool-worker-8] c.s.r.service.RoomService - Game status updated to 'Tossing' for room: 6aad16612fc30302e91c7a3b
2026-09-18 16:16:00 INFO  [room-creation,traceId=,spanId=] [ForkJoinPool.commonPool-worker-8] c.s.r.service.RoomService - Game status updated to 'Started' for room: 6aad16612fc30302e91c7a3b
2026-09-18 16:16:03 INFO  [room-creation,traceId=,spanId=] [ForkJoinPool.commonPool-worker-8] c.s.r.service.RoomService - Calling scheduleGameStartAndDebitEntryFee for room: 6aad16612fc30302e91c7a3b
2026-09-18 16:16:03 INFO  [room-creation,traceId=,spanId=] [ForkJoinPool.commonPool-worker-8] c.s.r.service.RoomService - Executing scheduleGameStartAndDebitEntryFee for room: 6aad16612fc30302e91c7a3b
2026-09-18 16:16:03 INFO  [room-creation,traceId=,spanId=] [ForkJoinPool.commonPool-worker-8] c.s.r.service.RoomService - Processing player: 6a04944c16ad2500dc08e0a7
2026-09-18 16:16:03 INFO  [room-creation,traceId=,spanId=] [ForkJoinPool.commonPool-worker-8] c.s.r.service.RoomService - User feign client get details output 6a04944c16ad2500dc08e0a7
2026-09-18 16:16:03 INFO  [room-creation,traceId=,spanId=] [ForkJoinPool.commonPool-worker-8] c.s.r.service.RoomService - Processing player: 69f244b95e3dbc19a9e7dc39
2026-09-18 16:16:03 INFO  [room-creation,traceId=,spanId=] [ForkJoinPool.commonPool-worker-8] c.s.r.service.RoomService - User feign client get details output 69f244b95e3dbc19a9e7dc39
2026-09-18 16:16:04 INFO  [room-creation,traceId=,spanId=] [ForkJoinPool.commonPool-worker-8] c.s.r.service.RoomService - Game set to 'Ongoing' for room: 6aad16612fc30302e91c7a3b
2026-09-18 16:16:04 INFO  [room-creation,traceId=,spanId=] [ForkJoinPool.commonPool-worker-8] c.s.r.service.RoomService - Successfully triggered WebSocket broadcast for room: 6aad16612fc30302e91c7a3b
2026-09-18 16:17:06 INFO  [room-creation,traceId=,spanId=] [AsyncResolver-bootstrap-executor-%d] c.n.d.s.r.aws.ConfigClusterResolver - Resolving eureka endpoints via configuration
2026-09-18 16:22:06 INFO  [room-creation,traceId=,spanId=] [AsyncResolver-bootstrap-executor-%d] c.n.d.s.r.aws.ConfigClusterResolver - Resolving eureka endpoints via configuration
2026-09-18 16:24:12 INFO  [room-creation,traceId=,spanId=] [http-nio-8080-exec-3] c.s.r.controller.RoomController - Received request to join or create room with parameters: roomSize=2, roomType=Point, gameMode=Practice, gameStatus=Waiting, pointValue=0.0, playerId=69f244b95e3dbc19a9e7dc39, issuedPoint=80, totalRounds=1, entryType=Chips, entryPrice=800.0, visibility=Public
2026-09-18 16:24:12 INFO  [room-creation,traceId=,spanId=] [http-nio-8080-exec-3] c.s.r.service.RoomService - Joining or creating room for playerId: 69f244b95e3dbc19a9e7dc39
2026-09-18 16:24:12 INFO  [room-creation,traceId=,spanId=] [http-nio-8080-exec-2] c.s.r.controller.RoomController - Received request to join or create room with parameters: roomSize=2, roomType=Point, gameMode=Practice, gameStatus=Waiting, pointValue=0.0, playerId=6a04944c16ad2500dc08e0a7, issuedPoint=80, totalRounds=1, entryType=Chips, entryPrice=800.0, visibility=Public
2026-09-18 16:24:12 INFO  [room-creation,traceId=,spanId=] [http-nio-8080-exec-2] c.s.r.service.RoomService - Joining or creating room for playerId: 6a04944c16ad2500dc08e0a7
2026-09-18 16:24:12 INFO  [room-creation,traceId=,spanId=] [http-nio-8080-exec-2] c.s.r.service.RoomService - Fetched player details: RequestDTO(playerId=6a04944c16ad2500dc08e0a7, name=null, phoneNumber=9003456349, email=null, chips=47600.0, inGameWallet=0.0, winningWallet=0.0, missionWallet=148.0, isWithDraw=false, isWalletRecharge=false, loyaltyPoint=0, cashGameWallet=0.0)
2026-09-18 16:24:12 INFO  [room-creation,traceId=,spanId=] [http-nio-8080-exec-3] c.s.r.service.RoomService - Fetched player details: RequestDTO(playerId=69f244b95e3dbc19a9e7dc39, name=Sreeman, phoneNumber=9876543210, email=test@gmail.com, chips=47600.0, inGameWallet=4000.0, winningWallet=2000.2, missionWallet=40.2, isWithDraw=false, isWalletRecharge=false, loyaltyPoint=0, cashGameWallet=50.5)
2026-09-18 16:24:12 INFO  [room-creation,traceId=,spanId=] [http-nio-8080-exec-3] c.s.r.service.RoomService - No existing room found, creating a new one
2026-09-18 16:24:12 INFO  [room-creation,traceId=,spanId=] [http-nio-8080-exec-2] c.s.r.service.RoomService - No existing room found, creating a new one
2026-09-18 16:24:12 INFO  [room-creation,traceId=,spanId=] [http-nio-8080-exec-3] c.s.r.service.RoomService - Creating new room: Room(roomId=null, roomSize=2, roomType=Point, gameMode=Practice, gameStatus=Waiting, issuedPoint=80, playerCount=0, totalRounds=1, playerDetails=[], matchWinner=null, entryType=Chips, entryPrice=800.0, totalPrice=0.0, currentRound=1, currentTurn=null, roomCreatedAt=null, declareModeActive=false, tournamentId=null, visibility=Public, pointValue=0.0, lastGame=[], isNotActive=[], exitPlayer=[])
2026-09-18 16:24:12 INFO  [room-creation,traceId=,spanId=] [http-nio-8080-exec-2] c.s.r.service.RoomService - Creating new room: Room(roomId=null, roomSize=2, roomType=Point, gameMode=Practice, gameStatus=Waiting, issuedPoint=80, playerCount=0, totalRounds=1, playerDetails=[], matchWinner=null, entryType=Chips, entryPrice=800.0, totalPrice=0.0, currentRound=1, currentTurn=null, roomCreatedAt=null, declareModeActive=false, tournamentId=null, visibility=Public, pointValue=0.0, lastGame=[], isNotActive=[], exitPlayer=[])
2026-09-18 16:24:12 INFO  [room-creation,traceId=,spanId=] [http-nio-8080-exec-2] c.s.r.service.RoomService - Updating room based on size: 2
2026-09-18 16:24:12 INFO  [room-creation,traceId=,spanId=] [http-nio-8080-exec-3] c.s.r.service.RoomService - Updating room based on size: 2
2026-09-18 16:24:13 INFO  [room-creation,traceId=,spanId=] [http-nio-8080-exec-8] c.s.r.service.RoomService - Room found: 6aad18542fc30302e91c7a3d, Status: Waiting, Size: 2
2026-09-18 16:24:13 WARN  [room-creation,traceId=,spanId=] [http-nio-8080-exec-8] c.s.r.service.RoomService - Room is not in 'Ongoing' state. Current state: Waiting
2026-09-18 16:24:13 INFO  [room-creation,traceId=,spanId=] [http-nio-8080-exec-7] c.s.r.service.RoomService - Room found: 6aad18542fc30302e91c7a3c, Status: Waiting, Size: 2
2026-09-18 16:24:13 WARN  [room-creation,traceId=,spanId=] [http-nio-8080-exec-7] c.s.r.service.RoomService - Room is not in 'Ongoing' state. Current state: Waiting
2026-09-18 16:24:20 ERROR [room-creation,traceId=,spanId=] [MessageBroker-2] c.s.r.service.RoomService - Failed to parse roomCreatedAt date for room ID 6aad18542fc30302e91c7a3c: Text '18/09/26, 4:24 pm' could not be parsed at index 0
2026-09-18 16:24:20 ERROR [room-creation,traceId=,spanId=] [MessageBroker-2] c.s.r.service.RoomService - Failed to parse roomCreatedAt date for room ID 6aad18542fc30302e91c7a3d: Text '18/09/26, 4:24 pm' could not be parsed at index 0
2026-09-18 16:24:30 ERROR [room-creation,traceId=,spanId=] [MessageBroker-2] c.s.r.service.RoomService - Failed to parse roomCreatedAt date for room ID 6aad18542fc30302e91c7a3c: Text '18/09/26, 4:24 pm' could not be parsed at index 0
2026-09-18 16:24:30 ERROR [room-creation,traceId=,spanId=] [MessageBroker-2] c.s.r.service.RoomService - Failed to parse roomCreatedAt date for room ID 6aad18542fc30302e91c7a3d: Text '18/09/26, 4:24 pm' could not be parsed at index 0
2026-09-18 16:24:40 ERROR [room-creation,traceId=,spanId=] [MessageBroker-2] c.s.r.service.RoomService - Failed to parse roomCreatedAt date for room ID 6aad18542fc30302e91c7a3c: Text '18/09/26, 4:24 pm' could not be parsed at index 0
2026-09-18 16:24:40 ERROR [room-creation,traceId=,spanId=] [MessageBroker-2] c.s.r.service.RoomService - Failed to parse roomCreatedAt date for room ID 6aad18542fc30302e91c7a3d: Text '18/09/26, 4:24 pm' could not be parsed at index 0
2026-09-18 16:24:50 ERROR [room-creation,traceId=,spanId=] [MessageBroker-2] c.s.r.service.RoomService - Failed to parse roomCreatedAt date for room ID 6aad18542fc30302e91c7a3c: Text '18/09/26, 4:24 pm' could not be parsed at index 0
2026-09-18 16:24:50 ERROR [room-creation,traceId=,spanId=] [MessageBroker-2] c.s.r.service.RoomService - Failed to parse roomCreatedAt date for room ID 6aad18542fc30302e91c7a3d: Text '18/09/26, 4:24 pm' could not be parsed at index 0
2026-09-18 16:25:01 ERROR [room-creation,traceId=,spanId=] [MessageBroker-2] c.s.r.service.RoomService - Failed to parse roomCreatedAt date for room ID 6aad18542fc30302e91c7a3c: Text '18/09/26, 4:24 pm' could not be parsed at index 0
2026-09-18 16:25:01 ERROR [room-creation,traceId=,spanId=] [MessageBroker-2] c.s.r.service.RoomService - Failed to parse roomCreatedAt date for room ID 6aad18542fc30302e91c7a3d: Text '18/09/26, 4:24 pm' could not be parsed at index 0
2026-09-18 16:25:11 ERROR [room-creation,traceId=,spanId=] [MessageBroker-2] c.s.r.service.RoomService - Failed to parse roomCreatedAt date for room ID 6aad18542fc30302e91c7a3c: Text '18/09/26, 4:24 pm' could not be parsed at index 0
2026-09-18 16:25:11 ERROR [room-creation,traceId=,spanId=] [MessageBroker-2] c.s.r.service.RoomService - Failed to parse roomCreatedAt date for room ID 6aad18542fc30302e91c7a3d: Text '18/09/26, 4:24 pm' could not be parsed at index 0
2026-09-18 16:25:36 INFO  [room-creation,traceId=,spanId=] [http-nio-8080-exec-2] c.s.r.controller.RoomController - Received request to join or create room with parameters: roomSize=2, roomType=Point, gameMode=Practice, gameStatus=Waiting, pointValue=0.0, playerId=6a04944c16ad2500dc08e0a7, issuedPoint=80, totalRounds=1, entryType=Chips, entryPrice=800.0, visibility=Public
2026-09-18 16:25:36 INFO  [room-creation,traceId=,spanId=] [http-nio-8080-exec-2] c.s.r.service.RoomService - Joining or creating room for playerId: 6a04944c16ad2500dc08e0a7
2026-09-18 16:25:36 INFO  [room-creation,traceId=,spanId=] [http-nio-8080-exec-2] c.s.r.service.RoomService - Fetched player details: RequestDTO(playerId=6a04944c16ad2500dc08e0a7, name=null, phoneNumber=9003456349, email=null, chips=47600.0, inGameWallet=0.0, winningWallet=0.0, missionWallet=148.0, isWithDraw=false, isWalletRecharge=false, loyaltyPoint=0, cashGameWallet=0.0)
2026-09-18 16:25:36 INFO  [room-creation,traceId=,spanId=] [http-nio-8080-exec-2] c.s.r.service.RoomService - No existing room found, creating a new one
2026-09-18 16:25:36 INFO  [room-creation,traceId=,spanId=] [http-nio-8080-exec-2] c.s.r.service.RoomService - Creating new room: Room(roomId=null, roomSize=2, roomType=Point, gameMode=Practice, gameStatus=Waiting, issuedPoint=80, playerCount=0, totalRounds=1, playerDetails=[], matchWinner=null, entryType=Chips, entryPrice=800.0, totalPrice=0.0, currentRound=1, currentTurn=null, roomCreatedAt=null, declareModeActive=false, tournamentId=null, visibility=Public, pointValue=0.0, lastGame=[], isNotActive=[], exitPlayer=[])
2026-09-18 16:25:36 INFO  [room-creation,traceId=,spanId=] [http-nio-8080-exec-2] c.s.r.service.RoomService - Updating room based on size: 2
2026-09-18 16:25:37 INFO  [room-creation,traceId=,spanId=] [http-nio-8080-exec-3] c.s.r.controller.RoomController - Received request to join or create room with parameters: roomSize=2, roomType=Point, gameMode=Practice, gameStatus=Waiting, pointValue=0.0, playerId=69f244b95e3dbc19a9e7dc39, issuedPoint=80, totalRounds=1, entryType=Chips, entryPrice=800.0, visibility=Public
2026-09-18 16:25:37 INFO  [room-creation,traceId=,spanId=] [http-nio-8080-exec-3] c.s.r.service.RoomService - Joining or creating room for playerId: 69f244b95e3dbc19a9e7dc39
2026-09-18 16:25:37 INFO  [room-creation,traceId=,spanId=] [http-nio-8080-exec-3] c.s.r.service.RoomService - Fetched player details: RequestDTO(playerId=69f244b95e3dbc19a9e7dc39, name=Sreeman, phoneNumber=9876543210, email=test@gmail.com, chips=47600.0, inGameWallet=4000.0, winningWallet=2000.2, missionWallet=40.2, isWithDraw=false, isWalletRecharge=false, loyaltyPoint=0, cashGameWallet=50.5)
2026-09-18 16:25:37 INFO  [room-creation,traceId=,spanId=] [http-nio-8080-exec-3] c.s.r.service.RoomService - Found existing room: Room(roomId=6aad18a82fc30302e91c7a3e, roomSize=2, roomType=Point, gameMode=Practice, gameStatus=Waiting, issuedPoint=80, playerCount=1, totalRounds=1, playerDetails=[PlayerDetails(playerId=6a04944c16ad2500dc08e0a7, issuedPoint=80, currentScore=0)], matchWinner=null, entryType=Chips, entryPrice=800.0, totalPrice=0.0, currentRound=1, currentTurn=null, roomCreatedAt=18/09/26, 4:25 pm, declareModeActive=false, tournamentId=null, visibility=Public, pointValue=0.0, lastGame=[], isNotActive=[], exitPlayer=[])
2026-09-18 16:25:37 INFO  [room-creation,traceId=,spanId=] [http-nio-8080-exec-3] c.s.r.service.RoomService - Updating room based on size: 2
2026-09-18 16:25:37 INFO  [room-creation,traceId=,spanId=] [ForkJoinPool.commonPool-worker-10] c.s.r.service.RoomService - Scheduling game start for room: 6aad18a82fc30302e91c7a3e
2026-09-18 16:25:37 INFO  [room-creation,traceId=,spanId=] [http-nio-8080-exec-7] c.s.r.service.RoomService - Room found: 6aad18a82fc30302e91c7a3e, Status: Waiting, Size: 2
2026-09-18 16:25:37 WARN  [room-creation,traceId=,spanId=] [http-nio-8080-exec-7] c.s.r.service.RoomService - Room is not in 'Ongoing' state. Current state: Waiting
2026-09-18 16:25:38 INFO  [room-creation,traceId=,spanId=] [http-nio-8080-exec-1] c.s.r.service.RoomService - Room found: 6aad18a82fc30302e91c7a3e, Status: Matchmaking, Size: 2
2026-09-18 16:25:38 WARN  [room-creation,traceId=,spanId=] [http-nio-8080-exec-1] c.s.r.service.RoomService - Room is not in 'Ongoing' state. Current state: Matchmaking
2026-09-18 16:25:40 INFO  [room-creation,traceId=,spanId=] [ForkJoinPool.commonPool-worker-10] c.s.r.service.RoomService - Game status updated to 'Tossing' for room: 6aad18a82fc30302e91c7a3e
2026-09-18 16:25:43 INFO  [room-creation,traceId=,spanId=] [ForkJoinPool.commonPool-worker-10] c.s.r.service.RoomService - Game status updated to 'Started' for room: 6aad18a82fc30302e91c7a3e
2026-09-18 16:25:46 INFO  [room-creation,traceId=,spanId=] [ForkJoinPool.commonPool-worker-10] c.s.r.service.RoomService - Calling scheduleGameStartAndDebitEntryFee for room: 6aad18a82fc30302e91c7a3e
2026-09-18 16:25:46 INFO  [room-creation,traceId=,spanId=] [ForkJoinPool.commonPool-worker-10] c.s.r.service.RoomService - Executing scheduleGameStartAndDebitEntryFee for room: 6aad18a82fc30302e91c7a3e
2026-09-18 16:25:46 INFO  [room-creation,traceId=,spanId=] [ForkJoinPool.commonPool-worker-10] c.s.r.service.RoomService - Processing player: 6a04944c16ad2500dc08e0a7
2026-09-18 16:25:46 INFO  [room-creation,traceId=,spanId=] [ForkJoinPool.commonPool-worker-10] c.s.r.service.RoomService - User feign client get details output 6a04944c16ad2500dc08e0a7
2026-09-18 16:25:46 INFO  [room-creation,traceId=,spanId=] [ForkJoinPool.commonPool-worker-10] c.s.r.service.RoomService - Processing player: 69f244b95e3dbc19a9e7dc39
2026-09-18 16:25:47 INFO  [room-creation,traceId=,spanId=] [ForkJoinPool.commonPool-worker-10] c.s.r.service.RoomService - User feign client get details output 69f244b95e3dbc19a9e7dc39
2026-09-18 16:25:47 INFO  [room-creation,traceId=,spanId=] [ForkJoinPool.commonPool-worker-10] c.s.r.service.RoomService - Game set to 'Ongoing' for room: 6aad18a82fc30302e91c7a3e
2026-09-18 16:25:47 INFO  [room-creation,traceId=,spanId=] [ForkJoinPool.commonPool-worker-10] c.s.r.service.RoomService - Successfully triggered WebSocket broadcast for room: 6aad18a82fc30302e91c7a3e
2026-09-18 16:27:06 INFO  [room-creation,traceId=,spanId=] [AsyncResolver-bootstrap-executor-%d] c.n.d.s.r.aws.ConfigClusterResolver - Resolving eureka endpoints via configuration
2026-09-18 16:32:06 INFO  [room-creation,traceId=,spanId=] [AsyncResolver-bootstrap-executor-%d] c.n.d.s.r.aws.ConfigClusterResolver - Resolving eureka endpoints via configuration
2026-09-18 16:35:34 INFO  [room-creation,traceId=,spanId=] [MessageBroker-2] o.s.w.s.c.WebSocketMessageBrokerStats - WebSocketSession[0 current WS(0)-HttpStream(0)-HttpPoll(0), 0 total, 0 closed abnormally (0 connect failure, 0 send limit, 0 transport error)], stompSubProtocol[processed CONNECT(0)-CONNECTED(0)-DISCONNECT(0)], stompBrokerRelay[null], inboundChannel[pool size = 0, active threads = 0, queued tasks = 0, completed tasks = 0], outboundChannel[pool size = 0, active threads = 0, queued tasks = 0, completed tasks = 0], sockJsScheduler[pool size = 4, active threads = 1, queued tasks = 1, completed tasks = 755]
2026-09-18 16:37:06 INFO  [room-creation,traceId=,spanId=] [AsyncResolver-bootstrap-executor-%d] c.n.d.s.r.aws.ConfigClusterResolver - Resolving eureka endpoints via configuration
2026-09-18 16:42:06 INFO  [room-creation,traceId=,spanId=] [AsyncResolver-bootstrap-executor-%d] c.n.d.s.r.aws.ConfigClusterResolver - Resolving eureka endpoints via configuration
2026-09-18 16:47:06 INFO  [room-creation,traceId=,spanId=] [AsyncResolver-bootstrap-executor-%d] c.n.d.s.r.aws.ConfigClusterResolver - Resolving eureka endpoints via configuration
2026-09-18 16:52:06 INFO  [room-creation,traceId=,spanId=] [AsyncResolver-bootstrap-executor-%d] c.n.d.s.r.aws.ConfigClusterResolver - Resolving eureka endpoints via configuration
2026-09-18 16:57:06 INFO  [room-creation,traceId=,spanId=] [AsyncResolver-bootstrap-executor-%d] c.n.d.s.r.aws.ConfigClusterResolver - Resolving eureka endpoints via configuration
2026-09-18 17:02:06 INFO  [room-creation,traceId=,spanId=] [AsyncResolver-bootstrap-executor-%d] c.n.d.s.r.aws.ConfigClusterResolver - Resolving eureka endpoints via configuration
2026-09-18 17:05:34 INFO  [room-creation,traceId=,spanId=] [MessageBroker-1] o.s.w.s.c.WebSocketMessageBrokerStats - WebSocketSession[0 current WS(0)-HttpStream(0)-HttpPoll(0), 0 total, 0 closed abnormally (0 connect failure, 0 send limit, 0 transport error)], stompSubProtocol[processed CONNECT(0)-CONNECTED(0)-DISCONNECT(0)], stompBrokerRelay[null], inboundChannel[pool size = 0, active threads = 0, queued tasks = 0, completed tasks = 0], outboundChannel[pool size = 0, active threads = 0, queued tasks = 0, completed tasks = 0], sockJsScheduler[pool size = 4, active threads = 1, queued tasks = 1, completed tasks = 935]
2026-09-18 17:07:06 INFO  [room-creation,traceId=,spanId=] [AsyncResolver-bootstrap-executor-%d] c.n.d.s.r.aws.ConfigClusterResolver - Resolving eureka endpoints via configuration
2026-09-18 17:12:06 INFO  [room-creation,traceId=,spanId=] [AsyncResolver-bootstrap-executor-%d] c.n.d.s.r.aws.ConfigClusterResolver - Resolving eureka endpoints via configuration
