2026-09-18 00:00:25 INFO  [WEBSOCKET,traceId=6aac31c1363ea8493de873163c94ed7c,spanId=3de873163c94ed7c] [MessageBroker-2] c.s.w.service.PlayerStatusHandler - Total Online Players: 0
2026-09-18 00:00:55 INFO  [WEBSOCKET,traceId=6aac31df09e19a8c0858385bb2d16ba3,spanId=0858385bb2d16ba3] [MessageBroker-2] c.s.w.service.PlayerStatusHandler - Total Online Players: 0
2026-09-18 00:01:25 INFO  [WEBSOCKET,traceId=6aac31fd5b8863434e1742ada58bcd96,spanId=4e1742ada58bcd96] [MessageBroker-2] c.s.w.service.PlayerStatusHandler - Total Online Players: 0
2026-09-18 00:01:32 INFO  [WEBSOCKET,traceId=,spanId=] [AsyncResolver-bootstrap-executor-%d] c.n.d.s.r.aws.ConfigClusterResolver - Resolving eureka endpoints via configuration
2026-09-18 00:01:55 INFO  [WEBSOCKET,traceId=6aac321b0d2e5c590f5ea0a006fa554a,spanId=0f5ea0a006fa554a] [MessageBroker-1] c.s.w.service.PlayerStatusHandler - Total Online Players: 0
2026-09-18 00:02:25 INFO  [WEBSOCKET,traceId=6aac3239ae89784eed6374deabbde3fd,spanId=ed6374deabbde3fd] [MessageBroker-1] c.s.w.service.PlayerStatusHandler - Total Online Players: 0
2026-09-18 00:02:55 INFO  [WEBSOCKET,traceId=6aac3257901f3da26dc4933249711b41,spanId=6dc4933249711b41] [MessageBroker-4] c.s.w.service.PlayerStatusHandler - Total Online Players: 0
2026-09-18 00:03:05 INFO  [WEBSOCKET,traceId=,spanId=] [http-nio-7080-exec-10] c.s.w.service.PlayerStatusHandler - Incoming WebSocket URI: ws://192.168.1.9:7080/ws/player-status?token=eyJhbGciOiJIUzI1NiJ9.eyJzdWIiOiI5MDAzNDU2MzQ5IiwiaXNzIjoic2FkZXRlY2gtcnVtbXkiLCJyb2xlcyI6WyJVU0VSIl0sInBsYXllcklkIjoiNmEwNDk0NGMxNmFkMjUwMGRjMDhlMGE3IiwiaWF0IjoxNzg5NjU0NDA5LCJleHAiOjE3ODk3NDA4MDl9.kfs4uSDygRgIZQk9Bqb60rmAMDJWhn2dQdnOsZKsc8M
2026-09-18 00:03:05 INFO  [WEBSOCKET,traceId=,spanId=] [http-nio-7080-exec-10] c.s.w.service.PlayerStatusHandler - Extracted Token: eyJhbGciOiJIUzI1NiJ9.eyJzdWIiOiI5MDAzNDU2MzQ5IiwiaXNzIjoic2FkZXRlY2gtcnVtbXkiLCJyb2xlcyI6WyJVU0VSIl0sInBsYXllcklkIjoiNmEwNDk0NGMxNmFkMjUwMGRjMDhlMGE3IiwiaWF0IjoxNzg5NjU0NDA5LCJleHAiOjE3ODk3NDA4MDl9.kfs4uSDygRgIZQk9Bqb60rmAMDJWhn2dQdnOsZKsc8M
2026-09-18 00:03:05 INFO  [WEBSOCKET,traceId=,spanId=] [http-nio-7080-exec-10] com.sadetech.websocket.util.JwtUtil - Attempting to validate token...
2026-09-18 00:03:05 INFO  [WEBSOCKET,traceId=,spanId=] [http-nio-7080-exec-10] com.sadetech.websocket.util.JwtUtil - Token validated successfully: {sub=9003456349, iss=sadetech-rummy, roles=[USER], playerId=6a04944c16ad2500dc08e0a7, iat=1789654409, exp=1789740809}
2026-09-18 00:03:05 INFO  [WEBSOCKET,traceId=,spanId=] [http-nio-7080-exec-10] c.s.w.service.PlayerStatusHandler - Player 9003456349 successfully connected
2026-09-18 00:03:05 INFO  [WEBSOCKET,traceId=,spanId=] [http-nio-7080-exec-10] c.s.w.service.PlayerStatusHandler - Player 9003456349 is online, last ping time: 1789669985456
2026-09-18 00:03:05 INFO  [WEBSOCKET,traceId=,spanId=] [http-nio-7080-exec-10] c.s.w.service.PlayerStatusHandler - Total Online Players: 1
2026-09-18 00:03:05 INFO  [WEBSOCKET,traceId=,spanId=] [http-nio-7080-exec-2] c.s.w.service.PlayerStatusHandler - Received message: {"type":"JOINED","roomId":"6aac32602fc30302e91c7a36","clientId":"client-6tc78ynd","timestamp":"2026-09-17T18:33:05.001Z"}
2026-09-18 00:03:05 INFO  [WEBSOCKET,traceId=,spanId=] [http-nio-7080-exec-2] c.s.w.service.PlayerStatusHandler - Received JOINED message from client for room setup.
2026-09-18 00:03:05 INFO  [WEBSOCKET,traceId=,spanId=] [http-nio-7080-exec-2] com.sadetech.websocket.util.JwtUtil - Attempting to validate token...
2026-09-18 00:03:05 INFO  [WEBSOCKET,traceId=,spanId=] [http-nio-7080-exec-2] com.sadetech.websocket.util.JwtUtil - Token validated successfully: {sub=9003456349, iss=sadetech-rummy, roles=[USER], playerId=6a04944c16ad2500dc08e0a7, iat=1789654409, exp=1789740809}
2026-09-18 00:03:06 INFO  [WEBSOCKET,traceId=,spanId=] [http-nio-7080-exec-9] c.s.w.service.PlayerStatusHandler - Incoming WebSocket URI: ws://192.168.1.9:7080/ws/player-status?token=eyJhbGciOiJIUzI1NiJ9.eyJzdWIiOiI5ODc2NTQzMjEwIiwiaXNzIjoic2FkZXRlY2gtcnVtbXkiLCJyb2xlcyI6WyJVU0VSIl0sInBsYXllcklkIjoiNjlmMjQ0Yjk1ZTNkYmMxOWE5ZTdkYzM5IiwiaWF0IjoxNzg5NjU0MjU5LCJleHAiOjE3ODk3NDA2NTl9.YOYZ8kbbQhwcip_ZUdgOewtj0W7ocyzVSl65D_mL88I
2026-09-18 00:03:06 INFO  [WEBSOCKET,traceId=,spanId=] [http-nio-7080-exec-9] c.s.w.service.PlayerStatusHandler - Extracted Token: eyJhbGciOiJIUzI1NiJ9.eyJzdWIiOiI5ODc2NTQzMjEwIiwiaXNzIjoic2FkZXRlY2gtcnVtbXkiLCJyb2xlcyI6WyJVU0VSIl0sInBsYXllcklkIjoiNjlmMjQ0Yjk1ZTNkYmMxOWE5ZTdkYzM5IiwiaWF0IjoxNzg5NjU0MjU5LCJleHAiOjE3ODk3NDA2NTl9.YOYZ8kbbQhwcip_ZUdgOewtj0W7ocyzVSl65D_mL88I
2026-09-18 00:03:06 INFO  [WEBSOCKET,traceId=,spanId=] [http-nio-7080-exec-9] com.sadetech.websocket.util.JwtUtil - Attempting to validate token...
2026-09-18 00:03:06 INFO  [WEBSOCKET,traceId=,spanId=] [http-nio-7080-exec-9] com.sadetech.websocket.util.JwtUtil - Token validated successfully: {sub=9876543210, iss=sadetech-rummy, roles=[USER], playerId=69f244b95e3dbc19a9e7dc39, iat=1789654259, exp=1789740659}
2026-09-18 00:03:06 INFO  [WEBSOCKET,traceId=,spanId=] [http-nio-7080-exec-9] c.s.w.service.PlayerStatusHandler - Player 9876543210 successfully connected
2026-09-18 00:03:06 INFO  [WEBSOCKET,traceId=,spanId=] [http-nio-7080-exec-9] c.s.w.service.PlayerStatusHandler - Player 9876543210 is online, last ping time: 1789669986647
2026-09-18 00:03:06 INFO  [WEBSOCKET,traceId=,spanId=] [http-nio-7080-exec-9] c.s.w.service.PlayerStatusHandler - Player 9003456349 is online, last ping time: 1789669985547
2026-09-18 00:03:06 INFO  [WEBSOCKET,traceId=,spanId=] [http-nio-7080-exec-9] c.s.w.service.PlayerStatusHandler - Total Online Players: 2
2026-09-18 00:03:06 INFO  [WEBSOCKET,traceId=,spanId=] [http-nio-7080-exec-1] c.s.w.service.PlayerStatusHandler - Received message: {"type":"JOINED","roomId":"6aac32602fc30302e91c7a36","clientId":"client-f4nge8me","timestamp":"2026-09-17T18:33:06.788Z"}
2026-09-18 00:03:06 INFO  [WEBSOCKET,traceId=,spanId=] [http-nio-7080-exec-1] c.s.w.service.PlayerStatusHandler - Received JOINED message from client for room setup.
2026-09-18 00:03:06 INFO  [WEBSOCKET,traceId=,spanId=] [http-nio-7080-exec-1] com.sadetech.websocket.util.JwtUtil - Attempting to validate token...
2026-09-18 00:03:06 INFO  [WEBSOCKET,traceId=,spanId=] [http-nio-7080-exec-1] com.sadetech.websocket.util.JwtUtil - Token validated successfully: {sub=9876543210, iss=sadetech-rummy, roles=[USER], playerId=69f244b95e3dbc19a9e7dc39, iat=1789654259, exp=1789740659}
2026-09-18 00:03:25 INFO  [WEBSOCKET,traceId=6aac327566e534a6f44f030c54891ebf,spanId=f44f030c54891ebf] [MessageBroker-4] c.s.w.service.PlayerStatusHandler - Player 9876543210 is online, last ping time: 1789669986754
2026-09-18 00:03:25 INFO  [WEBSOCKET,traceId=6aac327566e534a6f44f030c54891ebf,spanId=f44f030c54891ebf] [MessageBroker-4] c.s.w.service.PlayerStatusHandler - Player 9003456349 is online, last ping time: 1789669985547
2026-09-18 00:03:25 INFO  [WEBSOCKET,traceId=6aac327566e534a6f44f030c54891ebf,spanId=f44f030c54891ebf] [MessageBroker-4] c.s.w.service.PlayerStatusHandler - Total Online Players: 2
2026-09-18 00:03:41 INFO  [WEBSOCKET,traceId=,spanId=] [http-nio-7080-exec-4] c.s.w.service.PlayerStatusHandler - WebSocket session closed: ed2707aa-22d5-0140-baec-e58b20e63119
2026-09-18 00:03:41 INFO  [WEBSOCKET,traceId=,spanId=] [http-nio-7080-exec-4] c.s.w.service.PlayerStatusHandler - Removing player 9003456349 from online pool upon leaving
2026-09-18 00:03:41 INFO  [WEBSOCKET,traceId=,spanId=] [http-nio-7080-exec-4] c.s.w.service.PlayerStatusHandler - Player 9876543210 is online, last ping time: 1789669986754
2026-09-18 00:03:41 INFO  [WEBSOCKET,traceId=,spanId=] [http-nio-7080-exec-4] c.s.w.service.PlayerStatusHandler - Total Online Players: 1
2026-09-18 00:03:41 INFO  [WEBSOCKET,traceId=,spanId=] [http-nio-7080-exec-5] c.s.w.service.PlayerStatusHandler - WebSocket session closed: 27c65857-f765-d4fc-454f-360bc3f94de4
2026-09-18 00:03:41 INFO  [WEBSOCKET,traceId=,spanId=] [http-nio-7080-exec-5] c.s.w.service.PlayerStatusHandler - Removing player 9876543210 from online pool upon leaving
2026-09-18 00:03:41 INFO  [WEBSOCKET,traceId=,spanId=] [http-nio-7080-exec-5] c.s.w.service.PlayerStatusHandler - Total Online Players: 0
2026-09-18 00:03:55 INFO  [WEBSOCKET,traceId=6aac3293fd86358f440834ea67bcadea,spanId=440834ea67bcadea] [MessageBroker-4] c.s.w.service.PlayerStatusHandler - Total Online Players: 0
2026-09-18 00:04:10 INFO  [WEBSOCKET,traceId=,spanId=] [http-nio-7080-exec-6] c.s.w.service.PlayerStatusHandler - Incoming WebSocket URI: ws://192.168.1.9:7080/ws/player-status?token=eyJhbGciOiJIUzI1NiJ9.eyJzdWIiOiI5ODc2NTQzMjEwIiwiaXNzIjoic2FkZXRlY2gtcnVtbXkiLCJyb2xlcyI6WyJVU0VSIl0sInBsYXllcklkIjoiNjlmMjQ0Yjk1ZTNkYmMxOWE5ZTdkYzM5IiwiaWF0IjoxNzg5NjU0MjU5LCJleHAiOjE3ODk3NDA2NTl9.YOYZ8kbbQhwcip_ZUdgOewtj0W7ocyzVSl65D_mL88I
2026-09-18 00:04:10 INFO  [WEBSOCKET,traceId=,spanId=] [http-nio-7080-exec-6] c.s.w.service.PlayerStatusHandler - Extracted Token: eyJhbGciOiJIUzI1NiJ9.eyJzdWIiOiI5ODc2NTQzMjEwIiwiaXNzIjoic2FkZXRlY2gtcnVtbXkiLCJyb2xlcyI6WyJVU0VSIl0sInBsYXllcklkIjoiNjlmMjQ0Yjk1ZTNkYmMxOWE5ZTdkYzM5IiwiaWF0IjoxNzg5NjU0MjU5LCJleHAiOjE3ODk3NDA2NTl9.YOYZ8kbbQhwcip_ZUdgOewtj0W7ocyzVSl65D_mL88I
2026-09-18 00:04:10 INFO  [WEBSOCKET,traceId=,spanId=] [http-nio-7080-exec-6] com.sadetech.websocket.util.JwtUtil - Attempting to validate token...
2026-09-18 00:04:10 INFO  [WEBSOCKET,traceId=,spanId=] [http-nio-7080-exec-6] com.sadetech.websocket.util.JwtUtil - Token validated successfully: {sub=9876543210, iss=sadetech-rummy, roles=[USER], playerId=69f244b95e3dbc19a9e7dc39, iat=1789654259, exp=1789740659}
2026-09-18 00:04:10 INFO  [WEBSOCKET,traceId=,spanId=] [http-nio-7080-exec-6] c.s.w.service.PlayerStatusHandler - Player 9876543210 successfully connected
2026-09-18 00:04:10 INFO  [WEBSOCKET,traceId=,spanId=] [http-nio-7080-exec-6] c.s.w.service.PlayerStatusHandler - Player 9876543210 is online, last ping time: 1789670050160
2026-09-18 00:04:10 INFO  [WEBSOCKET,traceId=,spanId=] [http-nio-7080-exec-6] c.s.w.service.PlayerStatusHandler - Total Online Players: 1
2026-09-18 00:04:10 INFO  [WEBSOCKET,traceId=,spanId=] [http-nio-7080-exec-7] c.s.w.service.PlayerStatusHandler - Received message: {"type":"JOINED","roomId":"6aac32a12fc30302e91c7a37","clientId":"client-ujtg6vx6","timestamp":"2026-09-17T18:34:10.286Z"}
2026-09-18 00:04:10 INFO  [WEBSOCKET,traceId=,spanId=] [http-nio-7080-exec-7] c.s.w.service.PlayerStatusHandler - Received JOINED message from client for room setup.
2026-09-18 00:04:10 INFO  [WEBSOCKET,traceId=,spanId=] [http-nio-7080-exec-7] com.sadetech.websocket.util.JwtUtil - Attempting to validate token...
2026-09-18 00:04:10 INFO  [WEBSOCKET,traceId=,spanId=] [http-nio-7080-exec-7] com.sadetech.websocket.util.JwtUtil - Token validated successfully: {sub=9876543210, iss=sadetech-rummy, roles=[USER], playerId=69f244b95e3dbc19a9e7dc39, iat=1789654259, exp=1789740659}
2026-09-18 00:04:10 INFO  [WEBSOCKET,traceId=,spanId=] [http-nio-7080-exec-8] c.s.w.service.PlayerStatusHandler - Incoming WebSocket URI: ws://192.168.1.9:7080/ws/player-status?token=eyJhbGciOiJIUzI1NiJ9.eyJzdWIiOiI5MDAzNDU2MzQ5IiwiaXNzIjoic2FkZXRlY2gtcnVtbXkiLCJyb2xlcyI6WyJVU0VSIl0sInBsYXllcklkIjoiNmEwNDk0NGMxNmFkMjUwMGRjMDhlMGE3IiwiaWF0IjoxNzg5NjU0NDA5LCJleHAiOjE3ODk3NDA4MDl9.kfs4uSDygRgIZQk9Bqb60rmAMDJWhn2dQdnOsZKsc8M
2026-09-18 00:04:10 INFO  [WEBSOCKET,traceId=,spanId=] [http-nio-7080-exec-8] c.s.w.service.PlayerStatusHandler - Extracted Token: eyJhbGciOiJIUzI1NiJ9.eyJzdWIiOiI5MDAzNDU2MzQ5IiwiaXNzIjoic2FkZXRlY2gtcnVtbXkiLCJyb2xlcyI6WyJVU0VSIl0sInBsYXllcklkIjoiNmEwNDk0NGMxNmFkMjUwMGRjMDhlMGE3IiwiaWF0IjoxNzg5NjU0NDA5LCJleHAiOjE3ODk3NDA4MDl9.kfs4uSDygRgIZQk9Bqb60rmAMDJWhn2dQdnOsZKsc8M
2026-09-18 00:04:10 INFO  [WEBSOCKET,traceId=,spanId=] [http-nio-7080-exec-8] com.sadetech.websocket.util.JwtUtil - Attempting to validate token...
2026-09-18 00:04:10 INFO  [WEBSOCKET,traceId=,spanId=] [http-nio-7080-exec-8] com.sadetech.websocket.util.JwtUtil - Token validated successfully: {sub=9003456349, iss=sadetech-rummy, roles=[USER], playerId=6a04944c16ad2500dc08e0a7, iat=1789654409, exp=1789740809}
2026-09-18 00:04:10 INFO  [WEBSOCKET,traceId=,spanId=] [http-nio-7080-exec-8] c.s.w.service.PlayerStatusHandler - Player 9003456349 successfully connected
2026-09-18 00:04:10 INFO  [WEBSOCKET,traceId=,spanId=] [http-nio-7080-exec-8] c.s.w.service.PlayerStatusHandler - Player 9876543210 is online, last ping time: 1789670050248
2026-09-18 00:04:10 INFO  [WEBSOCKET,traceId=,spanId=] [http-nio-7080-exec-8] c.s.w.service.PlayerStatusHandler - Player 9003456349 is online, last ping time: 1789670050969
2026-09-18 00:04:10 INFO  [WEBSOCKET,traceId=,spanId=] [http-nio-7080-exec-8] c.s.w.service.PlayerStatusHandler - Total Online Players: 2
2026-09-18 00:04:11 INFO  [WEBSOCKET,traceId=,spanId=] [http-nio-7080-exec-10] c.s.w.service.PlayerStatusHandler - Received message: {"type":"JOINED","roomId":"6aac32a12fc30302e91c7a37","clientId":"client-hpzb6j9t","timestamp":"2026-09-17T18:34:10.534Z"}
2026-09-18 00:04:11 INFO  [WEBSOCKET,traceId=,spanId=] [http-nio-7080-exec-10] c.s.w.service.PlayerStatusHandler - Received JOINED message from client for room setup.
2026-09-18 00:04:11 INFO  [WEBSOCKET,traceId=,spanId=] [http-nio-7080-exec-10] com.sadetech.websocket.util.JwtUtil - Attempting to validate token...
2026-09-18 00:04:11 INFO  [WEBSOCKET,traceId=,spanId=] [http-nio-7080-exec-10] com.sadetech.websocket.util.JwtUtil - Token validated successfully: {sub=9003456349, iss=sadetech-rummy, roles=[USER], playerId=6a04944c16ad2500dc08e0a7, iat=1789654409, exp=1789740809}
2026-09-18 00:04:25 INFO  [WEBSOCKET,traceId=6aac32b1531ec1823c0edf092154bace,spanId=3c0edf092154bace] [MessageBroker-4] c.s.w.service.PlayerStatusHandler - Player 9876543210 is online, last ping time: 1789670050248
2026-09-18 00:04:25 INFO  [WEBSOCKET,traceId=6aac32b1531ec1823c0edf092154bace,spanId=3c0edf092154bace] [MessageBroker-4] c.s.w.service.PlayerStatusHandler - Player 9003456349 is online, last ping time: 1789670051082
2026-09-18 00:04:25 INFO  [WEBSOCKET,traceId=6aac32b1531ec1823c0edf092154bace,spanId=3c0edf092154bace] [MessageBroker-4] c.s.w.service.PlayerStatusHandler - Total Online Players: 2
2026-09-18 00:04:55 INFO  [WEBSOCKET,traceId=6aac32cf4258fd5e3c408f31bb921b76,spanId=3c408f31bb921b76] [MessageBroker-2] c.s.w.service.PlayerStatusHandler - Player 9876543210 is online, last ping time: 1789670050248
2026-09-18 00:04:55 INFO  [WEBSOCKET,traceId=6aac32cf4258fd5e3c408f31bb921b76,spanId=3c408f31bb921b76] [MessageBroker-2] c.s.w.service.PlayerStatusHandler - Player 9003456349 is online, last ping time: 1789670051082
2026-09-18 00:04:55 INFO  [WEBSOCKET,traceId=6aac32cf4258fd5e3c408f31bb921b76,spanId=3c408f31bb921b76] [MessageBroker-2] c.s.w.service.PlayerStatusHandler - Total Online Players: 2
2026-09-18 00:05:25 INFO  [WEBSOCKET,traceId=6aac32ed681d2a7bbab63a177e67a67b,spanId=bab63a177e67a67b] [MessageBroker-2] c.s.w.service.PlayerStatusHandler - Player 9876543210 is online, last ping time: 1789670050248
2026-09-18 00:05:25 INFO  [WEBSOCKET,traceId=6aac32ed681d2a7bbab63a177e67a67b,spanId=bab63a177e67a67b] [MessageBroker-2] c.s.w.service.PlayerStatusHandler - Player 9003456349 is online, last ping time: 1789670051082
2026-09-18 00:05:25 INFO  [WEBSOCKET,traceId=6aac32ed681d2a7bbab63a177e67a67b,spanId=bab63a177e67a67b] [MessageBroker-2] c.s.w.service.PlayerStatusHandler - Total Online Players: 2
2026-09-18 00:05:55 INFO  [WEBSOCKET,traceId=6aac330b1a537e91b891016b23a50a52,spanId=b891016b23a50a52] [MessageBroker-1] c.s.w.service.PlayerStatusHandler - Player 9876543210 is online, last ping time: 1789670050248
2026-09-18 00:05:55 INFO  [WEBSOCKET,traceId=6aac330b1a537e91b891016b23a50a52,spanId=b891016b23a50a52] [MessageBroker-1] c.s.w.service.PlayerStatusHandler - Player 9003456349 is online, last ping time: 1789670051082
2026-09-18 00:05:55 INFO  [WEBSOCKET,traceId=6aac330b1a537e91b891016b23a50a52,spanId=b891016b23a50a52] [MessageBroker-1] c.s.w.service.PlayerStatusHandler - Total Online Players: 2
2026-09-18 00:06:25 INFO  [WEBSOCKET,traceId=6aac332971b8e308fe87f34d715e42b8,spanId=fe87f34d715e42b8] [MessageBroker-4] c.s.w.service.PlayerStatusHandler - Player 9876543210 is online, last ping time: 1789670050248
2026-09-18 00:06:25 INFO  [WEBSOCKET,traceId=6aac332971b8e308fe87f34d715e42b8,spanId=fe87f34d715e42b8] [MessageBroker-4] c.s.w.service.PlayerStatusHandler - Player 9003456349 is online, last ping time: 1789670051082
2026-09-18 00:06:25 INFO  [WEBSOCKET,traceId=6aac332971b8e308fe87f34d715e42b8,spanId=fe87f34d715e42b8] [MessageBroker-4] c.s.w.service.PlayerStatusHandler - Total Online Players: 2
2026-09-18 00:06:32 INFO  [WEBSOCKET,traceId=,spanId=] [AsyncResolver-bootstrap-executor-%d] c.n.d.s.r.aws.ConfigClusterResolver - Resolving eureka endpoints via configuration
2026-09-18 00:06:55 INFO  [WEBSOCKET,traceId=6aac3347755fe2ae2f96c9eac5b13692,spanId=2f96c9eac5b13692] [MessageBroker-4] c.s.w.service.PlayerStatusHandler - Player 9876543210 is online, last ping time: 1789670050248
2026-09-18 00:06:55 INFO  [WEBSOCKET,traceId=6aac3347755fe2ae2f96c9eac5b13692,spanId=2f96c9eac5b13692] [MessageBroker-4] c.s.w.service.PlayerStatusHandler - Player 9003456349 is online, last ping time: 1789670051082
2026-09-18 00:06:55 INFO  [WEBSOCKET,traceId=6aac3347755fe2ae2f96c9eac5b13692,spanId=2f96c9eac5b13692] [MessageBroker-4] c.s.w.service.PlayerStatusHandler - Total Online Players: 2
2026-09-18 00:07:13 INFO  [WEBSOCKET,traceId=,spanId=] [http-nio-7080-exec-3] c.s.w.service.PlayerStatusHandler - WebSocket session closed: 1c8f4d9a-c636-996d-23f6-dae0c85ee11d
2026-09-18 00:07:13 INFO  [WEBSOCKET,traceId=,spanId=] [http-nio-7080-exec-3] c.s.w.service.PlayerStatusHandler - Removing player 9003456349 from online pool upon leaving
2026-09-18 00:07:13 INFO  [WEBSOCKET,traceId=,spanId=] [http-nio-7080-exec-3] c.s.w.service.PlayerStatusHandler - Player 9876543210 is online, last ping time: 1789670050248
2026-09-18 00:07:13 INFO  [WEBSOCKET,traceId=,spanId=] [http-nio-7080-exec-3] c.s.w.service.PlayerStatusHandler - Total Online Players: 1
2026-09-18 00:07:15 INFO  [WEBSOCKET,traceId=,spanId=] [http-nio-7080-exec-4] c.s.w.service.PlayerStatusHandler - WebSocket session closed: db047ed2-e4e3-9c13-7188-30ed7b0eab9d
2026-09-18 00:07:15 INFO  [WEBSOCKET,traceId=,spanId=] [http-nio-7080-exec-4] c.s.w.service.PlayerStatusHandler - Removing player 9876543210 from online pool upon leaving
2026-09-18 00:07:15 INFO  [WEBSOCKET,traceId=,spanId=] [http-nio-7080-exec-4] c.s.w.service.PlayerStatusHandler - Total Online Players: 0
2026-09-18 00:07:25 INFO  [WEBSOCKET,traceId=6aac33657d669bb159249047d89f0788,spanId=59249047d89f0788] [MessageBroker-4] c.s.w.service.PlayerStatusHandler - Total Online Players: 0
2026-09-18 00:07:55 INFO  [WEBSOCKET,traceId=6aac33833cb76e899607882a7fb8a910,spanId=9607882a7fb8a910] [MessageBroker-1] c.s.w.service.PlayerStatusHandler - Total Online Players: 0
2026-09-18 00:08:25 INFO  [WEBSOCKET,traceId=6aac33a1bc9e220de7e51481a9faa0a0,spanId=e7e51481a9faa0a0] [MessageBroker-1] c.s.w.service.PlayerStatusHandler - Total Online Players: 0
2026-09-18 00:08:55 INFO  [WEBSOCKET,traceId=6aac33bfdfc6d3e561a83a4cbf38b4fa,spanId=61a83a4cbf38b4fa] [MessageBroker-1] c.s.w.service.PlayerStatusHandler - Total Online Players: 0
2026-09-18 00:08:58 INFO  [WEBSOCKET,traceId=,spanId=] [http-nio-7080-exec-5] c.s.w.service.PlayerStatusHandler - Incoming WebSocket URI: ws://192.168.1.9:7080/ws/player-status?token=eyJhbGciOiJIUzI1NiJ9.eyJzdWIiOiI5ODc2NTQzMjEwIiwiaXNzIjoic2FkZXRlY2gtcnVtbXkiLCJyb2xlcyI6WyJVU0VSIl0sInBsYXllcklkIjoiNjlmMjQ0Yjk1ZTNkYmMxOWE5ZTdkYzM5IiwiaWF0IjoxNzg5NjU0MjU5LCJleHAiOjE3ODk3NDA2NTl9.YOYZ8kbbQhwcip_ZUdgOewtj0W7ocyzVSl65D_mL88I
2026-09-18 00:08:58 INFO  [WEBSOCKET,traceId=,spanId=] [http-nio-7080-exec-5] c.s.w.service.PlayerStatusHandler - Extracted Token: eyJhbGciOiJIUzI1NiJ9.eyJzdWIiOiI5ODc2NTQzMjEwIiwiaXNzIjoic2FkZXRlY2gtcnVtbXkiLCJyb2xlcyI6WyJVU0VSIl0sInBsYXllcklkIjoiNjlmMjQ0Yjk1ZTNkYmMxOWE5ZTdkYzM5IiwiaWF0IjoxNzg5NjU0MjU5LCJleHAiOjE3ODk3NDA2NTl9.YOYZ8kbbQhwcip_ZUdgOewtj0W7ocyzVSl65D_mL88I
2026-09-18 00:08:58 INFO  [WEBSOCKET,traceId=,spanId=] [http-nio-7080-exec-5] com.sadetech.websocket.util.JwtUtil - Attempting to validate token...
2026-09-18 00:08:58 INFO  [WEBSOCKET,traceId=,spanId=] [http-nio-7080-exec-5] com.sadetech.websocket.util.JwtUtil - Token validated successfully: {sub=9876543210, iss=sadetech-rummy, roles=[USER], playerId=69f244b95e3dbc19a9e7dc39, iat=1789654259, exp=1789740659}
2026-09-18 00:08:58 INFO  [WEBSOCKET,traceId=,spanId=] [http-nio-7080-exec-5] c.s.w.service.PlayerStatusHandler - Player 9876543210 successfully connected
2026-09-18 00:08:58 INFO  [WEBSOCKET,traceId=,spanId=] [http-nio-7080-exec-5] c.s.w.service.PlayerStatusHandler - Player 9876543210 is online, last ping time: 1789670338058
2026-09-18 00:08:58 INFO  [WEBSOCKET,traceId=,spanId=] [http-nio-7080-exec-5] c.s.w.service.PlayerStatusHandler - Total Online Players: 1
2026-09-18 00:08:58 INFO  [WEBSOCKET,traceId=,spanId=] [http-nio-7080-exec-6] c.s.w.service.PlayerStatusHandler - Received message: {"type":"JOINED","roomId":"6aac33c12fc30302e91c7a38","clientId":"client-98w0j8sv","timestamp":"2026-09-17T18:38:58.261Z"}
2026-09-18 00:08:58 INFO  [WEBSOCKET,traceId=,spanId=] [http-nio-7080-exec-6] c.s.w.service.PlayerStatusHandler - Received JOINED message from client for room setup.
2026-09-18 00:08:58 INFO  [WEBSOCKET,traceId=,spanId=] [http-nio-7080-exec-6] com.sadetech.websocket.util.JwtUtil - Attempting to validate token...
2026-09-18 00:08:58 INFO  [WEBSOCKET,traceId=,spanId=] [http-nio-7080-exec-6] com.sadetech.websocket.util.JwtUtil - Token validated successfully: {sub=9876543210, iss=sadetech-rummy, roles=[USER], playerId=69f244b95e3dbc19a9e7dc39, iat=1789654259, exp=1789740659}
2026-09-18 00:08:58 INFO  [WEBSOCKET,traceId=,spanId=] [http-nio-7080-exec-7] c.s.w.service.PlayerStatusHandler - Incoming WebSocket URI: ws://192.168.1.9:7080/ws/player-status?token=eyJhbGciOiJIUzI1NiJ9.eyJzdWIiOiI5MDAzNDU2MzQ5IiwiaXNzIjoic2FkZXRlY2gtcnVtbXkiLCJyb2xlcyI6WyJVU0VSIl0sInBsYXllcklkIjoiNmEwNDk0NGMxNmFkMjUwMGRjMDhlMGE3IiwiaWF0IjoxNzg5NjU0NDA5LCJleHAiOjE3ODk3NDA4MDl9.kfs4uSDygRgIZQk9Bqb60rmAMDJWhn2dQdnOsZKsc8M
2026-09-18 00:08:58 INFO  [WEBSOCKET,traceId=,spanId=] [http-nio-7080-exec-7] c.s.w.service.PlayerStatusHandler - Extracted Token: eyJhbGciOiJIUzI1NiJ9.eyJzdWIiOiI5MDAzNDU2MzQ5IiwiaXNzIjoic2FkZXRlY2gtcnVtbXkiLCJyb2xlcyI6WyJVU0VSIl0sInBsYXllcklkIjoiNmEwNDk0NGMxNmFkMjUwMGRjMDhlMGE3IiwiaWF0IjoxNzg5NjU0NDA5LCJleHAiOjE3ODk3NDA4MDl9.kfs4uSDygRgIZQk9Bqb60rmAMDJWhn2dQdnOsZKsc8M
2026-09-18 00:08:58 INFO  [WEBSOCKET,traceId=,spanId=] [http-nio-7080-exec-7] com.sadetech.websocket.util.JwtUtil - Attempting to validate token...
2026-09-18 00:08:58 INFO  [WEBSOCKET,traceId=,spanId=] [http-nio-7080-exec-7] com.sadetech.websocket.util.JwtUtil - Token validated successfully: {sub=9003456349, iss=sadetech-rummy, roles=[USER], playerId=6a04944c16ad2500dc08e0a7, iat=1789654409, exp=1789740809}
2026-09-18 00:08:58 INFO  [WEBSOCKET,traceId=,spanId=] [http-nio-7080-exec-7] c.s.w.service.PlayerStatusHandler - Player 9003456349 successfully connected
2026-09-18 00:08:58 INFO  [WEBSOCKET,traceId=,spanId=] [http-nio-7080-exec-7] c.s.w.service.PlayerStatusHandler - Player 9876543210 is online, last ping time: 1789670338222
2026-09-18 00:08:58 INFO  [WEBSOCKET,traceId=,spanId=] [http-nio-7080-exec-7] c.s.w.service.PlayerStatusHandler - Player 9003456349 is online, last ping time: 1789670338611
2026-09-18 00:08:58 INFO  [WEBSOCKET,traceId=,spanId=] [http-nio-7080-exec-7] c.s.w.service.PlayerStatusHandler - Total Online Players: 2
2026-09-18 00:08:58 INFO  [WEBSOCKET,traceId=,spanId=] [http-nio-7080-exec-8] c.s.w.service.PlayerStatusHandler - Received message: {"type":"JOINED","roomId":"6aac33c12fc30302e91c7a38","clientId":"client-99h42irg","timestamp":"2026-09-17T18:38:58.168Z"}
2026-09-18 00:08:58 INFO  [WEBSOCKET,traceId=,spanId=] [http-nio-7080-exec-8] c.s.w.service.PlayerStatusHandler - Received JOINED message from client for room setup.
2026-09-18 00:08:58 INFO  [WEBSOCKET,traceId=,spanId=] [http-nio-7080-exec-8] com.sadetech.websocket.util.JwtUtil - Attempting to validate token...
2026-09-18 00:08:58 INFO  [WEBSOCKET,traceId=,spanId=] [http-nio-7080-exec-8] com.sadetech.websocket.util.JwtUtil - Token validated successfully: {sub=9003456349, iss=sadetech-rummy, roles=[USER], playerId=6a04944c16ad2500dc08e0a7, iat=1789654409, exp=1789740809}
2026-09-18 00:09:25 INFO  [WEBSOCKET,traceId=6aac33ddbbd39ef4fa6b20bada0c745e,spanId=fa6b20bada0c745e] [MessageBroker-1] c.s.w.service.PlayerStatusHandler - Player 9876543210 is online, last ping time: 1789670338222
2026-09-18 00:09:25 INFO  [WEBSOCKET,traceId=6aac33ddbbd39ef4fa6b20bada0c745e,spanId=fa6b20bada0c745e] [MessageBroker-1] c.s.w.service.PlayerStatusHandler - Player 9003456349 is online, last ping time: 1789670338704
2026-09-18 00:09:25 INFO  [WEBSOCKET,traceId=6aac33ddbbd39ef4fa6b20bada0c745e,spanId=fa6b20bada0c745e] [MessageBroker-1] c.s.w.service.PlayerStatusHandler - Total Online Players: 2
2026-09-18 00:09:34 INFO  [WEBSOCKET,traceId=,spanId=] [http-nio-7080-exec-2] c.s.w.service.PlayerStatusHandler - WebSocket session closed: a85a0680-e2ec-e354-fe46-25de418d61b3
2026-09-18 00:09:34 INFO  [WEBSOCKET,traceId=,spanId=] [http-nio-7080-exec-2] c.s.w.service.PlayerStatusHandler - Removing player 9876543210 from online pool upon leaving
2026-09-18 00:09:34 INFO  [WEBSOCKET,traceId=,spanId=] [http-nio-7080-exec-2] c.s.w.service.PlayerStatusHandler - Player 9003456349 is online, last ping time: 1789670338704
2026-09-18 00:09:34 INFO  [WEBSOCKET,traceId=,spanId=] [http-nio-7080-exec-2] c.s.w.service.PlayerStatusHandler - Total Online Players: 1
2026-09-18 00:09:40 INFO  [WEBSOCKET,traceId=,spanId=] [http-nio-7080-exec-9] c.s.w.service.PlayerStatusHandler - WebSocket session closed: 5adfb8b1-500f-0322-f5c0-bae294a9d5db
2026-09-18 00:09:40 INFO  [WEBSOCKET,traceId=,spanId=] [http-nio-7080-exec-9] c.s.w.service.PlayerStatusHandler - Removing player 9003456349 from online pool upon leaving
2026-09-18 00:09:40 INFO  [WEBSOCKET,traceId=,spanId=] [http-nio-7080-exec-9] c.s.w.service.PlayerStatusHandler - Total Online Players: 0
2026-09-18 00:09:55 INFO  [WEBSOCKET,traceId=6aac33fbc5e9063e2fe697ea7f6a111d,spanId=2fe697ea7f6a111d] [MessageBroker-1] c.s.w.service.PlayerStatusHandler - Total Online Players: 0
2026-09-18 00:10:25 INFO  [WEBSOCKET,traceId=6aac3419f6e3dcc831694979506d595b,spanId=31694979506d595b] [MessageBroker-1] c.s.w.service.PlayerStatusHandler - Total Online Players: 0
2026-09-18 00:10:55 INFO  [WEBSOCKET,traceId=6aac34371a55e5f011f2e3f7f1076caa,spanId=11f2e3f7f1076caa] [MessageBroker-1] c.s.w.service.PlayerStatusHandler - Total Online Players: 0
2026-09-18 00:11:25 INFO  [WEBSOCKET,traceId=6aac34555e3f2506c6592fef5433c39e,spanId=c6592fef5433c39e] [MessageBroker-1] c.s.w.service.PlayerStatusHandler - Total Online Players: 0
2026-09-18 00:11:32 INFO  [WEBSOCKET,traceId=,spanId=] [AsyncResolver-bootstrap-executor-%d] c.n.d.s.r.aws.ConfigClusterResolver - Resolving eureka endpoints via configuration
2026-09-18 00:11:52 INFO  [WEBSOCKET,traceId=,spanId=] [cluster-ClusterId{value='6aac1d5834db5b549a8c3f89', description='Cluster0'}-ac-2s659uf-shard-00-01.pvohmlz.mongodb.net:27017] org.mongodb.driver.cluster - Exception in monitor thread while connecting to server ac-2s659uf-shard-00-01.pvohmlz.mongodb.net:27017
com.mongodb.MongoSocketReadTimeoutException: Timeout while receiving message
	at com.mongodb.internal.connection.InternalStreamConnection.createReadTimeoutException(InternalStreamConnection.java:824)
	at com.mongodb.internal.connection.InternalStreamConnection.translateReadException(InternalStreamConnection.java:812)
	at com.mongodb.internal.connection.InternalStreamConnection.receiveResponseBuffers(InternalStreamConnection.java:862)
	at com.mongodb.internal.connection.InternalStreamConnection.receiveCommandMessageResponse(InternalStreamConnection.java:517)
	at com.mongodb.internal.connection.InternalStreamConnection.receive(InternalStreamConnection.java:469)
	at com.mongodb.internal.connection.DefaultServerMonitor$ServerMonitor.lookupServerDescription(DefaultServerMonitor.java:249)
	at com.mongodb.internal.connection.DefaultServerMonitor$ServerMonitor.run(DefaultServerMonitor.java:176)
Caused by: java.net.SocketTimeoutException: Read timed out
	at java.base/sun.nio.ch.NioSocketImpl.timedRead(NioSocketImpl.java:278)
	at java.base/sun.nio.ch.NioSocketImpl.implRead(NioSocketImpl.java:304)
	at java.base/sun.nio.ch.NioSocketImpl.read(NioSocketImpl.java:346)
	at java.base/sun.nio.ch.NioSocketImpl$1.read(NioSocketImpl.java:796)
	at java.base/java.net.Socket$SocketInputStream.read(Socket.java:1099)
	at java.base/sun.security.ssl.SSLSocketInputRecord.read(SSLSocketInputRecord.java:489)
	at java.base/sun.security.ssl.SSLSocketInputRecord.readHeader(SSLSocketInputRecord.java:483)
	at java.base/sun.security.ssl.SSLSocketInputRecord.bytesInCompletePacket(SSLSocketInputRecord.java:70)
	at java.base/sun.security.ssl.SSLSocketImpl.readApplicationRecord(SSLSocketImpl.java:1461)
	at java.base/sun.security.ssl.SSLSocketImpl$AppInputStream.read(SSLSocketImpl.java:1066)
	at com.mongodb.internal.connection.SocketStream.read(SocketStream.java:182)
	at com.mongodb.internal.connection.InternalStreamConnection.receiveResponseBuffers(InternalStreamConnection.java:829)
	... 4 common frames omitted
2026-09-18 00:11:52 INFO  [WEBSOCKET,traceId=,spanId=] [cluster-ClusterId{value='6aac1d5834db5b549a8c3f89', description='Cluster0'}-ac-2s659uf-shard-00-01.pvohmlz.mongodb.net:27017] org.mongodb.driver.cluster - Exception in monitor thread while connecting to server ac-2s659uf-shard-00-01.pvohmlz.mongodb.net:27017
com.mongodb.MongoSocketException: No such host is known (ac-2s659uf-shard-00-01.pvohmlz.mongodb.net)
	at com.mongodb.internal.connection.ServerAddressHelper.getSocketAddresses(ServerAddressHelper.java:75)
	at com.mongodb.internal.connection.SocketStream.initializeSocket(SocketStream.java:100)
	at com.mongodb.internal.connection.SocketStream.open(SocketStream.java:79)
	at com.mongodb.internal.connection.InternalStreamConnection.open(InternalStreamConnection.java:233)
	at com.mongodb.internal.connection.DefaultServerMonitor$ServerMonitor.lookupServerDescription(DefaultServerMonitor.java:219)
	at com.mongodb.internal.connection.DefaultServerMonitor$ServerMonitor.run(DefaultServerMonitor.java:176)
Caused by: java.net.UnknownHostException: No such host is known (ac-2s659uf-shard-00-01.pvohmlz.mongodb.net)
	at java.base/java.net.Inet6AddressImpl.lookupAllHostAddr(Native Method)
	at java.base/java.net.Inet6AddressImpl.lookupAllHostAddr(Inet6AddressImpl.java:52)
	at java.base/java.net.InetAddress$PlatformResolver.lookupByName(InetAddress.java:1211)
	at java.base/java.net.InetAddress.getAddressesFromNameService(InetAddress.java:1828)
	at java.base/java.net.InetAddress$NameServiceAddresses.get(InetAddress.java:1139)
	at java.base/java.net.InetAddress.getAllByName0(InetAddress.java:1818)
	at java.base/java.net.InetAddress.getAllByName(InetAddress.java:1688)
	at com.mongodb.internal.connection.DefaultInetAddressResolver.lookupByName(DefaultInetAddressResolver.java:34)
	at com.mongodb.internal.connection.ServerAddressHelper.getSocketAddresses(ServerAddressHelper.java:71)
	... 5 common frames omitted
2026-09-18 01:51:16 INFO  [WEBSOCKET,traceId=,spanId=] [cluster-ClusterId{value='6aac1d5834db5b549a8c3f89', description='Cluster0'}-ac-2s659uf-shard-00-02.pvohmlz.mongodb.net:27017] org.mongodb.driver.cluster - Exception in monitor thread while connecting to server ac-2s659uf-shard-00-02.pvohmlz.mongodb.net:27017
com.mongodb.MongoSocketReadException: Exception receiving message
	at com.mongodb.internal.connection.InternalStreamConnection.translateReadException(InternalStreamConnection.java:814)
	at com.mongodb.internal.connection.InternalStreamConnection.receiveResponseBuffers(InternalStreamConnection.java:862)
	at com.mongodb.internal.connection.InternalStreamConnection.receiveCommandMessageResponse(InternalStreamConnection.java:517)
	at com.mongodb.internal.connection.InternalStreamConnection.receive(InternalStreamConnection.java:469)
	at com.mongodb.internal.connection.DefaultServerMonitor$ServerMonitor.lookupServerDescription(DefaultServerMonitor.java:249)
	at com.mongodb.internal.connection.DefaultServerMonitor$ServerMonitor.run(DefaultServerMonitor.java:176)
Caused by: java.net.SocketException: Connection reset
	at java.base/sun.nio.ch.NioSocketImpl.implRead(NioSocketImpl.java:318)
	at java.base/sun.nio.ch.NioSocketImpl.read(NioSocketImpl.java:346)
	at java.base/sun.nio.ch.NioSocketImpl$1.read(NioSocketImpl.java:796)
	at java.base/java.net.Socket$SocketInputStream.read(Socket.java:1099)
	at java.base/sun.security.ssl.SSLSocketInputRecord.read(SSLSocketInputRecord.java:489)
	at java.base/sun.security.ssl.SSLSocketInputRecord.readHeader(SSLSocketInputRecord.java:483)
	at java.base/sun.security.ssl.SSLSocketInputRecord.bytesInCompletePacket(SSLSocketInputRecord.java:70)
	at java.base/sun.security.ssl.SSLSocketImpl.readApplicationRecord(SSLSocketImpl.java:1461)
	at java.base/sun.security.ssl.SSLSocketImpl$AppInputStream.read(SSLSocketImpl.java:1066)
	at com.mongodb.internal.connection.SocketStream.read(SocketStream.java:182)
	at com.mongodb.internal.connection.InternalStreamConnection.receiveResponseBuffers(InternalStreamConnection.java:829)
	... 4 common frames omitted
2026-09-18 01:51:16 INFO  [WEBSOCKET,traceId=,spanId=] [cluster-ClusterId{value='6aac1d5834db5b549a8c3f89', description='Cluster0'}-ac-2s659uf-shard-00-00.pvohmlz.mongodb.net:27017] org.mongodb.driver.cluster - Exception in monitor thread while connecting to server ac-2s659uf-shard-00-00.pvohmlz.mongodb.net:27017
com.mongodb.MongoSocketReadException: Exception receiving message
	at com.mongodb.internal.connection.InternalStreamConnection.translateReadException(InternalStreamConnection.java:814)
	at com.mongodb.internal.connection.InternalStreamConnection.receiveResponseBuffers(InternalStreamConnection.java:862)
	at com.mongodb.internal.connection.InternalStreamConnection.receiveCommandMessageResponse(InternalStreamConnection.java:517)
	at com.mongodb.internal.connection.InternalStreamConnection.receive(InternalStreamConnection.java:469)
	at com.mongodb.internal.connection.DefaultServerMonitor$ServerMonitor.lookupServerDescription(DefaultServerMonitor.java:249)
	at com.mongodb.internal.connection.DefaultServerMonitor$ServerMonitor.run(DefaultServerMonitor.java:176)
Caused by: java.net.SocketException: Connection reset
	at java.base/sun.nio.ch.NioSocketImpl.implRead(NioSocketImpl.java:318)
	at java.base/sun.nio.ch.NioSocketImpl.read(NioSocketImpl.java:346)
	at java.base/sun.nio.ch.NioSocketImpl$1.read(NioSocketImpl.java:796)
	at java.base/java.net.Socket$SocketInputStream.read(Socket.java:1099)
	at java.base/sun.security.ssl.SSLSocketInputRecord.read(SSLSocketInputRecord.java:489)
	at java.base/sun.security.ssl.SSLSocketInputRecord.readHeader(SSLSocketInputRecord.java:483)
	at java.base/sun.security.ssl.SSLSocketInputRecord.bytesInCompletePacket(SSLSocketInputRecord.java:70)
	at java.base/sun.security.ssl.SSLSocketImpl.readApplicationRecord(SSLSocketImpl.java:1461)
	at java.base/sun.security.ssl.SSLSocketImpl$AppInputStream.read(SSLSocketImpl.java:1066)
	at com.mongodb.internal.connection.SocketStream.read(SocketStream.java:182)
	at com.mongodb.internal.connection.InternalStreamConnection.receiveResponseBuffers(InternalStreamConnection.java:829)
	... 4 common frames omitted
2026-09-18 01:51:16 INFO  [WEBSOCKET,traceId=,spanId=] [cluster-ClusterId{value='6aac1d5834db5b549a8c3f89', description='Cluster0'}-ac-2s659uf-shard-00-02.pvohmlz.mongodb.net:27017] org.mongodb.driver.cluster - Exception in monitor thread while connecting to server ac-2s659uf-shard-00-02.pvohmlz.mongodb.net:27017
com.mongodb.MongoSocketException: No such host is known (ac-2s659uf-shard-00-02.pvohmlz.mongodb.net)
	at com.mongodb.internal.connection.ServerAddressHelper.getSocketAddresses(ServerAddressHelper.java:75)
	at com.mongodb.internal.connection.SocketStream.initializeSocket(SocketStream.java:100)
	at com.mongodb.internal.connection.SocketStream.open(SocketStream.java:79)
	at com.mongodb.internal.connection.InternalStreamConnection.open(InternalStreamConnection.java:233)
	at com.mongodb.internal.connection.DefaultServerMonitor$ServerMonitor.lookupServerDescription(DefaultServerMonitor.java:219)
	at com.mongodb.internal.connection.DefaultServerMonitor$ServerMonitor.run(DefaultServerMonitor.java:176)
Caused by: java.net.UnknownHostException: No such host is known (ac-2s659uf-shard-00-02.pvohmlz.mongodb.net)
	at java.base/java.net.Inet6AddressImpl.lookupAllHostAddr(Native Method)
	at java.base/java.net.Inet6AddressImpl.lookupAllHostAddr(Inet6AddressImpl.java:52)
	at java.base/java.net.InetAddress$PlatformResolver.lookupByName(InetAddress.java:1211)
	at java.base/java.net.InetAddress.getAddressesFromNameService(InetAddress.java:1828)
	at java.base/java.net.InetAddress$NameServiceAddresses.get(InetAddress.java:1139)
	at java.base/java.net.InetAddress.getAllByName0(InetAddress.java:1818)
	at java.base/java.net.InetAddress.getAllByName(InetAddress.java:1688)
	at com.mongodb.internal.connection.DefaultInetAddressResolver.lookupByName(DefaultInetAddressResolver.java:34)
	at com.mongodb.internal.connection.ServerAddressHelper.getSocketAddresses(ServerAddressHelper.java:71)
	... 5 common frames omitted
2026-09-18 01:51:16 INFO  [WEBSOCKET,traceId=,spanId=] [cluster-ClusterId{value='6aac1d5834db5b549a8c3f89', description='Cluster0'}-ac-2s659uf-shard-00-00.pvohmlz.mongodb.net:27017] org.mongodb.driver.cluster - Exception in monitor thread while connecting to server ac-2s659uf-shard-00-00.pvohmlz.mongodb.net:27017
com.mongodb.MongoSocketException: No such host is known (ac-2s659uf-shard-00-00.pvohmlz.mongodb.net)
	at com.mongodb.internal.connection.ServerAddressHelper.getSocketAddresses(ServerAddressHelper.java:75)
	at com.mongodb.internal.connection.SocketStream.initializeSocket(SocketStream.java:100)
	at com.mongodb.internal.connection.SocketStream.open(SocketStream.java:79)
	at com.mongodb.internal.connection.InternalStreamConnection.open(InternalStreamConnection.java:233)
	at com.mongodb.internal.connection.DefaultServerMonitor$ServerMonitor.lookupServerDescription(DefaultServerMonitor.java:219)
	at com.mongodb.internal.connection.DefaultServerMonitor$ServerMonitor.run(DefaultServerMonitor.java:176)
Caused by: java.net.UnknownHostException: No such host is known (ac-2s659uf-shard-00-00.pvohmlz.mongodb.net)
	at java.base/java.net.Inet6AddressImpl.lookupAllHostAddr(Native Method)
	at java.base/java.net.Inet6AddressImpl.lookupAllHostAddr(Inet6AddressImpl.java:52)
	at java.base/java.net.InetAddress$PlatformResolver.lookupByName(InetAddress.java:1211)
	at java.base/java.net.InetAddress.getAddressesFromNameService(InetAddress.java:1828)
	at java.base/java.net.InetAddress$NameServiceAddresses.get(InetAddress.java:1139)
	at java.base/java.net.InetAddress.getAllByName0(InetAddress.java:1818)
	at java.base/java.net.InetAddress.getAllByName(InetAddress.java:1688)
	at com.mongodb.internal.connection.DefaultInetAddressResolver.lookupByName(DefaultInetAddressResolver.java:34)
	at com.mongodb.internal.connection.ServerAddressHelper.getSocketAddresses(ServerAddressHelper.java:71)
	... 5 common frames omitted
2026-09-18 01:51:19 INFO  [WEBSOCKET,traceId=,spanId=] [MessageBroker-3] o.s.w.s.c.WebSocketMessageBrokerStats - WebSocketSession[0 current WS(0)-HttpStream(0)-HttpPoll(0), 0 total, 0 closed abnormally (0 connect failure, 0 send limit, 0 transport error)], stompSubProtocol[processed CONNECT(0)-CONNECTED(0)-DISCONNECT(0)], stompBrokerRelay[null], inboundChannel[pool size = 0, active threads = 0, queued tasks = 0, completed tasks = 0], outboundChannel[pool size = 0, active threads = 0, queued tasks = 0, completed tasks = 0], sockJsScheduler[pool size = 4, active threads = 2, queued tasks = 0, completed tasks = 200]
2026-09-18 01:51:19 INFO  [WEBSOCKET,traceId=6aac4bbfa3005cf23224c503daf6d850,spanId=3224c503daf6d850] [MessageBroker-1] c.s.w.service.PlayerStatusHandler - Total Online Players: 0
2026-09-18 01:51:19 INFO  [WEBSOCKET,traceId=6aac4bbf409026eaaa9287b47753dcc8,spanId=aa9287b47753dcc8] [MessageBroker-1] c.s.w.service.PlayerStatusHandler - Total Online Players: 0
2026-09-18 01:51:19 INFO  [WEBSOCKET,traceId=6aac4bbf7173dfebfd4509301e6a3729,spanId=fd4509301e6a3729] [MessageBroker-1] c.s.w.service.PlayerStatusHandler - Total Online Players: 0
2026-09-18 01:51:19 INFO  [WEBSOCKET,traceId=6aac4bbfb2a6168ef6f9f94f335ade82,spanId=f6f9f94f335ade82] [MessageBroker-3] c.s.w.service.PlayerStatusHandler - Total Online Players: 0
2026-09-18 01:51:19 INFO  [WEBSOCKET,traceId=6aac4bbfa68bae16541aed93611f6b99,spanId=541aed93611f6b99] [MessageBroker-3] c.s.w.service.PlayerStatusHandler - Total Online Players: 0
2026-09-18 01:51:19 INFO  [WEBSOCKET,traceId=6aac4bbfb8a9b3c27ec05ef8011ffadf,spanId=7ec05ef8011ffadf] [MessageBroker-3] c.s.w.service.PlayerStatusHandler - Total Online Players: 0
2026-09-18 01:51:19 INFO  [WEBSOCKET,traceId=6aac4bbf8b5ce820ed33465c307a732f,spanId=ed33465c307a732f] [MessageBroker-3] c.s.w.service.PlayerStatusHandler - Total Online Players: 0
2026-09-18 01:51:19 INFO  [WEBSOCKET,traceId=6aac4bbfd15cd9cdec79d8b37c8a7bd3,spanId=ec79d8b37c8a7bd3] [MessageBroker-3] c.s.w.service.PlayerStatusHandler - Total Online Players: 0
2026-09-18 01:51:19 INFO  [WEBSOCKET,traceId=6aac4bbf0b3cba7e2abf529c8aba40cd,spanId=2abf529c8aba40cd] [MessageBroker-3] c.s.w.service.PlayerStatusHandler - Total Online Players: 0
2026-09-18 01:51:19 INFO  [WEBSOCKET,traceId=6aac4bbf963dbdcaf558a1a158f8aeda,spanId=f558a1a158f8aeda] [MessageBroker-3] c.s.w.service.PlayerStatusHandler - Total Online Players: 0
2026-09-18 01:51:19 INFO  [WEBSOCKET,traceId=6aac4bbf5f5f93e4f049f7840f6bc28b,spanId=f049f7840f6bc28b] [MessageBroker-3] c.s.w.service.PlayerStatusHandler - Total Online Players: 0
2026-09-18 01:51:19 INFO  [WEBSOCKET,traceId=6aac4bbf2fcd7ec29cec3179080f3278,spanId=9cec3179080f3278] [MessageBroker-3] c.s.w.service.PlayerStatusHandler - Total Online Players: 0
2026-09-18 01:51:19 INFO  [WEBSOCKET,traceId=6aac4bbf6b7093eef665af1236c460fa,spanId=f665af1236c460fa] [MessageBroker-3] c.s.w.service.PlayerStatusHandler - Total Online Players: 0
2026-09-18 01:51:19 INFO  [WEBSOCKET,traceId=6aac4bbfc51f5075de5d6bc14cbac2db,spanId=de5d6bc14cbac2db] [MessageBroker-3] c.s.w.service.PlayerStatusHandler - Total Online Players: 0
2026-09-18 01:51:19 INFO  [WEBSOCKET,traceId=6aac4bbf002a1295f60f96831df8a1f0,spanId=f60f96831df8a1f0] [MessageBroker-3] c.s.w.service.PlayerStatusHandler - Total Online Players: 0
2026-09-18 01:51:19 INFO  [WEBSOCKET,traceId=6aac4bbf234b57e18353e7b06fd0a3ac,spanId=8353e7b06fd0a3ac] [MessageBroker-3] c.s.w.service.PlayerStatusHandler - Total Online Players: 0
2026-09-18 01:51:19 INFO  [WEBSOCKET,traceId=6aac4bbf9da038ad48b057e48173fd92,spanId=48b057e48173fd92] [MessageBroker-3] c.s.w.service.PlayerStatusHandler - Total Online Players: 0
2026-09-18 01:51:19 INFO  [WEBSOCKET,traceId=6aac4bbffff0883651fa55d045944c24,spanId=51fa55d045944c24] [MessageBroker-3] c.s.w.service.PlayerStatusHandler - Total Online Players: 0
2026-09-18 01:51:19 INFO  [WEBSOCKET,traceId=6aac4bbfd0aec677571c82ed667a14d4,spanId=571c82ed667a14d4] [MessageBroker-3] c.s.w.service.PlayerStatusHandler - Total Online Players: 0
2026-09-18 01:51:19 INFO  [WEBSOCKET,traceId=6aac4bbf01c226167eece8943a30ae7a,spanId=7eece8943a30ae7a] [MessageBroker-3] c.s.w.service.PlayerStatusHandler - Total Online Players: 0
2026-09-18 01:51:19 INFO  [WEBSOCKET,traceId=6aac4bbfc634a440d16f7b88cfd06502,spanId=d16f7b88cfd06502] [MessageBroker-3] c.s.w.service.PlayerStatusHandler - Total Online Players: 0
2026-09-18 01:51:19 INFO  [WEBSOCKET,traceId=6aac4bbff5420758a514988bc4d59455,spanId=a514988bc4d59455] [MessageBroker-3] c.s.w.service.PlayerStatusHandler - Total Online Players: 0
2026-09-18 01:51:19 INFO  [WEBSOCKET,traceId=6aac4bbff71b389ba8a00e8c95c3149a,spanId=a8a00e8c95c3149a] [MessageBroker-3] c.s.w.service.PlayerStatusHandler - Total Online Players: 0
2026-09-18 01:51:19 INFO  [WEBSOCKET,traceId=6aac4bbf2c7f85a738ef551cfc0aa2fb,spanId=38ef551cfc0aa2fb] [MessageBroker-3] c.s.w.service.PlayerStatusHandler - Total Online Players: 0
2026-09-18 01:51:19 INFO  [WEBSOCKET,traceId=6aac4bbf0c93b10a0f10dfe584743bf5,spanId=0f10dfe584743bf5] [MessageBroker-3] c.s.w.service.PlayerStatusHandler - Total Online Players: 0
2026-09-18 01:51:19 INFO  [WEBSOCKET,traceId=6aac4bbf57b24178a972af5b1a041a1c,spanId=a972af5b1a041a1c] [MessageBroker-3] c.s.w.service.PlayerStatusHandler - Total Online Players: 0
2026-09-18 01:51:19 INFO  [WEBSOCKET,traceId=6aac4bbfdcdd0f9d69a71fa6898e95d0,spanId=69a71fa6898e95d0] [MessageBroker-3] c.s.w.service.PlayerStatusHandler - Total Online Players: 0
2026-09-18 01:51:19 INFO  [WEBSOCKET,traceId=6aac4bbf951c1be110ee8be859fbfead,spanId=10ee8be859fbfead] [MessageBroker-3] c.s.w.service.PlayerStatusHandler - Total Online Players: 0
2026-09-18 01:51:19 INFO  [WEBSOCKET,traceId=6aac4bbf562e14059d2f46b1f23ea197,spanId=9d2f46b1f23ea197] [MessageBroker-3] c.s.w.service.PlayerStatusHandler - Total Online Players: 0
2026-09-18 01:51:19 INFO  [WEBSOCKET,traceId=6aac4bbf74df6e81f4c2b4e4e6e9597e,spanId=f4c2b4e4e6e9597e] [MessageBroker-3] c.s.w.service.PlayerStatusHandler - Total Online Players: 0
2026-09-18 01:51:19 INFO  [WEBSOCKET,traceId=6aac4bbfc55b241b850a59a930f0362f,spanId=850a59a930f0362f] [MessageBroker-3] c.s.w.service.PlayerStatusHandler - Total Online Players: 0
2026-09-18 01:51:19 INFO  [WEBSOCKET,traceId=6aac4bbf22bf5d41db63c96b53bed153,spanId=db63c96b53bed153] [MessageBroker-3] c.s.w.service.PlayerStatusHandler - Total Online Players: 0
2026-09-18 01:51:19 INFO  [WEBSOCKET,traceId=6aac4bbf62258be664b75e447e4685fb,spanId=64b75e447e4685fb] [MessageBroker-3] c.s.w.service.PlayerStatusHandler - Total Online Players: 0
2026-09-18 01:51:19 INFO  [WEBSOCKET,traceId=6aac4bbfe3a9a8d4fb443dca5f136035,spanId=fb443dca5f136035] [MessageBroker-3] c.s.w.service.PlayerStatusHandler - Total Online Players: 0
2026-09-18 01:51:19 INFO  [WEBSOCKET,traceId=6aac4bbffdb7b0d99ce8cc0176c9d297,spanId=9ce8cc0176c9d297] [MessageBroker-3] c.s.w.service.PlayerStatusHandler - Total Online Players: 0
2026-09-18 01:51:19 INFO  [WEBSOCKET,traceId=6aac4bbfc91fd5b6ba8c0cc384d973e5,spanId=ba8c0cc384d973e5] [MessageBroker-3] c.s.w.service.PlayerStatusHandler - Total Online Players: 0
2026-09-18 01:51:19 INFO  [WEBSOCKET,traceId=6aac4bbf1e0313f682522ae235c53ff7,spanId=82522ae235c53ff7] [MessageBroker-4] c.s.w.service.PlayerStatusHandler - Total Online Players: 0
2026-09-18 01:51:19 INFO  [WEBSOCKET,traceId=6aac4bbf9b316a7d5529c14a17d4ea59,spanId=5529c14a17d4ea59] [MessageBroker-4] c.s.w.service.PlayerStatusHandler - Total Online Players: 0
2026-09-18 01:51:19 INFO  [WEBSOCKET,traceId=6aac4bbff0458794017c615b444b0038,spanId=017c615b444b0038] [MessageBroker-4] c.s.w.service.PlayerStatusHandler - Total Online Players: 0
2026-09-18 01:51:19 INFO  [WEBSOCKET,traceId=6aac4bbfe87d8c839f1b414465174b01,spanId=9f1b414465174b01] [MessageBroker-4] c.s.w.service.PlayerStatusHandler - Total Online Players: 0
2026-09-18 01:51:19 INFO  [WEBSOCKET,traceId=6aac4bbfea41e48062efa1a4449a9449,spanId=62efa1a4449a9449] [MessageBroker-4] c.s.w.service.PlayerStatusHandler - Total Online Players: 0
2026-09-18 01:51:19 INFO  [WEBSOCKET,traceId=6aac4bbf6ae69c06d1bca33ac3022ac8,spanId=d1bca33ac3022ac8] [MessageBroker-4] c.s.w.service.PlayerStatusHandler - Total Online Players: 0
2026-09-18 01:51:19 INFO  [WEBSOCKET,traceId=6aac4bbf41ab7623f3e1238215b19557,spanId=f3e1238215b19557] [MessageBroker-4] c.s.w.service.PlayerStatusHandler - Total Online Players: 0
2026-09-18 01:51:19 INFO  [WEBSOCKET,traceId=6aac4bbf2519405649d0988e8b2ae764,spanId=49d0988e8b2ae764] [MessageBroker-4] c.s.w.service.PlayerStatusHandler - Total Online Players: 0
2026-09-18 01:51:19 INFO  [WEBSOCKET,traceId=6aac4bbfc219727c12906b3809918361,spanId=12906b3809918361] [MessageBroker-4] c.s.w.service.PlayerStatusHandler - Total Online Players: 0
2026-09-18 01:51:19 INFO  [WEBSOCKET,traceId=6aac4bbfc7e5cf7dd616d79390b1a9c5,spanId=d616d79390b1a9c5] [MessageBroker-4] c.s.w.service.PlayerStatusHandler - Total Online Players: 0
2026-09-18 01:51:19 INFO  [WEBSOCKET,traceId=6aac4bbffe5d5c6c693ece8b5417cd74,spanId=693ece8b5417cd74] [MessageBroker-4] c.s.w.service.PlayerStatusHandler - Total Online Players: 0
2026-09-18 01:51:19 INFO  [WEBSOCKET,traceId=6aac4bbf87006978ca5b5c02ee421688,spanId=ca5b5c02ee421688] [MessageBroker-4] c.s.w.service.PlayerStatusHandler - Total Online Players: 0
2026-09-18 01:51:19 INFO  [WEBSOCKET,traceId=6aac4bbf597c200367e08b4d5d3692a8,spanId=67e08b4d5d3692a8] [MessageBroker-1] c.s.w.service.PlayerStatusHandler - Total Online Players: 0
2026-09-18 01:51:19 INFO  [WEBSOCKET,traceId=6aac4bbfbd4815f83e9175fcb5e840cf,spanId=3e9175fcb5e840cf] [MessageBroker-1] c.s.w.service.PlayerStatusHandler - Total Online Players: 0
2026-09-18 01:51:19 INFO  [WEBSOCKET,traceId=6aac4bbfcb2a86344250dc2f8e6bbebc,spanId=4250dc2f8e6bbebc] [MessageBroker-1] c.s.w.service.PlayerStatusHandler - Total Online Players: 0
2026-09-18 01:51:19 INFO  [WEBSOCKET,traceId=6aac4bbfd0d285718f12945aab13753e,spanId=8f12945aab13753e] [MessageBroker-1] c.s.w.service.PlayerStatusHandler - Total Online Players: 0
2026-09-18 01:51:19 INFO  [WEBSOCKET,traceId=6aac4bbff2113fe1f2ba745575176be8,spanId=f2ba745575176be8] [MessageBroker-1] c.s.w.service.PlayerStatusHandler - Total Online Players: 0
2026-09-18 01:51:19 INFO  [WEBSOCKET,traceId=6aac4bbf9b0d25a4207cbd0fccfa371c,spanId=207cbd0fccfa371c] [MessageBroker-1] c.s.w.service.PlayerStatusHandler - Total Online Players: 0
2026-09-18 01:51:19 INFO  [WEBSOCKET,traceId=6aac4bbf553737e7867807b2ebf9af85,spanId=867807b2ebf9af85] [MessageBroker-1] c.s.w.service.PlayerStatusHandler - Total Online Players: 0
2026-09-18 01:51:19 INFO  [WEBSOCKET,traceId=6aac4bbfc7cda9e76b9db6068d2d34e3,spanId=6b9db6068d2d34e3] [MessageBroker-1] c.s.w.service.PlayerStatusHandler - Total Online Players: 0
2026-09-18 01:51:19 INFO  [WEBSOCKET,traceId=6aac4bbf0c7914e5f82ceeb1ecdb86ba,spanId=f82ceeb1ecdb86ba] [MessageBroker-1] c.s.w.service.PlayerStatusHandler - Total Online Players: 0
2026-09-18 01:51:19 INFO  [WEBSOCKET,traceId=6aac4bbf05d20c09ac398827f4f16c3e,spanId=ac398827f4f16c3e] [MessageBroker-1] c.s.w.service.PlayerStatusHandler - Total Online Players: 0
2026-09-18 01:51:19 INFO  [WEBSOCKET,traceId=6aac4bbf02f9bbce94529c35912977b5,spanId=94529c35912977b5] [MessageBroker-1] c.s.w.service.PlayerStatusHandler - Total Online Players: 0
2026-09-18 01:51:19 INFO  [WEBSOCKET,traceId=6aac4bbf7e0baa948a8181f5fc4def46,spanId=8a8181f5fc4def46] [MessageBroker-1] c.s.w.service.PlayerStatusHandler - Total Online Players: 0
2026-09-18 01:51:19 INFO  [WEBSOCKET,traceId=6aac4bbf646db3f91fceaaef6bcfb34d,spanId=1fceaaef6bcfb34d] [MessageBroker-1] c.s.w.service.PlayerStatusHandler - Total Online Players: 0
2026-09-18 01:51:19 INFO  [WEBSOCKET,traceId=6aac4bbf29f4778f9ef45e85ae7b3c9c,spanId=9ef45e85ae7b3c9c] [MessageBroker-1] c.s.w.service.PlayerStatusHandler - Total Online Players: 0
2026-09-18 01:51:19 INFO  [WEBSOCKET,traceId=6aac4bbf56c9cde250817b8642101f3d,spanId=50817b8642101f3d] [MessageBroker-3] c.s.w.service.PlayerStatusHandler - Total Online Players: 0
2026-09-18 01:51:19 INFO  [WEBSOCKET,traceId=6aac4bbfce4ae759a77aa803f73c6121,spanId=a77aa803f73c6121] [MessageBroker-3] c.s.w.service.PlayerStatusHandler - Total Online Players: 0
2026-09-18 01:51:19 INFO  [WEBSOCKET,traceId=6aac4bbf90b34f8168864961a9b1b692,spanId=68864961a9b1b692] [MessageBroker-3] c.s.w.service.PlayerStatusHandler - Total Online Players: 0
2026-09-18 01:51:19 INFO  [WEBSOCKET,traceId=6aac4bbfcc3e964815ea87c68462a160,spanId=15ea87c68462a160] [MessageBroker-2] c.s.w.service.PlayerStatusHandler - Total Online Players: 0
2026-09-18 01:51:19 INFO  [WEBSOCKET,traceId=6aac4bbf23b708859471d4ec1b144b11,spanId=9471d4ec1b144b11] [MessageBroker-2] c.s.w.service.PlayerStatusHandler - Total Online Players: 0
2026-09-18 01:51:19 INFO  [WEBSOCKET,traceId=6aac4bbf8a1dd6ba66b497806b535ce5,spanId=66b497806b535ce5] [MessageBroker-1] c.s.w.service.PlayerStatusHandler - Total Online Players: 0
2026-09-18 01:51:19 INFO  [WEBSOCKET,traceId=6aac4bbf2ebedebcee2958620852daf0,spanId=ee2958620852daf0] [MessageBroker-3] c.s.w.service.PlayerStatusHandler - Total Online Players: 0
2026-09-18 01:51:19 INFO  [WEBSOCKET,traceId=6aac4bbf6b136fd009d186ee3c3b1bda,spanId=09d186ee3c3b1bda] [MessageBroker-3] c.s.w.service.PlayerStatusHandler - Total Online Players: 0
2026-09-18 01:51:19 INFO  [WEBSOCKET,traceId=6aac4bbf4074b7b69480d277249c7632,spanId=9480d277249c7632] [MessageBroker-3] c.s.w.service.PlayerStatusHandler - Total Online Players: 0
2026-09-18 01:51:19 INFO  [WEBSOCKET,traceId=6aac4bbf08aae8fde946172e4d65d8b3,spanId=e946172e4d65d8b3] [MessageBroker-3] c.s.w.service.PlayerStatusHandler - Total Online Players: 0
2026-09-18 01:51:19 INFO  [WEBSOCKET,traceId=6aac4bbf4d0f421ea10d6cef3741b168,spanId=a10d6cef3741b168] [MessageBroker-3] c.s.w.service.PlayerStatusHandler - Total Online Players: 0
2026-09-18 01:51:19 INFO  [WEBSOCKET,traceId=6aac4bbfb674e6179a665e4fb62a5746,spanId=9a665e4fb62a5746] [MessageBroker-3] c.s.w.service.PlayerStatusHandler - Total Online Players: 0
2026-09-18 01:51:19 INFO  [WEBSOCKET,traceId=6aac4bbf9b6108184f7fc20dfe541058,spanId=4f7fc20dfe541058] [MessageBroker-3] c.s.w.service.PlayerStatusHandler - Total Online Players: 0
2026-09-18 01:51:19 INFO  [WEBSOCKET,traceId=6aac4bbff4f84ee17027ba69312137aa,spanId=7027ba69312137aa] [MessageBroker-3] c.s.w.service.PlayerStatusHandler - Total Online Players: 0
2026-09-18 01:51:19 INFO  [WEBSOCKET,traceId=6aac4bbf434fef4b366d31bfd53ae3c7,spanId=366d31bfd53ae3c7] [MessageBroker-3] c.s.w.service.PlayerStatusHandler - Total Online Players: 0
2026-09-18 01:51:19 INFO  [WEBSOCKET,traceId=6aac4bbffff3724910977531bf4b2b36,spanId=10977531bf4b2b36] [MessageBroker-3] c.s.w.service.PlayerStatusHandler - Total Online Players: 0
2026-09-18 01:51:19 INFO  [WEBSOCKET,traceId=6aac4bbfeb5b300cc8a7d8406c16c354,spanId=c8a7d8406c16c354] [MessageBroker-3] c.s.w.service.PlayerStatusHandler - Total Online Players: 0
2026-09-18 01:51:19 INFO  [WEBSOCKET,traceId=6aac4bbfdd68c407638af23d23a8f51d,spanId=638af23d23a8f51d] [MessageBroker-3] c.s.w.service.PlayerStatusHandler - Total Online Players: 0
2026-09-18 01:51:19 INFO  [WEBSOCKET,traceId=6aac4bbf1817436bcf5b12204dc0484c,spanId=cf5b12204dc0484c] [MessageBroker-3] c.s.w.service.PlayerStatusHandler - Total Online Players: 0
2026-09-18 01:51:19 INFO  [WEBSOCKET,traceId=6aac4bbf1994fdf96861b085ab530c5e,spanId=6861b085ab530c5e] [MessageBroker-3] c.s.w.service.PlayerStatusHandler - Total Online Players: 0
2026-09-18 01:51:19 INFO  [WEBSOCKET,traceId=6aac4bbf00e2d26efaa0416655d8a3be,spanId=faa0416655d8a3be] [MessageBroker-3] c.s.w.service.PlayerStatusHandler - Total Online Players: 0
2026-09-18 01:51:19 INFO  [WEBSOCKET,traceId=6aac4bbf9f725d6eae407d340099473d,spanId=ae407d340099473d] [MessageBroker-3] c.s.w.service.PlayerStatusHandler - Total Online Players: 0
2026-09-18 01:51:19 INFO  [WEBSOCKET,traceId=6aac4bbf1a57a030fe4996b1e3de3ddc,spanId=fe4996b1e3de3ddc] [MessageBroker-3] c.s.w.service.PlayerStatusHandler - Total Online Players: 0
2026-09-18 01:51:19 INFO  [WEBSOCKET,traceId=6aac4bbfb9a6d783468c31ebfd92710b,spanId=468c31ebfd92710b] [MessageBroker-3] c.s.w.service.PlayerStatusHandler - Total Online Players: 0
2026-09-18 01:51:19 INFO  [WEBSOCKET,traceId=6aac4bbffe52a5f1d5ed9794d0aed376,spanId=d5ed9794d0aed376] [MessageBroker-3] c.s.w.service.PlayerStatusHandler - Total Online Players: 0
2026-09-18 01:51:19 INFO  [WEBSOCKET,traceId=6aac4bbf3f213ab1bff45afb97b34d5d,spanId=bff45afb97b34d5d] [MessageBroker-3] c.s.w.service.PlayerStatusHandler - Total Online Players: 0
2026-09-18 01:51:19 INFO  [WEBSOCKET,traceId=6aac4bbf668502aa295ddbd386dbdf04,spanId=295ddbd386dbdf04] [MessageBroker-3] c.s.w.service.PlayerStatusHandler - Total Online Players: 0
2026-09-18 01:51:19 INFO  [WEBSOCKET,traceId=6aac4bbf023af20546a239c1a79c528d,spanId=46a239c1a79c528d] [MessageBroker-3] c.s.w.service.PlayerStatusHandler - Total Online Players: 0
2026-09-18 01:51:19 INFO  [WEBSOCKET,traceId=6aac4bbf1403acf7fde8c1eaf27fadc0,spanId=fde8c1eaf27fadc0] [MessageBroker-3] c.s.w.service.PlayerStatusHandler - Total Online Players: 0
2026-09-18 01:51:19 INFO  [WEBSOCKET,traceId=6aac4bbf2fa233b2cd0b150bffa7d745,spanId=cd0b150bffa7d745] [MessageBroker-3] c.s.w.service.PlayerStatusHandler - Total Online Players: 0
2026-09-18 01:51:19 INFO  [WEBSOCKET,traceId=6aac4bbfd083c4b33a9a9cc1d98514c4,spanId=3a9a9cc1d98514c4] [MessageBroker-3] c.s.w.service.PlayerStatusHandler - Total Online Players: 0
2026-09-18 01:51:19 INFO  [WEBSOCKET,traceId=6aac4bbffe5baa1ac6534e0e3462ffac,spanId=c6534e0e3462ffac] [MessageBroker-3] c.s.w.service.PlayerStatusHandler - Total Online Players: 0
2026-09-18 01:51:19 INFO  [WEBSOCKET,traceId=6aac4bbf67da15b77d1c8f6fc803d47a,spanId=7d1c8f6fc803d47a] [MessageBroker-3] c.s.w.service.PlayerStatusHandler - Total Online Players: 0
2026-09-18 01:51:19 INFO  [WEBSOCKET,traceId=6aac4bbff99d6bff39e83d48b7220489,spanId=39e83d48b7220489] [MessageBroker-3] c.s.w.service.PlayerStatusHandler - Total Online Players: 0
2026-09-18 01:51:19 INFO  [WEBSOCKET,traceId=6aac4bbff70594ce2c3e9135ddd07399,spanId=2c3e9135ddd07399] [MessageBroker-3] c.s.w.service.PlayerStatusHandler - Total Online Players: 0
2026-09-18 01:51:19 INFO  [WEBSOCKET,traceId=6aac4bbf0a34bc72a65f4fda85d3642f,spanId=a65f4fda85d3642f] [MessageBroker-3] c.s.w.service.PlayerStatusHandler - Total Online Players: 0
2026-09-18 01:51:19 INFO  [WEBSOCKET,traceId=6aac4bbfec13209d18668d61f8ce1784,spanId=18668d61f8ce1784] [MessageBroker-3] c.s.w.service.PlayerStatusHandler - Total Online Players: 0
2026-09-18 01:51:19 INFO  [WEBSOCKET,traceId=6aac4bbf88678c7d0287a085e500def5,spanId=0287a085e500def5] [MessageBroker-3] c.s.w.service.PlayerStatusHandler - Total Online Players: 0
2026-09-18 01:51:19 INFO  [WEBSOCKET,traceId=6aac4bbf5246c038e948b033a145c619,spanId=e948b033a145c619] [MessageBroker-3] c.s.w.service.PlayerStatusHandler - Total Online Players: 0
2026-09-18 01:51:19 INFO  [WEBSOCKET,traceId=6aac4bbfd4ea74746547a057a11ea48b,spanId=6547a057a11ea48b] [MessageBroker-3] c.s.w.service.PlayerStatusHandler - Total Online Players: 0
2026-09-18 01:51:19 INFO  [WEBSOCKET,traceId=6aac4bbf873879102d7867a1abf77119,spanId=2d7867a1abf77119] [MessageBroker-3] c.s.w.service.PlayerStatusHandler - Total Online Players: 0
2026-09-18 01:51:19 INFO  [WEBSOCKET,traceId=6aac4bbfa486f75f2ba0a0619d35c2e1,spanId=2ba0a0619d35c2e1] [MessageBroker-3] c.s.w.service.PlayerStatusHandler - Total Online Players: 0
2026-09-18 01:51:19 INFO  [WEBSOCKET,traceId=6aac4bbf6651752cf82a33834e9cd8fd,spanId=f82a33834e9cd8fd] [MessageBroker-3] c.s.w.service.PlayerStatusHandler - Total Online Players: 0
2026-09-18 01:51:19 INFO  [WEBSOCKET,traceId=6aac4bbf3470a2e9fbad47225351b037,spanId=fbad47225351b037] [MessageBroker-3] c.s.w.service.PlayerStatusHandler - Total Online Players: 0
2026-09-18 01:51:19 INFO  [WEBSOCKET,traceId=6aac4bbfaec9132f595b3aef1b53482c,spanId=595b3aef1b53482c] [MessageBroker-3] c.s.w.service.PlayerStatusHandler - Total Online Players: 0
2026-09-18 01:51:19 INFO  [WEBSOCKET,traceId=6aac4bbf4e01dddf73aed6e4d976b666,spanId=73aed6e4d976b666] [MessageBroker-3] c.s.w.service.PlayerStatusHandler - Total Online Players: 0
2026-09-18 01:51:19 INFO  [WEBSOCKET,traceId=6aac4bbfa958f7dde668188f3f456414,spanId=e668188f3f456414] [MessageBroker-3] c.s.w.service.PlayerStatusHandler - Total Online Players: 0
2026-09-18 01:51:19 INFO  [WEBSOCKET,traceId=6aac4bbf5a164985ba51c835fe68e5de,spanId=ba51c835fe68e5de] [MessageBroker-3] c.s.w.service.PlayerStatusHandler - Total Online Players: 0
2026-09-18 01:51:19 INFO  [WEBSOCKET,traceId=6aac4bbf34c3ee40ea6f1eeab521731c,spanId=ea6f1eeab521731c] [MessageBroker-3] c.s.w.service.PlayerStatusHandler - Total Online Players: 0
2026-09-18 01:51:19 INFO  [WEBSOCKET,traceId=6aac4bbfd300c078abe4f39d1b31a594,spanId=abe4f39d1b31a594] [MessageBroker-3] c.s.w.service.PlayerStatusHandler - Total Online Players: 0
2026-09-18 01:51:19 INFO  [WEBSOCKET,traceId=6aac4bbfdf5a9a37ff0f44abe1699687,spanId=ff0f44abe1699687] [MessageBroker-3] c.s.w.service.PlayerStatusHandler - Total Online Players: 0
2026-09-18 01:51:19 INFO  [WEBSOCKET,traceId=6aac4bbfce5aa2dbd2ca534cb1b3d215,spanId=d2ca534cb1b3d215] [MessageBroker-3] c.s.w.service.PlayerStatusHandler - Total Online Players: 0
2026-09-18 01:51:19 INFO  [WEBSOCKET,traceId=6aac4bbf0f09d0ea979fad3acb10f266,spanId=979fad3acb10f266] [MessageBroker-3] c.s.w.service.PlayerStatusHandler - Total Online Players: 0
2026-09-18 01:51:19 INFO  [WEBSOCKET,traceId=6aac4bbf97cae3c62fad60d5344337ab,spanId=2fad60d5344337ab] [MessageBroker-3] c.s.w.service.PlayerStatusHandler - Total Online Players: 0
2026-09-18 01:51:19 INFO  [WEBSOCKET,traceId=6aac4bbf252eb7b7f1eae4eaa2793d8e,spanId=f1eae4eaa2793d8e] [MessageBroker-3] c.s.w.service.PlayerStatusHandler - Total Online Players: 0
2026-09-18 01:51:19 INFO  [WEBSOCKET,traceId=6aac4bbf1a83a27f02910c152510738f,spanId=02910c152510738f] [MessageBroker-4] c.s.w.service.PlayerStatusHandler - Total Online Players: 0
2026-09-18 01:51:19 INFO  [WEBSOCKET,traceId=6aac4bbf85fbc3a442157f978c4fdb03,spanId=42157f978c4fdb03] [MessageBroker-4] c.s.w.service.PlayerStatusHandler - Total Online Players: 0
2026-09-18 01:51:19 INFO  [WEBSOCKET,traceId=6aac4bbfe59cf8d9e0811fc71bdc7f1e,spanId=e0811fc71bdc7f1e] [MessageBroker-4] c.s.w.service.PlayerStatusHandler - Total Online Players: 0
2026-09-18 01:51:19 INFO  [WEBSOCKET,traceId=6aac4bbfcdd0e247baf5fbca885bf0c3,spanId=baf5fbca885bf0c3] [MessageBroker-4] c.s.w.service.PlayerStatusHandler - Total Online Players: 0
2026-09-18 01:51:19 INFO  [WEBSOCKET,traceId=6aac4bbfd5d258bd3b0f1e4c27c1e9e3,spanId=3b0f1e4c27c1e9e3] [MessageBroker-4] c.s.w.service.PlayerStatusHandler - Total Online Players: 0
2026-09-18 01:51:19 INFO  [WEBSOCKET,traceId=6aac4bbf81006c7102eab8a43d984462,spanId=02eab8a43d984462] [MessageBroker-4] c.s.w.service.PlayerStatusHandler - Total Online Players: 0
2026-09-18 01:51:19 INFO  [WEBSOCKET,traceId=6aac4bbfd73d837e5d853f360bc535a7,spanId=5d853f360bc535a7] [MessageBroker-4] c.s.w.service.PlayerStatusHandler - Total Online Players: 0
2026-09-18 01:51:19 INFO  [WEBSOCKET,traceId=6aac4bbf2e46e7916789f5576b46e07b,spanId=6789f5576b46e07b] [MessageBroker-4] c.s.w.service.PlayerStatusHandler - Total Online Players: 0
2026-09-18 01:51:19 INFO  [WEBSOCKET,traceId=6aac4bbf47cedbda2eaa669c62e1d1ab,spanId=2eaa669c62e1d1ab] [MessageBroker-4] c.s.w.service.PlayerStatusHandler - Total Online Players: 0
2026-09-18 01:51:19 INFO  [WEBSOCKET,traceId=6aac4bbf837f772d674023777cf23284,spanId=674023777cf23284] [MessageBroker-4] c.s.w.service.PlayerStatusHandler - Total Online Players: 0
2026-09-18 01:51:19 INFO  [WEBSOCKET,traceId=6aac4bbf9e3f2445478e55e69ef9ee2e,spanId=478e55e69ef9ee2e] [MessageBroker-4] c.s.w.service.PlayerStatusHandler - Total Online Players: 0
2026-09-18 01:51:19 INFO  [WEBSOCKET,traceId=6aac4bbf6e59ddd21e01367472c94fa8,spanId=1e01367472c94fa8] [MessageBroker-4] c.s.w.service.PlayerStatusHandler - Total Online Players: 0
2026-09-18 01:51:19 INFO  [WEBSOCKET,traceId=6aac4bbfc8e91e926dbbbd659a80e296,spanId=6dbbbd659a80e296] [MessageBroker-4] c.s.w.service.PlayerStatusHandler - Total Online Players: 0
2026-09-18 01:51:19 INFO  [WEBSOCKET,traceId=6aac4bbff9ef0b15c6f1f970341383c6,spanId=c6f1f970341383c6] [MessageBroker-4] c.s.w.service.PlayerStatusHandler - Total Online Players: 0
2026-09-18 01:51:19 INFO  [WEBSOCKET,traceId=6aac4bbf4847d6225e9617316742d88b,spanId=5e9617316742d88b] [MessageBroker-4] c.s.w.service.PlayerStatusHandler - Total Online Players: 0
2026-09-18 01:51:19 INFO  [WEBSOCKET,traceId=6aac4bbf7a7d5598896e4370a54a7329,spanId=896e4370a54a7329] [MessageBroker-4] c.s.w.service.PlayerStatusHandler - Total Online Players: 0
2026-09-18 01:51:19 INFO  [WEBSOCKET,traceId=6aac4bbf9a3d7a0646201ca51e40ead7,spanId=46201ca51e40ead7] [MessageBroker-4] c.s.w.service.PlayerStatusHandler - Total Online Players: 0
2026-09-18 01:51:19 INFO  [WEBSOCKET,traceId=6aac4bbf747f72cdc1902cc15793bc61,spanId=c1902cc15793bc61] [MessageBroker-4] c.s.w.service.PlayerStatusHandler - Total Online Players: 0
2026-09-18 01:51:19 INFO  [WEBSOCKET,traceId=6aac4bbf6e507bd8a105c042e18773a0,spanId=a105c042e18773a0] [MessageBroker-3] c.s.w.service.PlayerStatusHandler - Total Online Players: 0
2026-09-18 01:51:19 INFO  [WEBSOCKET,traceId=6aac4bbf1beb0c76779f98d6d2a52ad5,spanId=779f98d6d2a52ad5] [MessageBroker-3] c.s.w.service.PlayerStatusHandler - Total Online Players: 0
2026-09-18 01:51:19 INFO  [WEBSOCKET,traceId=6aac4bbf68b9fb025f70ec50f80cdce0,spanId=5f70ec50f80cdce0] [MessageBroker-3] c.s.w.service.PlayerStatusHandler - Total Online Players: 0
2026-09-18 01:51:19 INFO  [WEBSOCKET,traceId=6aac4bbfe11bbc53385cb968a9be32e1,spanId=385cb968a9be32e1] [MessageBroker-3] c.s.w.service.PlayerStatusHandler - Total Online Players: 0
2026-09-18 01:51:19 INFO  [WEBSOCKET,traceId=6aac4bbf880d89ceade99aaad8020512,spanId=ade99aaad8020512] [MessageBroker-3] c.s.w.service.PlayerStatusHandler - Total Online Players: 0
2026-09-18 01:51:19 INFO  [WEBSOCKET,traceId=6aac4bbf1dd6174a87e7f8c3f057cb97,spanId=87e7f8c3f057cb97] [MessageBroker-3] c.s.w.service.PlayerStatusHandler - Total Online Players: 0
2026-09-18 01:51:19 INFO  [WEBSOCKET,traceId=6aac4bbf6822b891b8625b5d3bf5d781,spanId=b8625b5d3bf5d781] [MessageBroker-3] c.s.w.service.PlayerStatusHandler - Total Online Players: 0
2026-09-18 01:51:19 INFO  [WEBSOCKET,traceId=6aac4bbf44d929f037c3a71a4e30fd8f,spanId=37c3a71a4e30fd8f] [MessageBroker-3] c.s.w.service.PlayerStatusHandler - Total Online Players: 0
2026-09-18 01:51:19 INFO  [WEBSOCKET,traceId=6aac4bbf15961ac7565e2a3f24238edf,spanId=565e2a3f24238edf] [MessageBroker-3] c.s.w.service.PlayerStatusHandler - Total Online Players: 0
2026-09-18 01:51:19 INFO  [WEBSOCKET,traceId=6aac4bbf0a1162ec52f77acf3d272b10,spanId=52f77acf3d272b10] [MessageBroker-3] c.s.w.service.PlayerStatusHandler - Total Online Players: 0
2026-09-18 01:51:19 INFO  [WEBSOCKET,traceId=6aac4bbf2509181c246cadf6e74a0515,spanId=246cadf6e74a0515] [MessageBroker-3] c.s.w.service.PlayerStatusHandler - Total Online Players: 0
2026-09-18 01:51:19 INFO  [WEBSOCKET,traceId=6aac4bbf7db749da178ec359c3f13dd4,spanId=178ec359c3f13dd4] [MessageBroker-3] c.s.w.service.PlayerStatusHandler - Total Online Players: 0
2026-09-18 01:51:19 INFO  [WEBSOCKET,traceId=6aac4bbf5ff57a66b35da5c665896466,spanId=b35da5c665896466] [MessageBroker-3] c.s.w.service.PlayerStatusHandler - Total Online Players: 0
2026-09-18 01:51:19 INFO  [WEBSOCKET,traceId=6aac4bbf1529a022203b1c21fefbae1f,spanId=203b1c21fefbae1f] [MessageBroker-3] c.s.w.service.PlayerStatusHandler - Total Online Players: 0
2026-09-18 01:51:19 INFO  [WEBSOCKET,traceId=6aac4bbfb4ada8ae756e073784ec128a,spanId=756e073784ec128a] [MessageBroker-3] c.s.w.service.PlayerStatusHandler - Total Online Players: 0
2026-09-18 01:51:19 INFO  [WEBSOCKET,traceId=6aac4bbf820d801ddc0b22ca2d71f537,spanId=dc0b22ca2d71f537] [MessageBroker-3] c.s.w.service.PlayerStatusHandler - Total Online Players: 0
2026-09-18 01:51:19 INFO  [WEBSOCKET,traceId=6aac4bbfee17e52aba72d43730f939ad,spanId=ba72d43730f939ad] [MessageBroker-3] c.s.w.service.PlayerStatusHandler - Total Online Players: 0
2026-09-18 01:51:19 INFO  [WEBSOCKET,traceId=6aac4bbfa9e930e3bf73e590f6b71bdb,spanId=bf73e590f6b71bdb] [MessageBroker-3] c.s.w.service.PlayerStatusHandler - Total Online Players: 0
2026-09-18 01:51:19 INFO  [WEBSOCKET,traceId=6aac4bbffa604070d8838237bc5dd13d,spanId=d8838237bc5dd13d] [MessageBroker-3] c.s.w.service.PlayerStatusHandler - Total Online Players: 0
2026-09-18 01:51:19 INFO  [WEBSOCKET,traceId=6aac4bbf46db1d2c21aaa7ca74d63213,spanId=21aaa7ca74d63213] [MessageBroker-3] c.s.w.service.PlayerStatusHandler - Total Online Players: 0
2026-09-18 01:51:19 INFO  [WEBSOCKET,traceId=6aac4bbff2ae6d4217a70bb98cd94f2f,spanId=17a70bb98cd94f2f] [MessageBroker-3] c.s.w.service.PlayerStatusHandler - Total Online Players: 0
2026-09-18 01:51:19 INFO  [WEBSOCKET,traceId=6aac4bbfda612cb7453f983e930b04e8,spanId=453f983e930b04e8] [MessageBroker-3] c.s.w.service.PlayerStatusHandler - Total Online Players: 0
2026-09-18 01:51:19 INFO  [WEBSOCKET,traceId=6aac4bbfbe45d287607d9756d027599f,spanId=607d9756d027599f] [MessageBroker-3] c.s.w.service.PlayerStatusHandler - Total Online Players: 0
2026-09-18 01:51:19 INFO  [WEBSOCKET,traceId=6aac4bbfdbee088a81adcc1c59a86c68,spanId=81adcc1c59a86c68] [MessageBroker-3] c.s.w.service.PlayerStatusHandler - Total Online Players: 0
2026-09-18 01:51:19 INFO  [WEBSOCKET,traceId=6aac4bbf75009b9b2542fcf32a9fb6ab,spanId=2542fcf32a9fb6ab] [MessageBroker-3] c.s.w.service.PlayerStatusHandler - Total Online Players: 0
2026-09-18 01:51:19 INFO  [WEBSOCKET,traceId=6aac4bbface101d4d7819eacb5923a81,spanId=d7819eacb5923a81] [MessageBroker-1] c.s.w.service.PlayerStatusHandler - Total Online Players: 0
2026-09-18 01:51:19 INFO  [WEBSOCKET,traceId=6aac4bbf6c2c9fbdaa00c52e2315fe4d,spanId=aa00c52e2315fe4d] [MessageBroker-1] c.s.w.service.PlayerStatusHandler - Total Online Players: 0
2026-09-18 01:51:19 INFO  [WEBSOCKET,traceId=6aac4bbfe1f0f91f300fe7232836e8aa,spanId=300fe7232836e8aa] [MessageBroker-1] c.s.w.service.PlayerStatusHandler - Total Online Players: 0
2026-09-18 01:51:19 INFO  [WEBSOCKET,traceId=6aac4bbfb7a824540036b936a7781b4c,spanId=0036b936a7781b4c] [MessageBroker-1] c.s.w.service.PlayerStatusHandler - Total Online Players: 0
2026-09-18 01:51:19 INFO  [WEBSOCKET,traceId=6aac4bbf394c20f0b7029e76344e689b,spanId=b7029e76344e689b] [MessageBroker-1] c.s.w.service.PlayerStatusHandler - Total Online Players: 0
2026-09-18 01:51:19 INFO  [WEBSOCKET,traceId=6aac4bbf6d5a2c4d4ce96ee16e8b7cf5,spanId=4ce96ee16e8b7cf5] [MessageBroker-1] c.s.w.service.PlayerStatusHandler - Total Online Players: 0
2026-09-18 01:51:19 INFO  [WEBSOCKET,traceId=6aac4bbfac909d78cace7b940c5985ce,spanId=cace7b940c5985ce] [MessageBroker-1] c.s.w.service.PlayerStatusHandler - Total Online Players: 0
2026-09-18 01:51:19 INFO  [WEBSOCKET,traceId=6aac4bbf3f6506d670c3da7a809c5ace,spanId=70c3da7a809c5ace] [MessageBroker-1] c.s.w.service.PlayerStatusHandler - Total Online Players: 0
2026-09-18 01:51:19 INFO  [WEBSOCKET,traceId=6aac4bbf79cdd68f8a706a76ba5bbb86,spanId=8a706a76ba5bbb86] [MessageBroker-1] c.s.w.service.PlayerStatusHandler - Total Online Players: 0
2026-09-18 01:51:19 INFO  [WEBSOCKET,traceId=6aac4bbfea7580bcdaa58aba75818347,spanId=daa58aba75818347] [MessageBroker-1] c.s.w.service.PlayerStatusHandler - Total Online Players: 0
2026-09-18 01:51:19 INFO  [WEBSOCKET,traceId=6aac4bbf65e6970dfb180f67807f2029,spanId=fb180f67807f2029] [MessageBroker-1] c.s.w.service.PlayerStatusHandler - Total Online Players: 0
2026-09-18 01:51:19 INFO  [WEBSOCKET,traceId=6aac4bbf7732483e50504e97aa149230,spanId=50504e97aa149230] [MessageBroker-1] c.s.w.service.PlayerStatusHandler - Total Online Players: 0
2026-09-18 01:51:19 INFO  [WEBSOCKET,traceId=6aac4bbf4ad1ce426513bf6301b81e2c,spanId=6513bf6301b81e2c] [MessageBroker-1] c.s.w.service.PlayerStatusHandler - Total Online Players: 0
2026-09-18 01:51:19 INFO  [WEBSOCKET,traceId=6aac4bbf30c76b486242729948faf0ee,spanId=6242729948faf0ee] [MessageBroker-1] c.s.w.service.PlayerStatusHandler - Total Online Players: 0
2026-09-18 01:51:19 INFO  [WEBSOCKET,traceId=6aac4bbfe091c838ef9c0ce52aa69138,spanId=ef9c0ce52aa69138] [MessageBroker-1] c.s.w.service.PlayerStatusHandler - Total Online Players: 0
2026-09-18 01:51:19 INFO  [WEBSOCKET,traceId=6aac4bbf28a74a802fa876d761bc2c54,spanId=2fa876d761bc2c54] [MessageBroker-1] c.s.w.service.PlayerStatusHandler - Total Online Players: 0
2026-09-18 01:51:19 INFO  [WEBSOCKET,traceId=6aac4bbf789330cc5120fcf87bfe858e,spanId=5120fcf87bfe858e] [MessageBroker-1] c.s.w.service.PlayerStatusHandler - Total Online Players: 0
2026-09-18 01:51:19 INFO  [WEBSOCKET,traceId=6aac4bbf9abadf546bd14ccca6a21cd9,spanId=6bd14ccca6a21cd9] [MessageBroker-1] c.s.w.service.PlayerStatusHandler - Total Online Players: 0
2026-09-18 01:51:19 INFO  [WEBSOCKET,traceId=6aac4bbfeaeb9513466c792fbca3c9ac,spanId=466c792fbca3c9ac] [MessageBroker-1] c.s.w.service.PlayerStatusHandler - Total Online Players: 0
2026-09-18 01:51:19 INFO  [WEBSOCKET,traceId=6aac4bbf1f3a2408e1b6bec0f014b6ab,spanId=e1b6bec0f014b6ab] [MessageBroker-1] c.s.w.service.PlayerStatusHandler - Total Online Players: 0
2026-09-18 01:51:19 INFO  [WEBSOCKET,traceId=6aac4bbfa7343e687275b71936187f0c,spanId=7275b71936187f0c] [MessageBroker-1] c.s.w.service.PlayerStatusHandler - Total Online Players: 0
2026-09-18 01:51:19 INFO  [WEBSOCKET,traceId=6aac4bbf8c9d1829811b36fd6cfae9a9,spanId=811b36fd6cfae9a9] [MessageBroker-1] c.s.w.service.PlayerStatusHandler - Total Online Players: 0
2026-09-18 01:51:19 INFO  [WEBSOCKET,traceId=6aac4bbf74c119dd68c0aedbb6096776,spanId=68c0aedbb6096776] [MessageBroker-1] c.s.w.service.PlayerStatusHandler - Total Online Players: 0
2026-09-18 01:51:19 INFO  [WEBSOCKET,traceId=6aac4bbf59b959738fccba0a2117dee9,spanId=8fccba0a2117dee9] [MessageBroker-1] c.s.w.service.PlayerStatusHandler - Total Online Players: 0
2026-09-18 01:51:19 INFO  [WEBSOCKET,traceId=6aac4bbfa03f9bb33578386f2823970e,spanId=3578386f2823970e] [MessageBroker-1] c.s.w.service.PlayerStatusHandler - Total Online Players: 0
2026-09-18 01:51:19 INFO  [WEBSOCKET,traceId=6aac4bbf61c04b5fef8a380d8de27ff1,spanId=ef8a380d8de27ff1] [MessageBroker-1] c.s.w.service.PlayerStatusHandler - Total Online Players: 0
2026-09-18 01:51:19 INFO  [WEBSOCKET,traceId=6aac4bbfcae3efb1ce4674493da861f6,spanId=ce4674493da861f6] [MessageBroker-1] c.s.w.service.PlayerStatusHandler - Total Online Players: 0
2026-09-18 01:51:19 INFO  [WEBSOCKET,traceId=6aac4bbf28e2b4d9dc9bcb5e84b7cd15,spanId=dc9bcb5e84b7cd15] [MessageBroker-1] c.s.w.service.PlayerStatusHandler - Total Online Players: 0
2026-09-18 01:51:19 INFO  [WEBSOCKET,traceId=6aac4bbf9317b485f9f001eaf7eabc8b,spanId=f9f001eaf7eabc8b] [MessageBroker-1] c.s.w.service.PlayerStatusHandler - Total Online Players: 0
2026-09-18 01:51:19 INFO  [WEBSOCKET,traceId=6aac4bbff345258d7a8debf8eba447b8,spanId=7a8debf8eba447b8] [MessageBroker-3] c.s.w.service.PlayerStatusHandler - Total Online Players: 0
2026-09-18 01:51:19 INFO  [WEBSOCKET,traceId=6aac4bbf6d33616f2d584d1af325e2f8,spanId=2d584d1af325e2f8] [MessageBroker-3] c.s.w.service.PlayerStatusHandler - Total Online Players: 0
2026-09-18 01:51:19 INFO  [WEBSOCKET,traceId=6aac4bbfdfe97bfcf05c8e3303332915,spanId=f05c8e3303332915] [MessageBroker-3] c.s.w.service.PlayerStatusHandler - Total Online Players: 0
2026-09-18 01:51:19 INFO  [WEBSOCKET,traceId=6aac4bbf3da2010dfe52136779f5e28c,spanId=fe52136779f5e28c] [MessageBroker-3] c.s.w.service.PlayerStatusHandler - Total Online Players: 0
2026-09-18 01:51:19 INFO  [WEBSOCKET,traceId=6aac4bbf288807f10b9f6ec20a0dab1a,spanId=0b9f6ec20a0dab1a] [MessageBroker-1] c.s.w.service.PlayerStatusHandler - Total Online Players: 0
2026-09-18 01:51:19 INFO  [WEBSOCKET,traceId=6aac4bbfe9b87bbe17bab2cd2f119d6e,spanId=17bab2cd2f119d6e] [MessageBroker-3] c.s.w.service.PlayerStatusHandler - Total Online Players: 0
2026-09-18 01:51:19 INFO  [WEBSOCKET,traceId=6aac4bbf419c627d62b679cc3fd52d5a,spanId=62b679cc3fd52d5a] [MessageBroker-3] c.s.w.service.PlayerStatusHandler - Total Online Players: 0
2026-09-18 01:51:19 INFO  [WEBSOCKET,traceId=6aac4bbfa9828f2ce61a4513d725709a,spanId=e61a4513d725709a] [MessageBroker-3] c.s.w.service.PlayerStatusHandler - Total Online Players: 0
2026-09-18 01:51:19 INFO  [WEBSOCKET,traceId=6aac4bbf68e09f248de9921124f51fe1,spanId=8de9921124f51fe1] [MessageBroker-3] c.s.w.service.PlayerStatusHandler - Total Online Players: 0
2026-09-18 01:51:19 INFO  [WEBSOCKET,traceId=6aac4bbf11faefb2fd374f23bc64c039,spanId=fd374f23bc64c039] [MessageBroker-3] c.s.w.service.PlayerStatusHandler - Total Online Players: 0
2026-09-18 13:35:36 INFO  [WEBSOCKET,traceId=,spanId=] [MessageBroker-4] o.s.w.s.c.WebSocketMessageBrokerStats - WebSocketSession[0 current WS(0)-HttpStream(0)-HttpPoll(0), 0 total, 0 closed abnormally (0 connect failure, 0 send limit, 0 transport error)], stompSubProtocol[processed CONNECT(0)-CONNECTED(0)-DISCONNECT(0)], stompBrokerRelay[null], inboundChannel[pool size = 0, active threads = 0, queued tasks = 0, completed tasks = 0], outboundChannel[pool size = 0, active threads = 0, queued tasks = 0, completed tasks = 0], sockJsScheduler[pool size = 4, active threads = 1, queued tasks = 0, completed tasks = 400]
2026-09-18 13:35:36 INFO  [WEBSOCKET,traceId=6aacf0d069542eee8b01541d5b30cfbe,spanId=8b01541d5b30cfbe] [MessageBroker-3] c.s.w.service.PlayerStatusHandler - Total Online Players: 0
2026-09-18 13:35:36 INFO  [WEBSOCKET,traceId=6aacf0d009a4ad0c28928ed650e32a00,spanId=28928ed650e32a00] [MessageBroker-3] c.s.w.service.PlayerStatusHandler - Total Online Players: 0
2026-09-18 13:35:36 INFO  [WEBSOCKET,traceId=6aacf0d0f5f3dc2a08d0e7a13de394bf,spanId=08d0e7a13de394bf] [MessageBroker-1] c.s.w.service.PlayerStatusHandler - Total Online Players: 0
2026-09-18 13:35:36 INFO  [WEBSOCKET,traceId=6aacf0d051e7d19b58182ba9e17fd302,spanId=58182ba9e17fd302] [MessageBroker-1] c.s.w.service.PlayerStatusHandler - Total Online Players: 0
2026-09-18 13:35:36 INFO  [WEBSOCKET,traceId=6aacf0d05ca96b80c35b2d8d102a679c,spanId=c35b2d8d102a679c] [MessageBroker-1] c.s.w.service.PlayerStatusHandler - Total Online Players: 0
2026-09-18 13:35:36 INFO  [WEBSOCKET,traceId=6aacf0d096ee0629d78b68b62030a93e,spanId=d78b68b62030a93e] [MessageBroker-1] c.s.w.service.PlayerStatusHandler - Total Online Players: 0
2026-09-18 13:35:36 INFO  [WEBSOCKET,traceId=6aacf0d040642509ca6585ee9f7ecccb,spanId=ca6585ee9f7ecccb] [MessageBroker-1] c.s.w.service.PlayerStatusHandler - Total Online Players: 0
2026-09-18 13:35:36 INFO  [WEBSOCKET,traceId=6aacf0d091ca549944ce926143b8df02,spanId=44ce926143b8df02] [MessageBroker-1] c.s.w.service.PlayerStatusHandler - Total Online Players: 0
2026-09-18 13:35:36 INFO  [WEBSOCKET,traceId=6aacf0d03bd7e165a1c8451b9f582808,spanId=a1c8451b9f582808] [MessageBroker-1] c.s.w.service.PlayerStatusHandler - Total Online Players: 0
2026-09-18 13:35:36 INFO  [WEBSOCKET,traceId=6aacf0d0df70d9374de454b70eade553,spanId=4de454b70eade553] [MessageBroker-1] c.s.w.service.PlayerStatusHandler - Total Online Players: 0
2026-09-18 13:35:36 INFO  [WEBSOCKET,traceId=6aacf0d03df26e125f7736302fba9858,spanId=5f7736302fba9858] [MessageBroker-1] c.s.w.service.PlayerStatusHandler - Total Online Players: 0
2026-09-18 13:35:36 INFO  [WEBSOCKET,traceId=6aacf0d0c9cacd5a271941dff7fec596,spanId=271941dff7fec596] [MessageBroker-1] c.s.w.service.PlayerStatusHandler - Total Online Players: 0
2026-09-18 13:35:36 INFO  [WEBSOCKET,traceId=6aacf0d03678b1d50e14e615cba664dc,spanId=0e14e615cba664dc] [MessageBroker-1] c.s.w.service.PlayerStatusHandler - Total Online Players: 0
2026-09-18 13:35:36 INFO  [WEBSOCKET,traceId=6aacf0d05ab82ca19562a73da5eb04cb,spanId=9562a73da5eb04cb] [MessageBroker-1] c.s.w.service.PlayerStatusHandler - Total Online Players: 0
2026-09-18 13:35:37 INFO  [WEBSOCKET,traceId=6aacf0d1a87a5b483e9f1da41bd72f48,spanId=3e9f1da41bd72f48] [MessageBroker-1] c.s.w.service.PlayerStatusHandler - Total Online Players: 0
2026-09-18 13:35:37 INFO  [WEBSOCKET,traceId=6aacf0d194fa11b9ff8db365f5e69bef,spanId=ff8db365f5e69bef] [MessageBroker-1] c.s.w.service.PlayerStatusHandler - Total Online Players: 0
2026-09-18 13:35:37 INFO  [WEBSOCKET,traceId=6aacf0d19e144bc290e77951125d3e08,spanId=90e77951125d3e08] [MessageBroker-1] c.s.w.service.PlayerStatusHandler - Total Online Players: 0
2026-09-18 13:35:37 INFO  [WEBSOCKET,traceId=6aacf0d10e6b818e942249676afe5ed9,spanId=942249676afe5ed9] [MessageBroker-1] c.s.w.service.PlayerStatusHandler - Total Online Players: 0
2026-09-18 13:35:37 INFO  [WEBSOCKET,traceId=6aacf0d1a7f23479bce98be30e80a1eb,spanId=bce98be30e80a1eb] [MessageBroker-1] c.s.w.service.PlayerStatusHandler - Total Online Players: 0
2026-09-18 13:35:37 INFO  [WEBSOCKET,traceId=6aacf0d151d0500cde27f6d251fe9acf,spanId=de27f6d251fe9acf] [MessageBroker-1] c.s.w.service.PlayerStatusHandler - Total Online Players: 0
2026-09-18 13:35:37 INFO  [WEBSOCKET,traceId=6aacf0d13f253b207de781a159fb038b,spanId=7de781a159fb038b] [MessageBroker-1] c.s.w.service.PlayerStatusHandler - Total Online Players: 0
2026-09-18 13:35:37 INFO  [WEBSOCKET,traceId=6aacf0d185dfddb37d01be3ff5ec6ff8,spanId=7d01be3ff5ec6ff8] [MessageBroker-1] c.s.w.service.PlayerStatusHandler - Total Online Players: 0
2026-09-18 13:35:37 INFO  [WEBSOCKET,traceId=,spanId=] [cluster-ClusterId{value='6aac1d5834db5b549a8c3f89', description='Cluster0'}-ac-2s659uf-shard-00-02.pvohmlz.mongodb.net:27017] org.mongodb.driver.cluster - Exception in monitor thread while connecting to server ac-2s659uf-shard-00-02.pvohmlz.mongodb.net:27017
com.mongodb.MongoSocketException: ac-2s659uf-shard-00-02.pvohmlz.mongodb.net
	at com.mongodb.internal.connection.ServerAddressHelper.getSocketAddresses(ServerAddressHelper.java:75)
	at com.mongodb.internal.connection.SocketStream.initializeSocket(SocketStream.java:100)
	at com.mongodb.internal.connection.SocketStream.open(SocketStream.java:79)
	at com.mongodb.internal.connection.InternalStreamConnection.open(InternalStreamConnection.java:233)
	at com.mongodb.internal.connection.DefaultServerMonitor$ServerMonitor.lookupServerDescription(DefaultServerMonitor.java:219)
	at com.mongodb.internal.connection.DefaultServerMonitor$ServerMonitor.run(DefaultServerMonitor.java:176)
Caused by: java.net.UnknownHostException: ac-2s659uf-shard-00-02.pvohmlz.mongodb.net
	at java.base/java.net.InetAddress$CachedLookup.get(InetAddress.java:988)
	at java.base/java.net.InetAddress$NameServiceAddresses.get(InetAddress.java:1191)
	at java.base/java.net.InetAddress.getAllByName0(InetAddress.java:1818)
	at java.base/java.net.InetAddress.getAllByName(InetAddress.java:1688)
	at com.mongodb.internal.connection.DefaultInetAddressResolver.lookupByName(DefaultInetAddressResolver.java:34)
	at com.mongodb.internal.connection.ServerAddressHelper.getSocketAddresses(ServerAddressHelper.java:71)
	... 5 common frames omitted
2026-09-18 13:35:37 INFO  [WEBSOCKET,traceId=,spanId=] [cluster-ClusterId{value='6aac1d5834db5b549a8c3f89', description='Cluster0'}-ac-2s659uf-shard-00-00.pvohmlz.mongodb.net:27017] org.mongodb.driver.cluster - Exception in monitor thread while connecting to server ac-2s659uf-shard-00-00.pvohmlz.mongodb.net:27017
com.mongodb.MongoSocketException: ac-2s659uf-shard-00-00.pvohmlz.mongodb.net
	at com.mongodb.internal.connection.ServerAddressHelper.getSocketAddresses(ServerAddressHelper.java:75)
	at com.mongodb.internal.connection.SocketStream.initializeSocket(SocketStream.java:100)
	at com.mongodb.internal.connection.SocketStream.open(SocketStream.java:79)
	at com.mongodb.internal.connection.InternalStreamConnection.open(InternalStreamConnection.java:233)
	at com.mongodb.internal.connection.DefaultServerMonitor$ServerMonitor.lookupServerDescription(DefaultServerMonitor.java:219)
	at com.mongodb.internal.connection.DefaultServerMonitor$ServerMonitor.run(DefaultServerMonitor.java:176)
Caused by: java.net.UnknownHostException: ac-2s659uf-shard-00-00.pvohmlz.mongodb.net
	at java.base/java.net.InetAddress$CachedLookup.get(InetAddress.java:988)
	at java.base/java.net.InetAddress$NameServiceAddresses.get(InetAddress.java:1191)
	at java.base/java.net.InetAddress.getAllByName0(InetAddress.java:1818)
	at java.base/java.net.InetAddress.getAllByName(InetAddress.java:1688)
	at com.mongodb.internal.connection.DefaultInetAddressResolver.lookupByName(DefaultInetAddressResolver.java:34)
	at com.mongodb.internal.connection.ServerAddressHelper.getSocketAddresses(ServerAddressHelper.java:71)
	... 5 common frames omitted
2026-09-18 13:35:37 INFO  [WEBSOCKET,traceId=6aacf0d103eb72a99432fd2b29bee60b,spanId=9432fd2b29bee60b] [MessageBroker-1] c.s.w.service.PlayerStatusHandler - Total Online Players: 0
2026-09-18 13:35:37 INFO  [WEBSOCKET,traceId=6aacf0d165a2fc2e2d7f9514465d3c5c,spanId=2d7f9514465d3c5c] [MessageBroker-1] c.s.w.service.PlayerStatusHandler - Total Online Players: 0
2026-09-18 13:35:37 INFO  [WEBSOCKET,traceId=6aacf0d1dded648a092620bfee3b73ca,spanId=092620bfee3b73ca] [MessageBroker-2] c.s.w.service.PlayerStatusHandler - Total Online Players: 0
2026-09-18 13:35:37 INFO  [WEBSOCKET,traceId=6aacf0d17b04e995b7b16b75e68f51e5,spanId=b7b16b75e68f51e5] [MessageBroker-2] c.s.w.service.PlayerStatusHandler - Total Online Players: 0
2026-09-18 13:35:37 INFO  [WEBSOCKET,traceId=6aacf0d19e1fd19ccf16e888dbbee4cc,spanId=cf16e888dbbee4cc] [MessageBroker-2] c.s.w.service.PlayerStatusHandler - Total Online Players: 0
2026-09-18 13:35:37 INFO  [WEBSOCKET,traceId=6aacf0d1bbfbbb30b50ed9422ac4097f,spanId=b50ed9422ac4097f] [MessageBroker-2] c.s.w.service.PlayerStatusHandler - Total Online Players: 0
2026-09-18 13:35:37 INFO  [WEBSOCKET,traceId=6aacf0d1d1ff679ba60c3ec92aa9a306,spanId=a60c3ec92aa9a306] [MessageBroker-2] c.s.w.service.PlayerStatusHandler - Total Online Players: 0
2026-09-18 13:35:37 INFO  [WEBSOCKET,traceId=6aacf0d116aefea60e1a77ee1add88a5,spanId=0e1a77ee1add88a5] [MessageBroker-2] c.s.w.service.PlayerStatusHandler - Total Online Players: 0
2026-09-18 13:35:37 INFO  [WEBSOCKET,traceId=6aacf0d1795ece0c48d13319780070e2,spanId=48d13319780070e2] [MessageBroker-2] c.s.w.service.PlayerStatusHandler - Total Online Players: 0
2026-09-18 13:35:37 INFO  [WEBSOCKET,traceId=6aacf0d1b2061768e08d0e4e3a79d2bb,spanId=e08d0e4e3a79d2bb] [MessageBroker-2] c.s.w.service.PlayerStatusHandler - Total Online Players: 0
2026-09-18 13:35:37 INFO  [WEBSOCKET,traceId=6aacf0d1e69a3ae8159ae3168feb2c19,spanId=159ae3168feb2c19] [MessageBroker-2] c.s.w.service.PlayerStatusHandler - Total Online Players: 0
2026-09-18 13:35:37 INFO  [WEBSOCKET,traceId=6aacf0d1b81ce16c997b3a66d0f641e5,spanId=997b3a66d0f641e5] [MessageBroker-2] c.s.w.service.PlayerStatusHandler - Total Online Players: 0
2026-09-18 13:35:37 INFO  [WEBSOCKET,traceId=6aacf0d17aa11d05669ccc28d149478b,spanId=669ccc28d149478b] [MessageBroker-2] c.s.w.service.PlayerStatusHandler - Total Online Players: 0
2026-09-18 13:35:37 INFO  [WEBSOCKET,traceId=6aacf0d182030724310f7d3a04ea2bc2,spanId=310f7d3a04ea2bc2] [MessageBroker-2] c.s.w.service.PlayerStatusHandler - Total Online Players: 0
2026-09-18 13:35:37 INFO  [WEBSOCKET,traceId=6aacf0d16a160ca2454b6fa48aad260a,spanId=454b6fa48aad260a] [MessageBroker-2] c.s.w.service.PlayerStatusHandler - Total Online Players: 0
2026-09-18 13:35:37 INFO  [WEBSOCKET,traceId=6aacf0d1cde53ee2348c4ad43d73fa52,spanId=348c4ad43d73fa52] [MessageBroker-2] c.s.w.service.PlayerStatusHandler - Total Online Players: 0
2026-09-18 13:35:37 INFO  [WEBSOCKET,traceId=6aacf0d1502cea1c51aa43c3c511f7be,spanId=51aa43c3c511f7be] [MessageBroker-2] c.s.w.service.PlayerStatusHandler - Total Online Players: 0
2026-09-18 13:35:37 INFO  [WEBSOCKET,traceId=6aacf0d15d26186e89586d6a16743def,spanId=89586d6a16743def] [MessageBroker-2] c.s.w.service.PlayerStatusHandler - Total Online Players: 0
2026-09-18 13:35:37 INFO  [WEBSOCKET,traceId=6aacf0d1791ff49301f8f2f134769c41,spanId=01f8f2f134769c41] [MessageBroker-2] c.s.w.service.PlayerStatusHandler - Total Online Players: 0
2026-09-18 13:35:37 INFO  [WEBSOCKET,traceId=6aacf0d1e4e17d015d96fac7bfb98ee5,spanId=5d96fac7bfb98ee5] [MessageBroker-2] c.s.w.service.PlayerStatusHandler - Total Online Players: 0
2026-09-18 13:35:37 INFO  [WEBSOCKET,traceId=6aacf0d144a66476c7f795e5dd191091,spanId=c7f795e5dd191091] [MessageBroker-4] c.s.w.service.PlayerStatusHandler - Total Online Players: 0
2026-09-18 13:35:37 INFO  [WEBSOCKET,traceId=6aacf0d118e8cda725bf2f69e4edaf1e,spanId=25bf2f69e4edaf1e] [MessageBroker-4] c.s.w.service.PlayerStatusHandler - Total Online Players: 0
2026-09-18 13:35:37 INFO  [WEBSOCKET,traceId=6aacf0d11220dd2e2f2f3aab3fc3a2c9,spanId=2f2f3aab3fc3a2c9] [MessageBroker-4] c.s.w.service.PlayerStatusHandler - Total Online Players: 0
2026-09-18 13:35:37 INFO  [WEBSOCKET,traceId=6aacf0d1d684b1f09f935cc37b8d5dc0,spanId=9f935cc37b8d5dc0] [MessageBroker-4] c.s.w.service.PlayerStatusHandler - Total Online Players: 0
2026-09-18 13:35:37 INFO  [WEBSOCKET,traceId=6aacf0d12440cdd93e4c33669e4dde9a,spanId=3e4c33669e4dde9a] [MessageBroker-4] c.s.w.service.PlayerStatusHandler - Total Online Players: 0
2026-09-18 13:35:37 INFO  [WEBSOCKET,traceId=6aacf0d156914cffec5d5155a63a168a,spanId=ec5d5155a63a168a] [MessageBroker-4] c.s.w.service.PlayerStatusHandler - Total Online Players: 0
2026-09-18 13:35:37 INFO  [WEBSOCKET,traceId=6aacf0d1abc60bd4b123ace8d77162df,spanId=b123ace8d77162df] [MessageBroker-4] c.s.w.service.PlayerStatusHandler - Total Online Players: 0
2026-09-18 13:35:37 INFO  [WEBSOCKET,traceId=6aacf0d1307c905892196ed67ac08e6d,spanId=92196ed67ac08e6d] [MessageBroker-4] c.s.w.service.PlayerStatusHandler - Total Online Players: 0
2026-09-18 13:35:37 INFO  [WEBSOCKET,traceId=6aacf0d1b238d7fb03af3ca97abc10c3,spanId=03af3ca97abc10c3] [MessageBroker-4] c.s.w.service.PlayerStatusHandler - Total Online Players: 0
2026-09-18 13:35:37 INFO  [WEBSOCKET,traceId=6aacf0d1f51ca65978855c28f8ec08e4,spanId=78855c28f8ec08e4] [MessageBroker-4] c.s.w.service.PlayerStatusHandler - Total Online Players: 0
2026-09-18 13:35:37 INFO  [WEBSOCKET,traceId=6aacf0d13161fd85af0c19b7895b8a04,spanId=af0c19b7895b8a04] [MessageBroker-4] c.s.w.service.PlayerStatusHandler - Total Online Players: 0
2026-09-18 13:35:37 INFO  [WEBSOCKET,traceId=6aacf0d1abe5adfc18205adf5b8bb80d,spanId=18205adf5b8bb80d] [MessageBroker-4] c.s.w.service.PlayerStatusHandler - Total Online Players: 0
2026-09-18 13:35:37 INFO  [WEBSOCKET,traceId=6aacf0d1f93d38c3a4bb9d2fb46a9aa1,spanId=a4bb9d2fb46a9aa1] [MessageBroker-4] c.s.w.service.PlayerStatusHandler - Total Online Players: 0
2026-09-18 13:35:37 INFO  [WEBSOCKET,traceId=6aacf0d118668684c24b8231749dbfaa,spanId=c24b8231749dbfaa] [MessageBroker-4] c.s.w.service.PlayerStatusHandler - Total Online Players: 0
2026-09-18 13:35:37 INFO  [WEBSOCKET,traceId=6aacf0d1d66d7bb3a6ed111cbb44f002,spanId=a6ed111cbb44f002] [MessageBroker-4] c.s.w.service.PlayerStatusHandler - Total Online Players: 0
2026-09-18 13:35:37 INFO  [WEBSOCKET,traceId=6aacf0d1732aa615646c3f8b2e53a2e9,spanId=646c3f8b2e53a2e9] [MessageBroker-4] c.s.w.service.PlayerStatusHandler - Total Online Players: 0
2026-09-18 13:35:37 INFO  [WEBSOCKET,traceId=6aacf0d1cc07ee1f4d7ec5afa89d9e32,spanId=4d7ec5afa89d9e32] [MessageBroker-4] c.s.w.service.PlayerStatusHandler - Total Online Players: 0
2026-09-18 13:35:37 INFO  [WEBSOCKET,traceId=6aacf0d15090f2d1490d4419035bb275,spanId=490d4419035bb275] [MessageBroker-4] c.s.w.service.PlayerStatusHandler - Total Online Players: 0
2026-09-18 13:35:37 INFO  [WEBSOCKET,traceId=6aacf0d19913d751b2c34a4a58b40d15,spanId=b2c34a4a58b40d15] [MessageBroker-4] c.s.w.service.PlayerStatusHandler - Total Online Players: 0
2026-09-18 13:35:37 INFO  [WEBSOCKET,traceId=6aacf0d1cdca599496ee196732af09c0,spanId=96ee196732af09c0] [MessageBroker-1] c.s.w.service.PlayerStatusHandler - Total Online Players: 0
2026-09-18 13:35:37 INFO  [WEBSOCKET,traceId=6aacf0d161065ba96854a5fb35eecb1f,spanId=6854a5fb35eecb1f] [MessageBroker-1] c.s.w.service.PlayerStatusHandler - Total Online Players: 0
2026-09-18 13:35:37 INFO  [WEBSOCKET,traceId=6aacf0d187ed01af99622783d14cdefa,spanId=99622783d14cdefa] [MessageBroker-1] c.s.w.service.PlayerStatusHandler - Total Online Players: 0
2026-09-18 13:35:37 INFO  [WEBSOCKET,traceId=6aacf0d1ae2c9fe88f63ef4a03aecb3f,spanId=8f63ef4a03aecb3f] [MessageBroker-1] c.s.w.service.PlayerStatusHandler - Total Online Players: 0
2026-09-18 13:35:37 INFO  [WEBSOCKET,traceId=6aacf0d1f031959dd6648b5af4b31c76,spanId=d6648b5af4b31c76] [MessageBroker-1] c.s.w.service.PlayerStatusHandler - Total Online Players: 0
2026-09-18 13:35:37 INFO  [WEBSOCKET,traceId=6aacf0d1b89e4fd98ec5ccd2c7b1fb4b,spanId=8ec5ccd2c7b1fb4b] [MessageBroker-1] c.s.w.service.PlayerStatusHandler - Total Online Players: 0
2026-09-18 13:35:37 INFO  [WEBSOCKET,traceId=6aacf0d1cbfa3b083d1624d447a7ee0f,spanId=3d1624d447a7ee0f] [MessageBroker-1] c.s.w.service.PlayerStatusHandler - Total Online Players: 0
2026-09-18 13:35:37 INFO  [WEBSOCKET,traceId=6aacf0d14402e95cc8631e01aa1c2ab1,spanId=c8631e01aa1c2ab1] [MessageBroker-1] c.s.w.service.PlayerStatusHandler - Total Online Players: 0
2026-09-18 13:35:37 INFO  [WEBSOCKET,traceId=6aacf0d1a66657e83f617a59886d1478,spanId=3f617a59886d1478] [MessageBroker-1] c.s.w.service.PlayerStatusHandler - Total Online Players: 0
2026-09-18 13:35:37 INFO  [WEBSOCKET,traceId=6aacf0d1f0e8d40d0e5cdb5096c34016,spanId=0e5cdb5096c34016] [MessageBroker-3] c.s.w.service.PlayerStatusHandler - Total Online Players: 0
2026-09-18 13:35:37 INFO  [WEBSOCKET,traceId=6aacf0d111c15f2deea4cbd14256fc11,spanId=eea4cbd14256fc11] [MessageBroker-3] c.s.w.service.PlayerStatusHandler - Total Online Players: 0
2026-09-18 13:35:37 INFO  [WEBSOCKET,traceId=6aacf0d1b5023218b46b9d7c47c8d5bf,spanId=b46b9d7c47c8d5bf] [MessageBroker-3] c.s.w.service.PlayerStatusHandler - Total Online Players: 0
2026-09-18 13:35:37 INFO  [WEBSOCKET,traceId=6aacf0d12d667290db1463eabe92e55c,spanId=db1463eabe92e55c] [MessageBroker-3] c.s.w.service.PlayerStatusHandler - Total Online Players: 0
2026-09-18 13:35:37 INFO  [WEBSOCKET,traceId=6aacf0d14c4fb55a3fab4e1c44c89985,spanId=3fab4e1c44c89985] [MessageBroker-3] c.s.w.service.PlayerStatusHandler - Total Online Players: 0
2026-09-18 13:35:37 INFO  [WEBSOCKET,traceId=6aacf0d12565c7f81c84bbe42ce1a2d2,spanId=1c84bbe42ce1a2d2] [MessageBroker-3] c.s.w.service.PlayerStatusHandler - Total Online Players: 0
2026-09-18 13:35:37 INFO  [WEBSOCKET,traceId=6aacf0d12326f89ad993daf69d439410,spanId=d993daf69d439410] [MessageBroker-3] c.s.w.service.PlayerStatusHandler - Total Online Players: 0
2026-09-18 13:35:37 INFO  [WEBSOCKET,traceId=6aacf0d16d61efbe7cad38fb8ff43be2,spanId=7cad38fb8ff43be2] [MessageBroker-3] c.s.w.service.PlayerStatusHandler - Total Online Players: 0
2026-09-18 13:35:37 INFO  [WEBSOCKET,traceId=6aacf0d1b7b5b7f16bb8c2789a1408df,spanId=6bb8c2789a1408df] [MessageBroker-3] c.s.w.service.PlayerStatusHandler - Total Online Players: 0
2026-09-18 13:35:37 INFO  [WEBSOCKET,traceId=6aacf0d1647c569536861a8f81b347f5,spanId=36861a8f81b347f5] [MessageBroker-3] c.s.w.service.PlayerStatusHandler - Total Online Players: 0
2026-09-18 13:35:37 INFO  [WEBSOCKET,traceId=6aacf0d17e6aaa0b55859005c75c883b,spanId=55859005c75c883b] [MessageBroker-3] c.s.w.service.PlayerStatusHandler - Total Online Players: 0
2026-09-18 13:35:37 INFO  [WEBSOCKET,traceId=6aacf0d122410036630809251e34a7eb,spanId=630809251e34a7eb] [MessageBroker-3] c.s.w.service.PlayerStatusHandler - Total Online Players: 0
2026-09-18 13:35:37 INFO  [WEBSOCKET,traceId=6aacf0d14f1574c405c4bfeb705ed702,spanId=05c4bfeb705ed702] [MessageBroker-3] c.s.w.service.PlayerStatusHandler - Total Online Players: 0
2026-09-18 13:35:37 INFO  [WEBSOCKET,traceId=6aacf0d122b4e80b9c7e53419c5f343c,spanId=9c7e53419c5f343c] [MessageBroker-3] c.s.w.service.PlayerStatusHandler - Total Online Players: 0
2026-09-18 13:35:37 INFO  [WEBSOCKET,traceId=6aacf0d1861317b0ed27db115ee5ddc8,spanId=ed27db115ee5ddc8] [MessageBroker-3] c.s.w.service.PlayerStatusHandler - Total Online Players: 0
2026-09-18 13:35:37 INFO  [WEBSOCKET,traceId=6aacf0d14cb87508802d9f0a8d75ae07,spanId=802d9f0a8d75ae07] [MessageBroker-1] c.s.w.service.PlayerStatusHandler - Total Online Players: 0
2026-09-18 13:35:37 INFO  [WEBSOCKET,traceId=6aacf0d1769864f07bf7e4060ca7083d,spanId=7bf7e4060ca7083d] [MessageBroker-1] c.s.w.service.PlayerStatusHandler - Total Online Players: 0
2026-09-18 13:35:37 INFO  [WEBSOCKET,traceId=6aacf0d1ca2a63e0c776ce59e5ad9a2f,spanId=c776ce59e5ad9a2f] [MessageBroker-1] c.s.w.service.PlayerStatusHandler - Total Online Players: 0
2026-09-18 13:35:37 INFO  [WEBSOCKET,traceId=6aacf0d13410aa775f041d3609fcc61a,spanId=5f041d3609fcc61a] [MessageBroker-1] c.s.w.service.PlayerStatusHandler - Total Online Players: 0
2026-09-18 13:35:37 INFO  [WEBSOCKET,traceId=6aacf0d101eac862b87055598203c17d,spanId=b87055598203c17d] [MessageBroker-1] c.s.w.service.PlayerStatusHandler - Total Online Players: 0
2026-09-18 13:35:37 INFO  [WEBSOCKET,traceId=6aacf0d15a065df42b3e4346643941fe,spanId=2b3e4346643941fe] [MessageBroker-1] c.s.w.service.PlayerStatusHandler - Total Online Players: 0
2026-09-18 13:35:37 INFO  [WEBSOCKET,traceId=6aacf0d1c068f35170dbc8c68d302f94,spanId=70dbc8c68d302f94] [MessageBroker-2] c.s.w.service.PlayerStatusHandler - Total Online Players: 0
2026-09-18 13:35:37 INFO  [WEBSOCKET,traceId=6aacf0d1118f67b5049cd007f057e4de,spanId=049cd007f057e4de] [MessageBroker-2] c.s.w.service.PlayerStatusHandler - Total Online Players: 0
2026-09-18 13:35:37 INFO  [WEBSOCKET,traceId=6aacf0d14d1eca8720463e3ceb4afe00,spanId=20463e3ceb4afe00] [MessageBroker-2] c.s.w.service.PlayerStatusHandler - Total Online Players: 0
2026-09-18 13:35:37 INFO  [WEBSOCKET,traceId=6aacf0d1b776a7db836f8fe016e285eb,spanId=836f8fe016e285eb] [MessageBroker-2] c.s.w.service.PlayerStatusHandler - Total Online Players: 0
2026-09-18 13:35:37 INFO  [WEBSOCKET,traceId=6aacf0d156f42f130167d5062c442937,spanId=0167d5062c442937] [MessageBroker-2] c.s.w.service.PlayerStatusHandler - Total Online Players: 0
2026-09-18 13:35:37 INFO  [WEBSOCKET,traceId=6aacf0d1ca9e649474f6bee2f0804633,spanId=74f6bee2f0804633] [MessageBroker-2] c.s.w.service.PlayerStatusHandler - Total Online Players: 0
2026-09-18 13:35:37 INFO  [WEBSOCKET,traceId=6aacf0d179476c906c80056575cc41ae,spanId=6c80056575cc41ae] [MessageBroker-4] c.s.w.service.PlayerStatusHandler - Total Online Players: 0
2026-09-18 13:35:37 INFO  [WEBSOCKET,traceId=6aacf0d1029b997c9a5739f39f7bebef,spanId=9a5739f39f7bebef] [MessageBroker-4] c.s.w.service.PlayerStatusHandler - Total Online Players: 0
2026-09-18 13:35:37 INFO  [WEBSOCKET,traceId=6aacf0d1675c84fe22e64a3a64ef8ac1,spanId=22e64a3a64ef8ac1] [MessageBroker-4] c.s.w.service.PlayerStatusHandler - Total Online Players: 0
2026-09-18 13:35:37 INFO  [WEBSOCKET,traceId=6aacf0d1b2a97221c41d4e2442e180f3,spanId=c41d4e2442e180f3] [MessageBroker-4] c.s.w.service.PlayerStatusHandler - Total Online Players: 0
2026-09-18 13:35:37 INFO  [WEBSOCKET,traceId=6aacf0d1089b19dc22da8e7476e8229d,spanId=22da8e7476e8229d] [MessageBroker-4] c.s.w.service.PlayerStatusHandler - Total Online Players: 0
2026-09-18 13:35:37 INFO  [WEBSOCKET,traceId=6aacf0d188d3fb84f62dfabb8de07746,spanId=f62dfabb8de07746] [MessageBroker-4] c.s.w.service.PlayerStatusHandler - Total Online Players: 0
2026-09-18 13:35:37 INFO  [WEBSOCKET,traceId=6aacf0d164bbec1f33432b9763297334,spanId=33432b9763297334] [MessageBroker-3] c.s.w.service.PlayerStatusHandler - Total Online Players: 0
2026-09-18 13:35:37 INFO  [WEBSOCKET,traceId=6aacf0d1a2a636f9a42dffd3007b0c67,spanId=a42dffd3007b0c67] [MessageBroker-3] c.s.w.service.PlayerStatusHandler - Total Online Players: 0
2026-09-18 13:35:37 INFO  [WEBSOCKET,traceId=6aacf0d1b0dbbd90718700f409a86418,spanId=718700f409a86418] [MessageBroker-3] c.s.w.service.PlayerStatusHandler - Total Online Players: 0
2026-09-18 13:35:37 INFO  [WEBSOCKET,traceId=6aacf0d1c2652a55beda73d65f05286c,spanId=beda73d65f05286c] [MessageBroker-3] c.s.w.service.PlayerStatusHandler - Total Online Players: 0
2026-09-18 13:35:37 INFO  [WEBSOCKET,traceId=6aacf0d10270096fb73fad6ddade2270,spanId=b73fad6ddade2270] [MessageBroker-3] c.s.w.service.PlayerStatusHandler - Total Online Players: 0
2026-09-18 13:35:37 INFO  [WEBSOCKET,traceId=6aacf0d17acdbb3a07a1d448c2770180,spanId=07a1d448c2770180] [MessageBroker-3] c.s.w.service.PlayerStatusHandler - Total Online Players: 0
2026-09-18 13:35:37 INFO  [WEBSOCKET,traceId=6aacf0d1aaf3a8338bd30f7d0585d3bf,spanId=8bd30f7d0585d3bf] [MessageBroker-3] c.s.w.service.PlayerStatusHandler - Total Online Players: 0
2026-09-18 13:35:37 INFO  [WEBSOCKET,traceId=6aacf0d1fd2f840e9d9bc04553a7fa38,spanId=9d9bc04553a7fa38] [MessageBroker-3] c.s.w.service.PlayerStatusHandler - Total Online Players: 0
2026-09-18 13:35:37 INFO  [WEBSOCKET,traceId=6aacf0d1ce6638a0a61e4aafd1f7275e,spanId=a61e4aafd1f7275e] [MessageBroker-3] c.s.w.service.PlayerStatusHandler - Total Online Players: 0
2026-09-18 13:35:37 INFO  [WEBSOCKET,traceId=6aacf0d1f7170769c1604efffdef32dc,spanId=c1604efffdef32dc] [MessageBroker-3] c.s.w.service.PlayerStatusHandler - Total Online Players: 0
2026-09-18 13:35:37 INFO  [WEBSOCKET,traceId=6aacf0d18dfd82802a9fac543b1fc779,spanId=2a9fac543b1fc779] [MessageBroker-3] c.s.w.service.PlayerStatusHandler - Total Online Players: 0
2026-09-18 13:35:37 INFO  [WEBSOCKET,traceId=6aacf0d14c7745925500a39eac9d6615,spanId=5500a39eac9d6615] [MessageBroker-3] c.s.w.service.PlayerStatusHandler - Total Online Players: 0
2026-09-18 13:35:37 INFO  [WEBSOCKET,traceId=6aacf0d1fa6e4fc991e6c8a028d701c0,spanId=91e6c8a028d701c0] [MessageBroker-3] c.s.w.service.PlayerStatusHandler - Total Online Players: 0
2026-09-18 13:35:37 INFO  [WEBSOCKET,traceId=6aacf0d1a7601fb435ba7fcf4b9d1117,spanId=35ba7fcf4b9d1117] [MessageBroker-3] c.s.w.service.PlayerStatusHandler - Total Online Players: 0
2026-09-18 13:35:37 INFO  [WEBSOCKET,traceId=6aacf0d166a6f27f2f19001772d51331,spanId=2f19001772d51331] [MessageBroker-3] c.s.w.service.PlayerStatusHandler - Total Online Players: 0
2026-09-18 13:35:37 INFO  [WEBSOCKET,traceId=6aacf0d1fe7e5617fd62381b6855cf76,spanId=fd62381b6855cf76] [MessageBroker-3] c.s.w.service.PlayerStatusHandler - Total Online Players: 0
2026-09-18 13:35:37 INFO  [WEBSOCKET,traceId=6aacf0d16e38058673dddf21deb87963,spanId=73dddf21deb87963] [MessageBroker-3] c.s.w.service.PlayerStatusHandler - Total Online Players: 0
2026-09-18 13:35:37 INFO  [WEBSOCKET,traceId=6aacf0d1aa861462ec8b3f356b5621c3,spanId=ec8b3f356b5621c3] [MessageBroker-4] c.s.w.service.PlayerStatusHandler - Total Online Players: 0
2026-09-18 13:35:37 INFO  [WEBSOCKET,traceId=6aacf0d178afe6475b5fc1705824e833,spanId=5b5fc1705824e833] [MessageBroker-4] c.s.w.service.PlayerStatusHandler - Total Online Players: 0
2026-09-18 13:35:37 INFO  [WEBSOCKET,traceId=6aacf0d1611495578fc0ad74dcf042c1,spanId=8fc0ad74dcf042c1] [MessageBroker-4] c.s.w.service.PlayerStatusHandler - Total Online Players: 0
2026-09-18 13:35:37 INFO  [WEBSOCKET,traceId=6aacf0d1e6693154002214638661edc8,spanId=002214638661edc8] [MessageBroker-4] c.s.w.service.PlayerStatusHandler - Total Online Players: 0
2026-09-18 13:35:37 INFO  [WEBSOCKET,traceId=6aacf0d1db164ca5a18e665e13afe0fb,spanId=a18e665e13afe0fb] [MessageBroker-4] c.s.w.service.PlayerStatusHandler - Total Online Players: 0
2026-09-18 13:35:38 INFO  [WEBSOCKET,traceId=6aacf0d1beb7167bfa638ce0abd422c8,spanId=fa638ce0abd422c8] [MessageBroker-4] c.s.w.service.PlayerStatusHandler - Total Online Players: 0
2026-09-18 13:35:38 INFO  [WEBSOCKET,traceId=6aacf0d227a35bfb66654e60b81ced12,spanId=66654e60b81ced12] [MessageBroker-1] c.s.w.service.PlayerStatusHandler - Total Online Players: 0
2026-09-18 13:35:38 INFO  [WEBSOCKET,traceId=6aacf0d26ebcc2830a548474b9c1a074,spanId=0a548474b9c1a074] [MessageBroker-1] c.s.w.service.PlayerStatusHandler - Total Online Players: 0
2026-09-18 13:35:38 INFO  [WEBSOCKET,traceId=6aacf0d254e57ce573796a95ad494756,spanId=73796a95ad494756] [MessageBroker-1] c.s.w.service.PlayerStatusHandler - Total Online Players: 0
2026-09-18 13:35:38 INFO  [WEBSOCKET,traceId=6aacf0d227958a4c4b7e985fb9c095f4,spanId=4b7e985fb9c095f4] [MessageBroker-1] c.s.w.service.PlayerStatusHandler - Total Online Players: 0
2026-09-18 13:35:38 INFO  [WEBSOCKET,traceId=6aacf0d23a303333e48f7467e3482d60,spanId=e48f7467e3482d60] [MessageBroker-1] c.s.w.service.PlayerStatusHandler - Total Online Players: 0
2026-09-18 13:35:38 INFO  [WEBSOCKET,traceId=6aacf0d2faafa0710592f8a66465debe,spanId=0592f8a66465debe] [MessageBroker-1] c.s.w.service.PlayerStatusHandler - Total Online Players: 0
2026-09-18 13:35:38 INFO  [WEBSOCKET,traceId=6aacf0d2df2f8d117e30375c011aaad2,spanId=7e30375c011aaad2] [MessageBroker-1] c.s.w.service.PlayerStatusHandler - Total Online Players: 0
2026-09-18 13:35:38 INFO  [WEBSOCKET,traceId=6aacf0d2f500a171d7994f3800554ea7,spanId=d7994f3800554ea7] [MessageBroker-1] c.s.w.service.PlayerStatusHandler - Total Online Players: 0
2026-09-18 13:35:38 INFO  [WEBSOCKET,traceId=6aacf0d2b23e90728f599449a659eceb,spanId=8f599449a659eceb] [MessageBroker-1] c.s.w.service.PlayerStatusHandler - Total Online Players: 0
2026-09-18 13:35:38 INFO  [WEBSOCKET,traceId=6aacf0d292b666c2f4f0adda76d47275,spanId=f4f0adda76d47275] [MessageBroker-1] c.s.w.service.PlayerStatusHandler - Total Online Players: 0
2026-09-18 13:35:38 INFO  [WEBSOCKET,traceId=6aacf0d27fa9c92224837c5e61871c94,spanId=24837c5e61871c94] [MessageBroker-1] c.s.w.service.PlayerStatusHandler - Total Online Players: 0
2026-09-18 13:35:38 INFO  [WEBSOCKET,traceId=6aacf0d2d5018c55c422cc626ea3c6a8,spanId=c422cc626ea3c6a8] [MessageBroker-1] c.s.w.service.PlayerStatusHandler - Total Online Players: 0
2026-09-18 13:35:38 INFO  [WEBSOCKET,traceId=6aacf0d2fa6432bd3363e42ed4965d57,spanId=3363e42ed4965d57] [MessageBroker-1] c.s.w.service.PlayerStatusHandler - Total Online Players: 0
2026-09-18 13:35:38 INFO  [WEBSOCKET,traceId=6aacf0d2515e481896fffa2802405504,spanId=96fffa2802405504] [MessageBroker-1] c.s.w.service.PlayerStatusHandler - Total Online Players: 0
2026-09-18 13:35:38 INFO  [WEBSOCKET,traceId=6aacf0d2d50d0d264243009554d99208,spanId=4243009554d99208] [MessageBroker-1] c.s.w.service.PlayerStatusHandler - Total Online Players: 0
2026-09-18 13:35:38 INFO  [WEBSOCKET,traceId=6aacf0d2262f14f9dbbff77ed8cbba30,spanId=dbbff77ed8cbba30] [MessageBroker-1] c.s.w.service.PlayerStatusHandler - Total Online Players: 0
2026-09-18 13:35:38 INFO  [WEBSOCKET,traceId=6aacf0d284845ebef247e67bfe0c2345,spanId=f247e67bfe0c2345] [MessageBroker-1] c.s.w.service.PlayerStatusHandler - Total Online Players: 0
2026-09-18 13:35:38 INFO  [WEBSOCKET,traceId=6aacf0d2f6769a19ecae37a404d149e4,spanId=ecae37a404d149e4] [MessageBroker-1] c.s.w.service.PlayerStatusHandler - Total Online Players: 0
2026-09-18 13:35:38 INFO  [WEBSOCKET,traceId=6aacf0d2780f887181392180107d69ce,spanId=81392180107d69ce] [MessageBroker-1] c.s.w.service.PlayerStatusHandler - Total Online Players: 0
2026-09-18 13:35:38 INFO  [WEBSOCKET,traceId=6aacf0d25ab6a047be071fcd9831505a,spanId=be071fcd9831505a] [MessageBroker-1] c.s.w.service.PlayerStatusHandler - Total Online Players: 0
2026-09-18 13:35:38 INFO  [WEBSOCKET,traceId=6aacf0d27c52b5414160348fd10afc58,spanId=4160348fd10afc58] [MessageBroker-1] c.s.w.service.PlayerStatusHandler - Total Online Players: 0
2026-09-18 13:35:38 INFO  [WEBSOCKET,traceId=6aacf0d22ae6e70b1e2e8a69d93c027b,spanId=1e2e8a69d93c027b] [MessageBroker-1] c.s.w.service.PlayerStatusHandler - Total Online Players: 0
2026-09-18 13:35:38 INFO  [WEBSOCKET,traceId=6aacf0d25c8c47b8445f5c6a6466a88d,spanId=445f5c6a6466a88d] [MessageBroker-1] c.s.w.service.PlayerStatusHandler - Total Online Players: 0
2026-09-18 13:35:38 INFO  [WEBSOCKET,traceId=6aacf0d293936eccca7957331ddacf97,spanId=ca7957331ddacf97] [MessageBroker-1] c.s.w.service.PlayerStatusHandler - Total Online Players: 0
2026-09-18 13:35:38 INFO  [WEBSOCKET,traceId=6aacf0d272f6bd4d0f86668f794946d4,spanId=0f86668f794946d4] [MessageBroker-1] c.s.w.service.PlayerStatusHandler - Total Online Players: 0
2026-09-18 13:35:38 INFO  [WEBSOCKET,traceId=6aacf0d258907704f10478c8d3ca7ba5,spanId=f10478c8d3ca7ba5] [MessageBroker-1] c.s.w.service.PlayerStatusHandler - Total Online Players: 0
2026-09-18 13:35:38 INFO  [WEBSOCKET,traceId=6aacf0d26a39d287e4b92066d063646e,spanId=e4b92066d063646e] [MessageBroker-1] c.s.w.service.PlayerStatusHandler - Total Online Players: 0
2026-09-18 13:35:38 INFO  [WEBSOCKET,traceId=6aacf0d24801529d67fc5eb016c17e5c,spanId=67fc5eb016c17e5c] [MessageBroker-1] c.s.w.service.PlayerStatusHandler - Total Online Players: 0
2026-09-18 13:35:38 INFO  [WEBSOCKET,traceId=6aacf0d2cb0a58558755afcba04cacb4,spanId=8755afcba04cacb4] [MessageBroker-1] c.s.w.service.PlayerStatusHandler - Total Online Players: 0
2026-09-18 13:35:38 INFO  [WEBSOCKET,traceId=6aacf0d25a7d747a665a63dda6cbebf2,spanId=665a63dda6cbebf2] [MessageBroker-1] c.s.w.service.PlayerStatusHandler - Total Online Players: 0
2026-09-18 13:35:38 INFO  [WEBSOCKET,traceId=6aacf0d289f1464e99e7a5eadb1ed9c1,spanId=99e7a5eadb1ed9c1] [MessageBroker-1] c.s.w.service.PlayerStatusHandler - Total Online Players: 0
2026-09-18 13:35:38 INFO  [WEBSOCKET,traceId=6aacf0d26ce5b5d5bcf5d1b5c6abab58,spanId=bcf5d1b5c6abab58] [MessageBroker-1] c.s.w.service.PlayerStatusHandler - Total Online Players: 0
2026-09-18 13:35:38 INFO  [WEBSOCKET,traceId=6aacf0d2d716a164a32ebe734b31abfe,spanId=a32ebe734b31abfe] [MessageBroker-1] c.s.w.service.PlayerStatusHandler - Total Online Players: 0
2026-09-18 13:35:38 INFO  [WEBSOCKET,traceId=6aacf0d262776da660945e7a237774c8,spanId=60945e7a237774c8] [MessageBroker-1] c.s.w.service.PlayerStatusHandler - Total Online Players: 0
2026-09-18 13:35:38 INFO  [WEBSOCKET,traceId=6aacf0d286ac85bbe1256349a1c0f0e5,spanId=e1256349a1c0f0e5] [MessageBroker-1] c.s.w.service.PlayerStatusHandler - Total Online Players: 0
2026-09-18 13:35:38 INFO  [WEBSOCKET,traceId=6aacf0d2e2127a75af5b7a80f7609150,spanId=af5b7a80f7609150] [MessageBroker-1] c.s.w.service.PlayerStatusHandler - Total Online Players: 0
2026-09-18 13:35:38 INFO  [WEBSOCKET,traceId=6aacf0d2fc6812c2d20b813aef133ff1,spanId=d20b813aef133ff1] [MessageBroker-1] c.s.w.service.PlayerStatusHandler - Total Online Players: 0
2026-09-18 13:35:38 INFO  [WEBSOCKET,traceId=6aacf0d2c0464692e67bdbe2d7fe7a8c,spanId=e67bdbe2d7fe7a8c] [MessageBroker-1] c.s.w.service.PlayerStatusHandler - Total Online Players: 0
2026-09-18 13:35:38 INFO  [WEBSOCKET,traceId=6aacf0d2f5fac47c71bc33ccbd65d4f2,spanId=71bc33ccbd65d4f2] [MessageBroker-1] c.s.w.service.PlayerStatusHandler - Total Online Players: 0
2026-09-18 13:35:38 INFO  [WEBSOCKET,traceId=6aacf0d227a0f70b37b8412bddaccf6f,spanId=37b8412bddaccf6f] [MessageBroker-1] c.s.w.service.PlayerStatusHandler - Total Online Players: 0
2026-09-18 13:35:38 INFO  [WEBSOCKET,traceId=6aacf0d2e04fb4d6fa2399684c9da70f,spanId=fa2399684c9da70f] [MessageBroker-2] c.s.w.service.PlayerStatusHandler - Total Online Players: 0
2026-09-18 13:35:38 INFO  [WEBSOCKET,traceId=6aacf0d21757890fdffba6ca9a9cd5dd,spanId=dffba6ca9a9cd5dd] [MessageBroker-2] c.s.w.service.PlayerStatusHandler - Total Online Players: 0
2026-09-18 13:35:38 INFO  [WEBSOCKET,traceId=6aacf0d2b268cbfa02186ad3cf63e6a2,spanId=02186ad3cf63e6a2] [MessageBroker-2] c.s.w.service.PlayerStatusHandler - Total Online Players: 0
2026-09-18 13:35:38 INFO  [WEBSOCKET,traceId=6aacf0d2b02586fe24a13ed370e888c4,spanId=24a13ed370e888c4] [MessageBroker-2] c.s.w.service.PlayerStatusHandler - Total Online Players: 0
2026-09-18 13:35:38 INFO  [WEBSOCKET,traceId=6aacf0d2a1cf45fc5c2e51508e9fc364,spanId=5c2e51508e9fc364] [MessageBroker-2] c.s.w.service.PlayerStatusHandler - Total Online Players: 0
2026-09-18 13:35:38 INFO  [WEBSOCKET,traceId=6aacf0d2aa73013c8b67c4bccd758bf9,spanId=8b67c4bccd758bf9] [MessageBroker-2] c.s.w.service.PlayerStatusHandler - Total Online Players: 0
2026-09-18 13:35:38 INFO  [WEBSOCKET,traceId=6aacf0d28c09da1d601c219d98f39094,spanId=601c219d98f39094] [MessageBroker-2] c.s.w.service.PlayerStatusHandler - Total Online Players: 0
2026-09-18 13:35:38 INFO  [WEBSOCKET,traceId=6aacf0d20d4f17155934606da7671b70,spanId=5934606da7671b70] [MessageBroker-2] c.s.w.service.PlayerStatusHandler - Total Online Players: 0
2026-09-18 13:35:38 INFO  [WEBSOCKET,traceId=6aacf0d2bc55a638e2c0099495dbd88b,spanId=e2c0099495dbd88b] [MessageBroker-2] c.s.w.service.PlayerStatusHandler - Total Online Players: 0
2026-09-18 13:35:38 INFO  [WEBSOCKET,traceId=6aacf0d29dda7f9c5aacd02b04db92d7,spanId=5aacd02b04db92d7] [MessageBroker-2] c.s.w.service.PlayerStatusHandler - Total Online Players: 0
2026-09-18 13:35:38 INFO  [WEBSOCKET,traceId=6aacf0d2cc6847c5920398e0a1662924,spanId=920398e0a1662924] [MessageBroker-2] c.s.w.service.PlayerStatusHandler - Total Online Players: 0
2026-09-18 13:35:38 INFO  [WEBSOCKET,traceId=6aacf0d2218f706642ce0442c4e13ec6,spanId=42ce0442c4e13ec6] [MessageBroker-2] c.s.w.service.PlayerStatusHandler - Total Online Players: 0
2026-09-18 13:35:38 INFO  [WEBSOCKET,traceId=6aacf0d2cdfc92d07884d47f2ffda81d,spanId=7884d47f2ffda81d] [MessageBroker-3] c.s.w.service.PlayerStatusHandler - Total Online Players: 0
2026-09-18 13:35:38 INFO  [WEBSOCKET,traceId=6aacf0d2b6b0bf554480247f1ab28e9e,spanId=4480247f1ab28e9e] [MessageBroker-3] c.s.w.service.PlayerStatusHandler - Total Online Players: 0
2026-09-18 13:35:38 INFO  [WEBSOCKET,traceId=6aacf0d2ce7fbacf0eb9d8a61c9b226f,spanId=0eb9d8a61c9b226f] [MessageBroker-3] c.s.w.service.PlayerStatusHandler - Total Online Players: 0
2026-09-18 13:35:38 INFO  [WEBSOCKET,traceId=6aacf0d219c3776c62e8403593c6af1a,spanId=62e8403593c6af1a] [MessageBroker-3] c.s.w.service.PlayerStatusHandler - Total Online Players: 0
2026-09-18 13:35:38 INFO  [WEBSOCKET,traceId=6aacf0d23f4ddb7575e3a698a8116bd9,spanId=75e3a698a8116bd9] [MessageBroker-3] c.s.w.service.PlayerStatusHandler - Total Online Players: 0
2026-09-18 13:35:38 INFO  [WEBSOCKET,traceId=6aacf0d295bffa54fd83221b742bc4c3,spanId=fd83221b742bc4c3] [MessageBroker-3] c.s.w.service.PlayerStatusHandler - Total Online Players: 0
2026-09-18 13:35:38 INFO  [WEBSOCKET,traceId=6aacf0d2c584cf03263099a408a457b5,spanId=263099a408a457b5] [MessageBroker-3] c.s.w.service.PlayerStatusHandler - Total Online Players: 0
2026-09-18 13:35:38 INFO  [WEBSOCKET,traceId=6aacf0d2c89db45314200422a077e60b,spanId=14200422a077e60b] [MessageBroker-3] c.s.w.service.PlayerStatusHandler - Total Online Players: 0
2026-09-18 13:35:38 INFO  [WEBSOCKET,traceId=6aacf0d2c0a93cd6617ce8556bd6336b,spanId=617ce8556bd6336b] [MessageBroker-3] c.s.w.service.PlayerStatusHandler - Total Online Players: 0
2026-09-18 13:35:38 INFO  [WEBSOCKET,traceId=6aacf0d23cf9b7ce25486aa9721d1303,spanId=25486aa9721d1303] [MessageBroker-3] c.s.w.service.PlayerStatusHandler - Total Online Players: 0
2026-09-18 13:35:38 INFO  [WEBSOCKET,traceId=6aacf0d2cb052f767045cb10c2e9cf39,spanId=7045cb10c2e9cf39] [MessageBroker-3] c.s.w.service.PlayerStatusHandler - Total Online Players: 0
2026-09-18 13:35:38 INFO  [WEBSOCKET,traceId=6aacf0d23b82be1d867e3ff06a71ea08,spanId=867e3ff06a71ea08] [MessageBroker-3] c.s.w.service.PlayerStatusHandler - Total Online Players: 0
2026-09-18 13:35:38 INFO  [WEBSOCKET,traceId=6aacf0d2063f85a465e29505ac76db63,spanId=65e29505ac76db63] [MessageBroker-3] c.s.w.service.PlayerStatusHandler - Total Online Players: 0
2026-09-18 13:35:38 INFO  [WEBSOCKET,traceId=6aacf0d25af735a8f3533de6145113d0,spanId=f3533de6145113d0] [MessageBroker-3] c.s.w.service.PlayerStatusHandler - Total Online Players: 0
2026-09-18 13:35:38 INFO  [WEBSOCKET,traceId=6aacf0d2c02028a7bd2b6ce167bcb24a,spanId=bd2b6ce167bcb24a] [MessageBroker-3] c.s.w.service.PlayerStatusHandler - Total Online Players: 0
2026-09-18 13:35:38 INFO  [WEBSOCKET,traceId=6aacf0d25c0359b0fedb13b7caf7e413,spanId=fedb13b7caf7e413] [MessageBroker-3] c.s.w.service.PlayerStatusHandler - Total Online Players: 0
2026-09-18 13:35:38 INFO  [WEBSOCKET,traceId=6aacf0d22e3b55254affc44c0a572382,spanId=4affc44c0a572382] [MessageBroker-4] c.s.w.service.PlayerStatusHandler - Total Online Players: 0
2026-09-18 13:35:38 INFO  [WEBSOCKET,traceId=6aacf0d2015826259b44d1f0205ae5c6,spanId=9b44d1f0205ae5c6] [MessageBroker-4] c.s.w.service.PlayerStatusHandler - Total Online Players: 0
2026-09-18 13:35:38 INFO  [WEBSOCKET,traceId=6aacf0d2fe06c377280675d2f50c722f,spanId=280675d2f50c722f] [MessageBroker-4] c.s.w.service.PlayerStatusHandler - Total Online Players: 0
2026-09-18 13:35:38 INFO  [WEBSOCKET,traceId=6aacf0d2d907889fb022a35c19e18a39,spanId=b022a35c19e18a39] [MessageBroker-4] c.s.w.service.PlayerStatusHandler - Total Online Players: 0
2026-09-18 13:35:38 INFO  [WEBSOCKET,traceId=6aacf0d2058e95eab3761d6440a81b0b,spanId=b3761d6440a81b0b] [MessageBroker-4] c.s.w.service.PlayerStatusHandler - Total Online Players: 0
2026-09-18 13:35:38 INFO  [WEBSOCKET,traceId=6aacf0d2de79e6e61527ce5293307188,spanId=1527ce5293307188] [MessageBroker-4] c.s.w.service.PlayerStatusHandler - Total Online Players: 0
2026-09-18 13:35:38 INFO  [WEBSOCKET,traceId=6aacf0d2c08f742a9edd902e1eaca93a,spanId=9edd902e1eaca93a] [MessageBroker-4] c.s.w.service.PlayerStatusHandler - Total Online Players: 0
2026-09-18 13:35:38 INFO  [WEBSOCKET,traceId=6aacf0d2b2c548faf6caa4b95e4ec03e,spanId=f6caa4b95e4ec03e] [MessageBroker-4] c.s.w.service.PlayerStatusHandler - Total Online Players: 0
2026-09-18 13:35:38 INFO  [WEBSOCKET,traceId=6aacf0d230369ea5e5db05f3405b752b,spanId=e5db05f3405b752b] [MessageBroker-4] c.s.w.service.PlayerStatusHandler - Total Online Players: 0
2026-09-18 13:35:38 INFO  [WEBSOCKET,traceId=6aacf0d2db9258f13b738dd5943aa9e7,spanId=3b738dd5943aa9e7] [MessageBroker-4] c.s.w.service.PlayerStatusHandler - Total Online Players: 0
2026-09-18 13:35:38 INFO  [WEBSOCKET,traceId=6aacf0d27cdf2472582a0d74944ea768,spanId=582a0d74944ea768] [MessageBroker-4] c.s.w.service.PlayerStatusHandler - Total Online Players: 0
2026-09-18 13:35:38 INFO  [WEBSOCKET,traceId=6aacf0d200971d8124dfe172213863e1,spanId=24dfe172213863e1] [MessageBroker-4] c.s.w.service.PlayerStatusHandler - Total Online Players: 0
2026-09-18 13:35:38 INFO  [WEBSOCKET,traceId=6aacf0d276667145fcaff187eda6f161,spanId=fcaff187eda6f161] [MessageBroker-4] c.s.w.service.PlayerStatusHandler - Total Online Players: 0
2026-09-18 13:35:38 INFO  [WEBSOCKET,traceId=6aacf0d201ca0e7713770375733ed9aa,spanId=13770375733ed9aa] [MessageBroker-4] c.s.w.service.PlayerStatusHandler - Total Online Players: 0
2026-09-18 13:35:38 INFO  [WEBSOCKET,traceId=6aacf0d2179fc657ea3829cc68162f15,spanId=ea3829cc68162f15] [MessageBroker-2] c.s.w.service.PlayerStatusHandler - Total Online Players: 0
2026-09-18 13:35:38 INFO  [WEBSOCKET,traceId=6aacf0d29c5bf4cd57d57c940b8a147c,spanId=57d57c940b8a147c] [MessageBroker-2] c.s.w.service.PlayerStatusHandler - Total Online Players: 0
2026-09-18 13:35:38 INFO  [WEBSOCKET,traceId=6aacf0d2f7582918afbac320c60f37a4,spanId=afbac320c60f37a4] [MessageBroker-2] c.s.w.service.PlayerStatusHandler - Total Online Players: 0
2026-09-18 13:35:38 INFO  [WEBSOCKET,traceId=6aacf0d292f164dc9b9647ef04c0f133,spanId=9b9647ef04c0f133] [MessageBroker-2] c.s.w.service.PlayerStatusHandler - Total Online Players: 0
2026-09-18 13:35:38 INFO  [WEBSOCKET,traceId=6aacf0d2e857125419e03bd536e1923d,spanId=19e03bd536e1923d] [MessageBroker-2] c.s.w.service.PlayerStatusHandler - Total Online Players: 0
2026-09-18 13:35:38 INFO  [WEBSOCKET,traceId=6aacf0d24b21976fe1d2485b908cbd41,spanId=e1d2485b908cbd41] [MessageBroker-2] c.s.w.service.PlayerStatusHandler - Total Online Players: 0
2026-09-18 13:35:38 INFO  [WEBSOCKET,traceId=6aacf0d2fd22d2ec992e43bc4ab6947b,spanId=992e43bc4ab6947b] [MessageBroker-2] c.s.w.service.PlayerStatusHandler - Total Online Players: 0
2026-09-18 13:35:38 INFO  [WEBSOCKET,traceId=6aacf0d2981bd42d5dbf03425fd2ce3e,spanId=5dbf03425fd2ce3e] [MessageBroker-2] c.s.w.service.PlayerStatusHandler - Total Online Players: 0
2026-09-18 13:35:38 INFO  [WEBSOCKET,traceId=6aacf0d2b595da449abf5adbc5329d9a,spanId=9abf5adbc5329d9a] [MessageBroker-2] c.s.w.service.PlayerStatusHandler - Total Online Players: 0
2026-09-18 13:35:38 INFO  [WEBSOCKET,traceId=6aacf0d2c9da04e02b4576d0a1f9db3a,spanId=2b4576d0a1f9db3a] [MessageBroker-2] c.s.w.service.PlayerStatusHandler - Total Online Players: 0
2026-09-18 13:35:38 INFO  [WEBSOCKET,traceId=6aacf0d205446065a43d95547f383749,spanId=a43d95547f383749] [MessageBroker-2] c.s.w.service.PlayerStatusHandler - Total Online Players: 0
2026-09-18 13:35:38 INFO  [WEBSOCKET,traceId=6aacf0d210733fb6eabca7b1e85c271b,spanId=eabca7b1e85c271b] [MessageBroker-2] c.s.w.service.PlayerStatusHandler - Total Online Players: 0
2026-09-18 13:35:38 INFO  [WEBSOCKET,traceId=6aacf0d262fb0c54325f6aa83f28a11d,spanId=325f6aa83f28a11d] [MessageBroker-2] c.s.w.service.PlayerStatusHandler - Total Online Players: 0
2026-09-18 13:35:38 INFO  [WEBSOCKET,traceId=6aacf0d265ec2309c5d924a50f26a480,spanId=c5d924a50f26a480] [MessageBroker-2] c.s.w.service.PlayerStatusHandler - Total Online Players: 0
2026-09-18 13:35:38 INFO  [WEBSOCKET,traceId=6aacf0d2a201382296ed567bdbf69e24,spanId=96ed567bdbf69e24] [MessageBroker-2] c.s.w.service.PlayerStatusHandler - Total Online Players: 0
2026-09-18 13:35:38 INFO  [WEBSOCKET,traceId=6aacf0d2763a6cedd2c3bade85420b37,spanId=d2c3bade85420b37] [MessageBroker-2] c.s.w.service.PlayerStatusHandler - Total Online Players: 0
2026-09-18 13:35:38 INFO  [WEBSOCKET,traceId=6aacf0d2a613a09eb32d853c7078e185,spanId=b32d853c7078e185] [MessageBroker-2] c.s.w.service.PlayerStatusHandler - Total Online Players: 0
2026-09-18 13:35:38 INFO  [WEBSOCKET,traceId=6aacf0d25fa494b9ad9c24107662b55b,spanId=ad9c24107662b55b] [MessageBroker-2] c.s.w.service.PlayerStatusHandler - Total Online Players: 0
2026-09-18 13:35:38 INFO  [WEBSOCKET,traceId=6aacf0d2ee3e466bd0379838c5b59138,spanId=d0379838c5b59138] [MessageBroker-2] c.s.w.service.PlayerStatusHandler - Total Online Players: 0
2026-09-18 13:35:38 INFO  [WEBSOCKET,traceId=6aacf0d2eb5b77f180045ea62602e726,spanId=80045ea62602e726] [MessageBroker-2] c.s.w.service.PlayerStatusHandler - Total Online Players: 0
2026-09-18 13:35:38 INFO  [WEBSOCKET,traceId=6aacf0d2dc1a6ea9ff5bf87a7e33c62c,spanId=ff5bf87a7e33c62c] [MessageBroker-2] c.s.w.service.PlayerStatusHandler - Total Online Players: 0
2026-09-18 13:35:38 INFO  [WEBSOCKET,traceId=6aacf0d2e7235e032eb10bbd9a38d9d1,spanId=2eb10bbd9a38d9d1] [MessageBroker-2] c.s.w.service.PlayerStatusHandler - Total Online Players: 0
2026-09-18 13:35:38 INFO  [WEBSOCKET,traceId=6aacf0d2c2590202a607a490834792aa,spanId=a607a490834792aa] [MessageBroker-2] c.s.w.service.PlayerStatusHandler - Total Online Players: 0
2026-09-18 13:35:38 INFO  [WEBSOCKET,traceId=6aacf0d2e75947d47033b7d51b5cc336,spanId=7033b7d51b5cc336] [MessageBroker-2] c.s.w.service.PlayerStatusHandler - Total Online Players: 0
2026-09-18 13:35:38 INFO  [WEBSOCKET,traceId=6aacf0d2a3108d39fbb2649821aad518,spanId=fbb2649821aad518] [MessageBroker-4] c.s.w.service.PlayerStatusHandler - Total Online Players: 0
2026-09-18 13:35:38 INFO  [WEBSOCKET,traceId=6aacf0d2a463e0df3cc10b16478d446c,spanId=3cc10b16478d446c] [MessageBroker-4] c.s.w.service.PlayerStatusHandler - Total Online Players: 0
2026-09-18 13:35:38 INFO  [WEBSOCKET,traceId=6aacf0d26989971f3c77ad588350b248,spanId=3c77ad588350b248] [MessageBroker-4] c.s.w.service.PlayerStatusHandler - Total Online Players: 0
2026-09-18 13:35:38 INFO  [WEBSOCKET,traceId=6aacf0d2c35e25ae8a8c134cd9ab4f65,spanId=8a8c134cd9ab4f65] [MessageBroker-4] c.s.w.service.PlayerStatusHandler - Total Online Players: 0
2026-09-18 13:35:38 INFO  [WEBSOCKET,traceId=6aacf0d2dcdfb14253ee4e8bdb409964,spanId=53ee4e8bdb409964] [MessageBroker-4] c.s.w.service.PlayerStatusHandler - Total Online Players: 0
2026-09-18 13:35:38 INFO  [WEBSOCKET,traceId=6aacf0d2cca7fec0f00e61e089256f5e,spanId=f00e61e089256f5e] [MessageBroker-4] c.s.w.service.PlayerStatusHandler - Total Online Players: 0
2026-09-18 13:35:38 INFO  [WEBSOCKET,traceId=6aacf0d2feaed197f179d4f2c46645ea,spanId=f179d4f2c46645ea] [MessageBroker-4] c.s.w.service.PlayerStatusHandler - Total Online Players: 0
2026-09-18 13:35:38 INFO  [WEBSOCKET,traceId=6aacf0d2669b8e5dcba8f1da8d35ba72,spanId=cba8f1da8d35ba72] [MessageBroker-4] c.s.w.service.PlayerStatusHandler - Total Online Players: 0
2026-09-18 13:35:38 INFO  [WEBSOCKET,traceId=6aacf0d26920bd19cde8f472c71c457b,spanId=cde8f472c71c457b] [MessageBroker-4] c.s.w.service.PlayerStatusHandler - Total Online Players: 0
2026-09-18 13:35:38 INFO  [WEBSOCKET,traceId=6aacf0d2b4f5e86b9777ff8583354c2d,spanId=9777ff8583354c2d] [MessageBroker-4] c.s.w.service.PlayerStatusHandler - Total Online Players: 0
2026-09-18 13:35:38 INFO  [WEBSOCKET,traceId=6aacf0d264440b2a7b77d0f759a4f0a4,spanId=7b77d0f759a4f0a4] [MessageBroker-4] c.s.w.service.PlayerStatusHandler - Total Online Players: 0
2026-09-18 13:35:38 INFO  [WEBSOCKET,traceId=6aacf0d2556deabf8fa5b0aa58ca98af,spanId=8fa5b0aa58ca98af] [MessageBroker-4] c.s.w.service.PlayerStatusHandler - Total Online Players: 0
2026-09-18 13:35:38 INFO  [WEBSOCKET,traceId=6aacf0d2b7211ebeb53ad9874000d2a8,spanId=b53ad9874000d2a8] [MessageBroker-4] c.s.w.service.PlayerStatusHandler - Total Online Players: 0
2026-09-18 13:35:38 INFO  [WEBSOCKET,traceId=6aacf0d25dca4c2b9e88ae4a8cd346c2,spanId=9e88ae4a8cd346c2] [MessageBroker-4] c.s.w.service.PlayerStatusHandler - Total Online Players: 0
2026-09-18 13:35:38 INFO  [WEBSOCKET,traceId=6aacf0d2b3facb43286121d995990940,spanId=286121d995990940] [MessageBroker-4] c.s.w.service.PlayerStatusHandler - Total Online Players: 0
2026-09-18 13:35:38 INFO  [WEBSOCKET,traceId=6aacf0d260eca1055eb86dcec6e45c73,spanId=5eb86dcec6e45c73] [MessageBroker-4] c.s.w.service.PlayerStatusHandler - Total Online Players: 0
2026-09-18 13:35:38 INFO  [WEBSOCKET,traceId=6aacf0d2c48c9b8e47c22498ec4cdef2,spanId=47c22498ec4cdef2] [MessageBroker-4] c.s.w.service.PlayerStatusHandler - Total Online Players: 0
2026-09-18 13:35:38 INFO  [WEBSOCKET,traceId=6aacf0d2dd98c15ab44959f6ef591c78,spanId=b44959f6ef591c78] [MessageBroker-4] c.s.w.service.PlayerStatusHandler - Total Online Players: 0
2026-09-18 13:35:38 INFO  [WEBSOCKET,traceId=6aacf0d29739546ade8bdb530aa76800,spanId=de8bdb530aa76800] [MessageBroker-4] c.s.w.service.PlayerStatusHandler - Total Online Players: 0
2026-09-18 13:35:38 INFO  [WEBSOCKET,traceId=6aacf0d2a8c2cc4145be29c9cd61bda2,spanId=45be29c9cd61bda2] [MessageBroker-4] c.s.w.service.PlayerStatusHandler - Total Online Players: 0
2026-09-18 13:35:38 INFO  [WEBSOCKET,traceId=6aacf0d232935edbab9880c14efe4b62,spanId=ab9880c14efe4b62] [MessageBroker-4] c.s.w.service.PlayerStatusHandler - Total Online Players: 0
2026-09-18 13:35:38 INFO  [WEBSOCKET,traceId=6aacf0d2eccf82df465e9e9eac25ec78,spanId=465e9e9eac25ec78] [MessageBroker-4] c.s.w.service.PlayerStatusHandler - Total Online Players: 0
2026-09-18 13:35:38 INFO  [WEBSOCKET,traceId=6aacf0d26c84f133b089322078e90cdc,spanId=b089322078e90cdc] [MessageBroker-4] c.s.w.service.PlayerStatusHandler - Total Online Players: 0
2026-09-18 13:35:38 INFO  [WEBSOCKET,traceId=6aacf0d2147013a32f6a42e4a04d8d5e,spanId=2f6a42e4a04d8d5e] [MessageBroker-4] c.s.w.service.PlayerStatusHandler - Total Online Players: 0
2026-09-18 13:35:38 INFO  [WEBSOCKET,traceId=6aacf0d2e8dd56c62825e10c238ef2bb,spanId=2825e10c238ef2bb] [MessageBroker-4] c.s.w.service.PlayerStatusHandler - Total Online Players: 0
2026-09-18 13:35:38 INFO  [WEBSOCKET,traceId=6aacf0d2242c71cb80e671beed07d632,spanId=80e671beed07d632] [MessageBroker-4] c.s.w.service.PlayerStatusHandler - Total Online Players: 0
2026-09-18 13:35:38 INFO  [WEBSOCKET,traceId=6aacf0d2d698c824a80fe71e5b73a5aa,spanId=a80fe71e5b73a5aa] [MessageBroker-4] c.s.w.service.PlayerStatusHandler - Total Online Players: 0
2026-09-18 13:35:38 INFO  [WEBSOCKET,traceId=6aacf0d23d334ab56aa5716dc8ea1a02,spanId=6aa5716dc8ea1a02] [MessageBroker-4] c.s.w.service.PlayerStatusHandler - Total Online Players: 0
2026-09-18 13:35:38 INFO  [WEBSOCKET,traceId=6aacf0d278b79cdcb9ff593101a727ff,spanId=b9ff593101a727ff] [MessageBroker-1] c.s.w.service.PlayerStatusHandler - Total Online Players: 0
2026-09-18 13:35:38 INFO  [WEBSOCKET,traceId=6aacf0d27ec4c44dafb7352b9e3e0dad,spanId=afb7352b9e3e0dad] [MessageBroker-1] c.s.w.service.PlayerStatusHandler - Total Online Players: 0
2026-09-18 13:35:38 INFO  [WEBSOCKET,traceId=6aacf0d2f40b5c2dcf14efe3ae5b51cf,spanId=cf14efe3ae5b51cf] [MessageBroker-1] c.s.w.service.PlayerStatusHandler - Total Online Players: 0
2026-09-18 13:35:38 INFO  [WEBSOCKET,traceId=6aacf0d2dd1d6d45ac1a5c6b7e8eb936,spanId=ac1a5c6b7e8eb936] [MessageBroker-1] c.s.w.service.PlayerStatusHandler - Total Online Players: 0
2026-09-18 13:35:38 INFO  [WEBSOCKET,traceId=6aacf0d230a84d98502ecd559af23451,spanId=502ecd559af23451] [MessageBroker-1] c.s.w.service.PlayerStatusHandler - Total Online Players: 0
2026-09-18 13:35:38 INFO  [WEBSOCKET,traceId=6aacf0d215b2e83af52aa2b42a75a7cc,spanId=f52aa2b42a75a7cc] [MessageBroker-1] c.s.w.service.PlayerStatusHandler - Total Online Players: 0
2026-09-18 13:35:38 INFO  [WEBSOCKET,traceId=6aacf0d24db6464a17a531d6aec6d0c9,spanId=17a531d6aec6d0c9] [MessageBroker-1] c.s.w.service.PlayerStatusHandler - Total Online Players: 0
2026-09-18 13:35:38 INFO  [WEBSOCKET,traceId=6aacf0d249c428a94f2024821acdff31,spanId=4f2024821acdff31] [MessageBroker-1] c.s.w.service.PlayerStatusHandler - Total Online Players: 0
2026-09-18 13:35:38 INFO  [WEBSOCKET,traceId=6aacf0d22ba7089e9ee314b88695d8ff,spanId=9ee314b88695d8ff] [MessageBroker-1] c.s.w.service.PlayerStatusHandler - Total Online Players: 0
2026-09-18 13:35:38 INFO  [WEBSOCKET,traceId=6aacf0d221424b100edc69147307438c,spanId=0edc69147307438c] [MessageBroker-1] c.s.w.service.PlayerStatusHandler - Total Online Players: 0
2026-09-18 13:35:38 INFO  [WEBSOCKET,traceId=6aacf0d2c7e777921a9d30bdd59da660,spanId=1a9d30bdd59da660] [MessageBroker-1] c.s.w.service.PlayerStatusHandler - Total Online Players: 0
2026-09-18 13:35:38 INFO  [WEBSOCKET,traceId=6aacf0d266938660d8ef1a7d1fab9b02,spanId=d8ef1a7d1fab9b02] [MessageBroker-1] c.s.w.service.PlayerStatusHandler - Total Online Players: 0
2026-09-18 13:35:38 INFO  [WEBSOCKET,traceId=6aacf0d296516b8353b707d840ed6242,spanId=53b707d840ed6242] [MessageBroker-3] c.s.w.service.PlayerStatusHandler - Total Online Players: 0
2026-09-18 13:35:38 INFO  [WEBSOCKET,traceId=6aacf0d2b8294300aec164c43de0ff6c,spanId=aec164c43de0ff6c] [MessageBroker-3] c.s.w.service.PlayerStatusHandler - Total Online Players: 0
2026-09-18 13:35:38 INFO  [WEBSOCKET,traceId=6aacf0d2318e9a5407df7f7381a10f6d,spanId=07df7f7381a10f6d] [MessageBroker-3] c.s.w.service.PlayerStatusHandler - Total Online Players: 0
2026-09-18 13:35:38 INFO  [WEBSOCKET,traceId=6aacf0d2c5390ce2764d099baaec8d3a,spanId=764d099baaec8d3a] [MessageBroker-3] c.s.w.service.PlayerStatusHandler - Total Online Players: 0
2026-09-18 13:35:38 INFO  [WEBSOCKET,traceId=6aacf0d2694a1b1d7cdb8f242cd45a93,spanId=7cdb8f242cd45a93] [MessageBroker-3] c.s.w.service.PlayerStatusHandler - Total Online Players: 0
2026-09-18 13:35:38 INFO  [WEBSOCKET,traceId=6aacf0d2fe2b519b3f39ec722a8a5814,spanId=3f39ec722a8a5814] [MessageBroker-3] c.s.w.service.PlayerStatusHandler - Total Online Players: 0
2026-09-18 13:35:38 INFO  [WEBSOCKET,traceId=6aacf0d252d52cbc8f0b2b6433273251,spanId=8f0b2b6433273251] [MessageBroker-3] c.s.w.service.PlayerStatusHandler - Total Online Players: 0
2026-09-18 13:35:38 INFO  [WEBSOCKET,traceId=6aacf0d24de6d0b1e032c826ea342cc9,spanId=e032c826ea342cc9] [MessageBroker-3] c.s.w.service.PlayerStatusHandler - Total Online Players: 0
2026-09-18 13:35:38 INFO  [WEBSOCKET,traceId=6aacf0d2a7f9a295f51d94056684636b,spanId=f51d94056684636b] [MessageBroker-3] c.s.w.service.PlayerStatusHandler - Total Online Players: 0
2026-09-18 13:35:38 INFO  [WEBSOCKET,traceId=6aacf0d28feb12a1866f4d50d343a516,spanId=866f4d50d343a516] [MessageBroker-3] c.s.w.service.PlayerStatusHandler - Total Online Players: 0
2026-09-18 13:35:38 INFO  [WEBSOCKET,traceId=6aacf0d23f9f2cc970cd6acff7b26546,spanId=70cd6acff7b26546] [MessageBroker-3] c.s.w.service.PlayerStatusHandler - Total Online Players: 0
2026-09-18 13:35:38 INFO  [WEBSOCKET,traceId=6aacf0d25d0ce5cb342c3b89aa7b149c,spanId=342c3b89aa7b149c] [MessageBroker-3] c.s.w.service.PlayerStatusHandler - Total Online Players: 0
2026-09-18 13:35:38 INFO  [WEBSOCKET,traceId=6aacf0d25fd9ff35b754921b0bbf7337,spanId=b754921b0bbf7337] [MessageBroker-3] c.s.w.service.PlayerStatusHandler - Total Online Players: 0
2026-09-18 13:35:38 INFO  [WEBSOCKET,traceId=6aacf0d2b0febc3eb023384cf03838f5,spanId=b023384cf03838f5] [MessageBroker-3] c.s.w.service.PlayerStatusHandler - Total Online Players: 0
2026-09-18 13:35:38 INFO  [WEBSOCKET,traceId=6aacf0d295d490ec5dd59ec3e443c86c,spanId=5dd59ec3e443c86c] [MessageBroker-3] c.s.w.service.PlayerStatusHandler - Total Online Players: 0
2026-09-18 13:35:38 INFO  [WEBSOCKET,traceId=6aacf0d2cccd0d8d52893bdbe924f4a0,spanId=52893bdbe924f4a0] [MessageBroker-3] c.s.w.service.PlayerStatusHandler - Total Online Players: 0
2026-09-18 13:35:38 INFO  [WEBSOCKET,traceId=6aacf0d255ea794527d9cd98490d4365,spanId=27d9cd98490d4365] [MessageBroker-3] c.s.w.service.PlayerStatusHandler - Total Online Players: 0
2026-09-18 13:35:38 INFO  [WEBSOCKET,traceId=6aacf0d2f93f56e8d3e60dbdfb0e87cf,spanId=d3e60dbdfb0e87cf] [MessageBroker-3] c.s.w.service.PlayerStatusHandler - Total Online Players: 0
2026-09-18 13:35:38 INFO  [WEBSOCKET,traceId=6aacf0d207ed41ba9c501a7c070fa57e,spanId=9c501a7c070fa57e] [MessageBroker-3] c.s.w.service.PlayerStatusHandler - Total Online Players: 0
2026-09-18 13:35:38 INFO  [WEBSOCKET,traceId=6aacf0d2749c3f2ea25ebcf84ec1b29a,spanId=a25ebcf84ec1b29a] [MessageBroker-3] c.s.w.service.PlayerStatusHandler - Total Online Players: 0
2026-09-18 13:35:38 INFO  [WEBSOCKET,traceId=6aacf0d2cd28e4abc0dad9ddbfc49235,spanId=c0dad9ddbfc49235] [MessageBroker-3] c.s.w.service.PlayerStatusHandler - Total Online Players: 0
2026-09-18 13:35:38 INFO  [WEBSOCKET,traceId=6aacf0d214319e074c61f2be1f403c11,spanId=4c61f2be1f403c11] [MessageBroker-3] c.s.w.service.PlayerStatusHandler - Total Online Players: 0
2026-09-18 13:35:38 INFO  [WEBSOCKET,traceId=6aacf0d27caa4e1bced3026df5c1a142,spanId=ced3026df5c1a142] [MessageBroker-3] c.s.w.service.PlayerStatusHandler - Total Online Players: 0
2026-09-18 13:35:38 INFO  [WEBSOCKET,traceId=6aacf0d222e947679582859c62a38ba7,spanId=9582859c62a38ba7] [MessageBroker-3] c.s.w.service.PlayerStatusHandler - Total Online Players: 0
2026-09-18 13:35:38 INFO  [WEBSOCKET,traceId=6aacf0d2dfeaf2f328e2b466f3215e2d,spanId=28e2b466f3215e2d] [MessageBroker-3] c.s.w.service.PlayerStatusHandler - Total Online Players: 0
2026-09-18 13:35:38 INFO  [WEBSOCKET,traceId=6aacf0d29694c7ef39f5c7595eb8174f,spanId=39f5c7595eb8174f] [MessageBroker-4] c.s.w.service.PlayerStatusHandler - Total Online Players: 0
2026-09-18 13:35:38 INFO  [WEBSOCKET,traceId=6aacf0d2f760937c0021069c402f3c7d,spanId=0021069c402f3c7d] [MessageBroker-4] c.s.w.service.PlayerStatusHandler - Total Online Players: 0
2026-09-18 13:35:38 INFO  [WEBSOCKET,traceId=6aacf0d2a831e732c6281e2d8ab9866c,spanId=c6281e2d8ab9866c] [MessageBroker-4] c.s.w.service.PlayerStatusHandler - Total Online Players: 0
2026-09-18 13:35:38 INFO  [WEBSOCKET,traceId=6aacf0d202120d96100f0ac64e870617,spanId=100f0ac64e870617] [MessageBroker-4] c.s.w.service.PlayerStatusHandler - Total Online Players: 0
2026-09-18 13:35:38 INFO  [WEBSOCKET,traceId=6aacf0d249f5554d28c2737479022f4a,spanId=28c2737479022f4a] [MessageBroker-4] c.s.w.service.PlayerStatusHandler - Total Online Players: 0
2026-09-18 13:35:38 INFO  [WEBSOCKET,traceId=6aacf0d255b9e7c6904a004dde70cf02,spanId=904a004dde70cf02] [MessageBroker-4] c.s.w.service.PlayerStatusHandler - Total Online Players: 0
2026-09-18 13:35:38 INFO  [WEBSOCKET,traceId=6aacf0d2a6c31e10baddd725c9827924,spanId=baddd725c9827924] [MessageBroker-4] c.s.w.service.PlayerStatusHandler - Total Online Players: 0
2026-09-18 13:35:38 INFO  [WEBSOCKET,traceId=6aacf0d26f2344981e619e9748323c7e,spanId=1e619e9748323c7e] [MessageBroker-4] c.s.w.service.PlayerStatusHandler - Total Online Players: 0
2026-09-18 13:35:38 INFO  [WEBSOCKET,traceId=6aacf0d253f2ecd6e1690dc29f95e5cc,spanId=e1690dc29f95e5cc] [MessageBroker-4] c.s.w.service.PlayerStatusHandler - Total Online Players: 0
2026-09-18 13:35:38 INFO  [WEBSOCKET,traceId=6aacf0d23000eaaff392c27f4b410caf,spanId=f392c27f4b410caf] [MessageBroker-4] c.s.w.service.PlayerStatusHandler - Total Online Players: 0
2026-09-18 13:35:38 INFO  [WEBSOCKET,traceId=6aacf0d2abac904d2f032cfa63c8f9ae,spanId=2f032cfa63c8f9ae] [MessageBroker-4] c.s.w.service.PlayerStatusHandler - Total Online Players: 0
2026-09-18 13:35:38 INFO  [WEBSOCKET,traceId=6aacf0d29f679f79e71f008c6367a9ad,spanId=e71f008c6367a9ad] [MessageBroker-4] c.s.w.service.PlayerStatusHandler - Total Online Players: 0
2026-09-18 13:35:38 INFO  [WEBSOCKET,traceId=6aacf0d25ee43764c40176d2e464be84,spanId=c40176d2e464be84] [MessageBroker-4] c.s.w.service.PlayerStatusHandler - Total Online Players: 0
2026-09-18 13:35:38 INFO  [WEBSOCKET,traceId=6aacf0d21e51348e92410ad5cdfdfd0c,spanId=92410ad5cdfdfd0c] [MessageBroker-4] c.s.w.service.PlayerStatusHandler - Total Online Players: 0
2026-09-18 13:35:38 INFO  [WEBSOCKET,traceId=6aacf0d2828f94ea17089f35caf6d509,spanId=17089f35caf6d509] [MessageBroker-4] c.s.w.service.PlayerStatusHandler - Total Online Players: 0
2026-09-18 13:35:38 INFO  [WEBSOCKET,traceId=6aacf0d2107e43cf265c3813749377fc,spanId=265c3813749377fc] [MessageBroker-4] c.s.w.service.PlayerStatusHandler - Total Online Players: 0
2026-09-18 13:35:38 INFO  [WEBSOCKET,traceId=6aacf0d2f712f9c6b2d5a6d9c718db57,spanId=b2d5a6d9c718db57] [MessageBroker-4] c.s.w.service.PlayerStatusHandler - Total Online Players: 0
2026-09-18 13:35:38 INFO  [WEBSOCKET,traceId=6aacf0d247e77c092e27d122c569b2d6,spanId=2e27d122c569b2d6] [MessageBroker-4] c.s.w.service.PlayerStatusHandler - Total Online Players: 0
2026-09-18 13:35:38 INFO  [WEBSOCKET,traceId=6aacf0d26c6021c5021b7578c5d93463,spanId=021b7578c5d93463] [MessageBroker-1] c.s.w.service.PlayerStatusHandler - Total Online Players: 0
2026-09-18 13:35:38 INFO  [WEBSOCKET,traceId=6aacf0d275ced0be65666d4c834454d5,spanId=65666d4c834454d5] [MessageBroker-1] c.s.w.service.PlayerStatusHandler - Total Online Players: 0
2026-09-18 13:35:38 INFO  [WEBSOCKET,traceId=6aacf0d25bf2960809b3b4ffcf06e244,spanId=09b3b4ffcf06e244] [MessageBroker-1] c.s.w.service.PlayerStatusHandler - Total Online Players: 0
2026-09-18 13:35:38 INFO  [WEBSOCKET,traceId=6aacf0d28c30c2d24fc8def104e6d7e3,spanId=4fc8def104e6d7e3] [MessageBroker-1] c.s.w.service.PlayerStatusHandler - Total Online Players: 0
2026-09-18 13:35:38 INFO  [WEBSOCKET,traceId=6aacf0d2d68872d3b60d27dde457d405,spanId=b60d27dde457d405] [MessageBroker-1] c.s.w.service.PlayerStatusHandler - Total Online Players: 0
2026-09-18 13:35:38 INFO  [WEBSOCKET,traceId=6aacf0d2814c9ea3bde60a8b3daa54ed,spanId=bde60a8b3daa54ed] [MessageBroker-1] c.s.w.service.PlayerStatusHandler - Total Online Players: 0
2026-09-18 13:35:38 INFO  [WEBSOCKET,traceId=6aacf0d28d8e411870d5ec67f69982b6,spanId=70d5ec67f69982b6] [MessageBroker-1] c.s.w.service.PlayerStatusHandler - Total Online Players: 0
2026-09-18 13:35:38 INFO  [WEBSOCKET,traceId=6aacf0d28565cd33800280d0b294bed1,spanId=800280d0b294bed1] [MessageBroker-1] c.s.w.service.PlayerStatusHandler - Total Online Players: 0
2026-09-18 13:35:38 INFO  [WEBSOCKET,traceId=6aacf0d2ea6956cd2c3b6e538c4e8756,spanId=2c3b6e538c4e8756] [MessageBroker-1] c.s.w.service.PlayerStatusHandler - Total Online Players: 0
2026-09-18 13:35:38 INFO  [WEBSOCKET,traceId=6aacf0d2b6d55128222254548c9a2246,spanId=222254548c9a2246] [MessageBroker-1] c.s.w.service.PlayerStatusHandler - Total Online Players: 0
2026-09-18 13:35:38 INFO  [WEBSOCKET,traceId=6aacf0d2b0b509a8b5021686b1d0f1cf,spanId=b5021686b1d0f1cf] [MessageBroker-1] c.s.w.service.PlayerStatusHandler - Total Online Players: 0
2026-09-18 13:35:38 INFO  [WEBSOCKET,traceId=6aacf0d282f7a02903a58b91eea78e35,spanId=03a58b91eea78e35] [MessageBroker-1] c.s.w.service.PlayerStatusHandler - Total Online Players: 0
2026-09-18 13:35:38 INFO  [WEBSOCKET,traceId=6aacf0d2096c46bc46525abd32d8f8d7,spanId=46525abd32d8f8d7] [MessageBroker-1] c.s.w.service.PlayerStatusHandler - Total Online Players: 0
2026-09-18 13:35:38 INFO  [WEBSOCKET,traceId=6aacf0d2c2ca5d61698742e5b0db2c17,spanId=698742e5b0db2c17] [MessageBroker-1] c.s.w.service.PlayerStatusHandler - Total Online Players: 0
2026-09-18 13:35:38 INFO  [WEBSOCKET,traceId=6aacf0d2282b82937f41b06b2d12d729,spanId=7f41b06b2d12d729] [MessageBroker-2] c.s.w.service.PlayerStatusHandler - Total Online Players: 0
2026-09-18 13:35:38 INFO  [WEBSOCKET,traceId=6aacf0d25ff0758046d9a2bac7f93f49,spanId=46d9a2bac7f93f49] [MessageBroker-2] c.s.w.service.PlayerStatusHandler - Total Online Players: 0
2026-09-18 13:35:38 INFO  [WEBSOCKET,traceId=6aacf0d23f093a6243db6c6a80980e07,spanId=43db6c6a80980e07] [MessageBroker-2] c.s.w.service.PlayerStatusHandler - Total Online Players: 0
2026-09-18 13:35:38 INFO  [WEBSOCKET,traceId=6aacf0d2778799e950b77973e3c83479,spanId=50b77973e3c83479] [MessageBroker-2] c.s.w.service.PlayerStatusHandler - Total Online Players: 0
2026-09-18 13:35:38 INFO  [WEBSOCKET,traceId=6aacf0d2665fe1c03b69f24cf2f463a1,spanId=3b69f24cf2f463a1] [MessageBroker-2] c.s.w.service.PlayerStatusHandler - Total Online Players: 0
2026-09-18 13:35:38 INFO  [WEBSOCKET,traceId=6aacf0d227a4a0e1e5682605288dfb34,spanId=e5682605288dfb34] [MessageBroker-2] c.s.w.service.PlayerStatusHandler - Total Online Players: 0
2026-09-18 13:35:38 INFO  [WEBSOCKET,traceId=6aacf0d209e088ddff5b15d594ca8024,spanId=ff5b15d594ca8024] [MessageBroker-2] c.s.w.service.PlayerStatusHandler - Total Online Players: 0
2026-09-18 13:35:38 INFO  [WEBSOCKET,traceId=6aacf0d277450728f30ac4bd98b8d1e6,spanId=f30ac4bd98b8d1e6] [MessageBroker-2] c.s.w.service.PlayerStatusHandler - Total Online Players: 0
2026-09-18 13:35:38 INFO  [WEBSOCKET,traceId=6aacf0d24831c0d66e240e206c4c5673,spanId=6e240e206c4c5673] [MessageBroker-2] c.s.w.service.PlayerStatusHandler - Total Online Players: 0
2026-09-18 13:35:38 INFO  [WEBSOCKET,traceId=6aacf0d28f20af090f80ff6a77a1ea89,spanId=0f80ff6a77a1ea89] [MessageBroker-2] c.s.w.service.PlayerStatusHandler - Total Online Players: 0
2026-09-18 13:35:38 INFO  [WEBSOCKET,traceId=6aacf0d2438d7fb810bcd419d4233400,spanId=10bcd419d4233400] [MessageBroker-2] c.s.w.service.PlayerStatusHandler - Total Online Players: 0
2026-09-18 13:35:38 INFO  [WEBSOCKET,traceId=6aacf0d260da33d05f8da87a9e2d0a09,spanId=5f8da87a9e2d0a09] [MessageBroker-2] c.s.w.service.PlayerStatusHandler - Total Online Players: 0
2026-09-18 13:35:38 INFO  [WEBSOCKET,traceId=6aacf0d27f449ab510fade5b8b9868db,spanId=10fade5b8b9868db] [MessageBroker-2] c.s.w.service.PlayerStatusHandler - Total Online Players: 0
2026-09-18 13:35:38 INFO  [WEBSOCKET,traceId=6aacf0d27019b5c9db575e91f81a9c89,spanId=db575e91f81a9c89] [MessageBroker-2] c.s.w.service.PlayerStatusHandler - Total Online Players: 0
2026-09-18 13:35:38 INFO  [WEBSOCKET,traceId=6aacf0d2bd574fc34600820fd9956a2e,spanId=4600820fd9956a2e] [MessageBroker-2] c.s.w.service.PlayerStatusHandler - Total Online Players: 0
2026-09-18 13:35:38 INFO  [WEBSOCKET,traceId=6aacf0d2260b18c914b75f3b6449cb71,spanId=14b75f3b6449cb71] [MessageBroker-2] c.s.w.service.PlayerStatusHandler - Total Online Players: 0
2026-09-18 13:35:38 INFO  [WEBSOCKET,traceId=6aacf0d2d76963c89bd51d1584521857,spanId=9bd51d1584521857] [MessageBroker-2] c.s.w.service.PlayerStatusHandler - Total Online Players: 0
2026-09-18 13:35:38 INFO  [WEBSOCKET,traceId=6aacf0d22d101c59926808eca18b2070,spanId=926808eca18b2070] [MessageBroker-3] c.s.w.service.PlayerStatusHandler - Total Online Players: 0
2026-09-18 13:35:38 INFO  [WEBSOCKET,traceId=6aacf0d285ff16e1668d3a59b14cac5f,spanId=668d3a59b14cac5f] [MessageBroker-3] c.s.w.service.PlayerStatusHandler - Total Online Players: 0
2026-09-18 13:35:38 INFO  [WEBSOCKET,traceId=6aacf0d2c1f6fe911b29e37dbf0dd7df,spanId=1b29e37dbf0dd7df] [MessageBroker-3] c.s.w.service.PlayerStatusHandler - Total Online Players: 0
2026-09-18 13:35:38 INFO  [WEBSOCKET,traceId=6aacf0d2579fe02b1aa53ef5ab2eba76,spanId=1aa53ef5ab2eba76] [MessageBroker-3] c.s.w.service.PlayerStatusHandler - Total Online Players: 0
2026-09-18 13:35:38 INFO  [WEBSOCKET,traceId=6aacf0d2d3ef822bb2e11ebabc079326,spanId=b2e11ebabc079326] [MessageBroker-3] c.s.w.service.PlayerStatusHandler - Total Online Players: 0
2026-09-18 13:35:38 INFO  [WEBSOCKET,traceId=6aacf0d22b083b73aa9ac4e6bbbe1769,spanId=aa9ac4e6bbbe1769] [MessageBroker-3] c.s.w.service.PlayerStatusHandler - Total Online Players: 0
2026-09-18 13:35:38 INFO  [WEBSOCKET,traceId=6aacf0d25d78106883367b1c0b22cee3,spanId=83367b1c0b22cee3] [MessageBroker-3] c.s.w.service.PlayerStatusHandler - Total Online Players: 0
2026-09-18 13:35:38 INFO  [WEBSOCKET,traceId=6aacf0d20f52d76a59d8c193929c0385,spanId=59d8c193929c0385] [MessageBroker-3] c.s.w.service.PlayerStatusHandler - Total Online Players: 0
2026-09-18 13:35:38 INFO  [WEBSOCKET,traceId=6aacf0d2566dfc4145174d001d2a6286,spanId=45174d001d2a6286] [MessageBroker-3] c.s.w.service.PlayerStatusHandler - Total Online Players: 0
2026-09-18 13:35:38 INFO  [WEBSOCKET,traceId=6aacf0d2e5ad95a302abe551b4859eb3,spanId=02abe551b4859eb3] [MessageBroker-3] c.s.w.service.PlayerStatusHandler - Total Online Players: 0
2026-09-18 13:35:38 INFO  [WEBSOCKET,traceId=6aacf0d2d95da132ed52c3f378ae17df,spanId=ed52c3f378ae17df] [MessageBroker-3] c.s.w.service.PlayerStatusHandler - Total Online Players: 0
2026-09-18 13:35:38 INFO  [WEBSOCKET,traceId=6aacf0d28ff882baf606fbe4df601376,spanId=f606fbe4df601376] [MessageBroker-1] c.s.w.service.PlayerStatusHandler - Total Online Players: 0
2026-09-18 13:35:38 INFO  [WEBSOCKET,traceId=6aacf0d2de934a432005274ffe3302c0,spanId=2005274ffe3302c0] [MessageBroker-1] c.s.w.service.PlayerStatusHandler - Total Online Players: 0
2026-09-18 13:35:38 INFO  [WEBSOCKET,traceId=6aacf0d2d6aa0219821a554866a1ffa0,spanId=821a554866a1ffa0] [MessageBroker-1] c.s.w.service.PlayerStatusHandler - Total Online Players: 0
2026-09-18 13:35:38 INFO  [WEBSOCKET,traceId=6aacf0d22c2bebd4590db87bf37dd9a1,spanId=590db87bf37dd9a1] [MessageBroker-1] c.s.w.service.PlayerStatusHandler - Total Online Players: 0
2026-09-18 13:35:38 INFO  [WEBSOCKET,traceId=6aacf0d26213841723ee4d1a13954df4,spanId=23ee4d1a13954df4] [MessageBroker-1] c.s.w.service.PlayerStatusHandler - Total Online Players: 0
2026-09-18 13:35:38 INFO  [WEBSOCKET,traceId=6aacf0d290c236569df91bcd7b7e8369,spanId=9df91bcd7b7e8369] [MessageBroker-1] c.s.w.service.PlayerStatusHandler - Total Online Players: 0
2026-09-18 13:35:38 INFO  [WEBSOCKET,traceId=6aacf0d22777177470a88747d27c6161,spanId=70a88747d27c6161] [MessageBroker-1] c.s.w.service.PlayerStatusHandler - Total Online Players: 0
2026-09-18 13:35:38 INFO  [WEBSOCKET,traceId=6aacf0d2665d67e039e70a38e4117d3c,spanId=39e70a38e4117d3c] [MessageBroker-1] c.s.w.service.PlayerStatusHandler - Total Online Players: 0
2026-09-18 13:35:38 INFO  [WEBSOCKET,traceId=6aacf0d2d3911a89c863afda53d76a80,spanId=c863afda53d76a80] [MessageBroker-1] c.s.w.service.PlayerStatusHandler - Total Online Players: 0
2026-09-18 13:35:38 INFO  [WEBSOCKET,traceId=6aacf0d2fa869d06c7a288e2c24d0735,spanId=c7a288e2c24d0735] [MessageBroker-1] c.s.w.service.PlayerStatusHandler - Total Online Players: 0
2026-09-18 13:35:38 INFO  [WEBSOCKET,traceId=6aacf0d29f55e465b944ee6a681ce598,spanId=b944ee6a681ce598] [MessageBroker-1] c.s.w.service.PlayerStatusHandler - Total Online Players: 0
2026-09-18 13:35:38 INFO  [WEBSOCKET,traceId=6aacf0d228f05d81a03ca7eb0412c349,spanId=a03ca7eb0412c349] [MessageBroker-1] c.s.w.service.PlayerStatusHandler - Total Online Players: 0
2026-09-18 13:35:38 INFO  [WEBSOCKET,traceId=6aacf0d254e3034e23e35f7cfa962d11,spanId=23e35f7cfa962d11] [MessageBroker-1] c.s.w.service.PlayerStatusHandler - Total Online Players: 0
2026-09-18 13:35:38 INFO  [WEBSOCKET,traceId=6aacf0d265e814d1d23b8a96a76482ff,spanId=d23b8a96a76482ff] [MessageBroker-1] c.s.w.service.PlayerStatusHandler - Total Online Players: 0
2026-09-18 13:35:38 INFO  [WEBSOCKET,traceId=6aacf0d2ff174974906dfb855ef42c09,spanId=906dfb855ef42c09] [MessageBroker-4] c.s.w.service.PlayerStatusHandler - Total Online Players: 0
2026-09-18 13:35:38 INFO  [WEBSOCKET,traceId=6aacf0d202098719cc33fc3ae1417ce6,spanId=cc33fc3ae1417ce6] [MessageBroker-4] c.s.w.service.PlayerStatusHandler - Total Online Players: 0
2026-09-18 13:35:38 INFO  [WEBSOCKET,traceId=6aacf0d254755c9bf8a38c01ec34e731,spanId=f8a38c01ec34e731] [MessageBroker-4] c.s.w.service.PlayerStatusHandler - Total Online Players: 0
2026-09-18 13:35:38 INFO  [WEBSOCKET,traceId=6aacf0d2d23d291529e022ec24adf105,spanId=29e022ec24adf105] [MessageBroker-4] c.s.w.service.PlayerStatusHandler - Total Online Players: 0
2026-09-18 13:35:38 INFO  [WEBSOCKET,traceId=6aacf0d2a7ad04d758a203c89ab274c6,spanId=58a203c89ab274c6] [MessageBroker-4] c.s.w.service.PlayerStatusHandler - Total Online Players: 0
2026-09-18 13:35:38 INFO  [WEBSOCKET,traceId=6aacf0d22191e34067637ebf7a1b65b3,spanId=67637ebf7a1b65b3] [MessageBroker-4] c.s.w.service.PlayerStatusHandler - Total Online Players: 0
2026-09-18 13:35:38 INFO  [WEBSOCKET,traceId=6aacf0d279322f9bd940302d7776353d,spanId=d940302d7776353d] [MessageBroker-4] c.s.w.service.PlayerStatusHandler - Total Online Players: 0
2026-09-18 13:35:38 INFO  [WEBSOCKET,traceId=6aacf0d2a429013a26304e575ff0be9d,spanId=26304e575ff0be9d] [MessageBroker-4] c.s.w.service.PlayerStatusHandler - Total Online Players: 0
2026-09-18 13:35:38 INFO  [WEBSOCKET,traceId=6aacf0d2d72ba6996cb6269e32479bb5,spanId=6cb6269e32479bb5] [MessageBroker-4] c.s.w.service.PlayerStatusHandler - Total Online Players: 0
2026-09-18 13:35:38 INFO  [WEBSOCKET,traceId=6aacf0d228c7f08ba797f44fe074850b,spanId=a797f44fe074850b] [MessageBroker-4] c.s.w.service.PlayerStatusHandler - Total Online Players: 0
2026-09-18 13:35:38 INFO  [WEBSOCKET,traceId=6aacf0d2da3a45516f577a0abcea3edd,spanId=6f577a0abcea3edd] [MessageBroker-4] c.s.w.service.PlayerStatusHandler - Total Online Players: 0
2026-09-18 13:35:38 INFO  [WEBSOCKET,traceId=6aacf0d24e0b0ff688255abb0f821ee2,spanId=88255abb0f821ee2] [MessageBroker-4] c.s.w.service.PlayerStatusHandler - Total Online Players: 0
2026-09-18 13:35:38 INFO  [WEBSOCKET,traceId=6aacf0d24868e55b696653f7e849a7d3,spanId=696653f7e849a7d3] [MessageBroker-4] c.s.w.service.PlayerStatusHandler - Total Online Players: 0
2026-09-18 13:35:38 INFO  [WEBSOCKET,traceId=6aacf0d2f3129a53f9e2e9ce56ebf2a5,spanId=f9e2e9ce56ebf2a5] [MessageBroker-4] c.s.w.service.PlayerStatusHandler - Total Online Players: 0
2026-09-18 13:35:38 INFO  [WEBSOCKET,traceId=6aacf0d2b7ab38480154e3a77bde0d2b,spanId=0154e3a77bde0d2b] [MessageBroker-4] c.s.w.service.PlayerStatusHandler - Total Online Players: 0
2026-09-18 13:35:38 INFO  [WEBSOCKET,traceId=6aacf0d27bb2554d09f06added43d85d,spanId=09f06added43d85d] [MessageBroker-4] c.s.w.service.PlayerStatusHandler - Total Online Players: 0
2026-09-18 13:35:38 INFO  [WEBSOCKET,traceId=6aacf0d286066c99c21a4982f8f2cd74,spanId=c21a4982f8f2cd74] [MessageBroker-4] c.s.w.service.PlayerStatusHandler - Total Online Players: 0
2026-09-18 13:35:38 INFO  [WEBSOCKET,traceId=6aacf0d22d7f47c042d8c3b201dd7e87,spanId=42d8c3b201dd7e87] [MessageBroker-4] c.s.w.service.PlayerStatusHandler - Total Online Players: 0
2026-09-18 13:35:38 INFO  [WEBSOCKET,traceId=6aacf0d206e0c0e8fc8f989b1b4a5599,spanId=fc8f989b1b4a5599] [MessageBroker-4] c.s.w.service.PlayerStatusHandler - Total Online Players: 0
2026-09-18 13:35:38 INFO  [WEBSOCKET,traceId=6aacf0d2c7d036156190b568b45acf25,spanId=6190b568b45acf25] [MessageBroker-4] c.s.w.service.PlayerStatusHandler - Total Online Players: 0
2026-09-18 13:35:38 INFO  [WEBSOCKET,traceId=6aacf0d25018a6dca67cce272048a1a3,spanId=a67cce272048a1a3] [MessageBroker-4] c.s.w.service.PlayerStatusHandler - Total Online Players: 0
2026-09-18 13:35:38 INFO  [WEBSOCKET,traceId=6aacf0d2ad2a817ec56f1e2ad2cc0807,spanId=c56f1e2ad2cc0807] [MessageBroker-4] c.s.w.service.PlayerStatusHandler - Total Online Players: 0
2026-09-18 13:35:38 INFO  [WEBSOCKET,traceId=6aacf0d242dce65c8ca6577d7f86e391,spanId=8ca6577d7f86e391] [MessageBroker-4] c.s.w.service.PlayerStatusHandler - Total Online Players: 0
2026-09-18 13:35:38 INFO  [WEBSOCKET,traceId=6aacf0d25e869dfa79ff7186557cae9d,spanId=79ff7186557cae9d] [MessageBroker-2] c.s.w.service.PlayerStatusHandler - Total Online Players: 0
2026-09-18 13:35:38 INFO  [WEBSOCKET,traceId=6aacf0d25b82bcbbc1f4977efc4dec08,spanId=c1f4977efc4dec08] [MessageBroker-2] c.s.w.service.PlayerStatusHandler - Total Online Players: 0
2026-09-18 13:35:38 INFO  [WEBSOCKET,traceId=6aacf0d28076258d3e1a7e66d954a0be,spanId=3e1a7e66d954a0be] [MessageBroker-2] c.s.w.service.PlayerStatusHandler - Total Online Players: 0
2026-09-18 13:35:38 INFO  [WEBSOCKET,traceId=6aacf0d24dc265dde1f3ea66b28f10b6,spanId=e1f3ea66b28f10b6] [MessageBroker-2] c.s.w.service.PlayerStatusHandler - Total Online Players: 0
2026-09-18 13:35:38 INFO  [WEBSOCKET,traceId=6aacf0d2b922b852c3bea6750e34f01f,spanId=c3bea6750e34f01f] [MessageBroker-2] c.s.w.service.PlayerStatusHandler - Total Online Players: 0
2026-09-18 13:35:38 INFO  [WEBSOCKET,traceId=6aacf0d2b3e9397c606245ff4288697a,spanId=606245ff4288697a] [MessageBroker-2] c.s.w.service.PlayerStatusHandler - Total Online Players: 0
2026-09-18 13:35:38 INFO  [WEBSOCKET,traceId=6aacf0d23fd6f644557558989c85bcf7,spanId=557558989c85bcf7] [MessageBroker-2] c.s.w.service.PlayerStatusHandler - Total Online Players: 0
2026-09-18 13:35:38 INFO  [WEBSOCKET,traceId=6aacf0d278ff610068dfe8c21a629c14,spanId=68dfe8c21a629c14] [MessageBroker-2] c.s.w.service.PlayerStatusHandler - Total Online Players: 0
2026-09-18 13:35:38 INFO  [WEBSOCKET,traceId=6aacf0d20f7e4c329f29fd6a5e74524a,spanId=9f29fd6a5e74524a] [MessageBroker-2] c.s.w.service.PlayerStatusHandler - Total Online Players: 0
2026-09-18 13:35:38 INFO  [WEBSOCKET,traceId=6aacf0d26bd55e66a989ee0fbf983f2b,spanId=a989ee0fbf983f2b] [MessageBroker-2] c.s.w.service.PlayerStatusHandler - Total Online Players: 0
2026-09-18 13:35:38 INFO  [WEBSOCKET,traceId=6aacf0d2e8ed2931eb4a8176a6a9990e,spanId=eb4a8176a6a9990e] [MessageBroker-2] c.s.w.service.PlayerStatusHandler - Total Online Players: 0
2026-09-18 13:35:38 INFO  [WEBSOCKET,traceId=6aacf0d2294c19d70bfc09ce37ae0ad5,spanId=0bfc09ce37ae0ad5] [MessageBroker-2] c.s.w.service.PlayerStatusHandler - Total Online Players: 0
2026-09-18 13:35:38 INFO  [WEBSOCKET,traceId=6aacf0d2d7a8339967e6e36c78fecdf1,spanId=67e6e36c78fecdf1] [MessageBroker-2] c.s.w.service.PlayerStatusHandler - Total Online Players: 0
2026-09-18 13:35:38 INFO  [WEBSOCKET,traceId=6aacf0d2ac5d2fdab04e62a932093f5c,spanId=b04e62a932093f5c] [MessageBroker-2] c.s.w.service.PlayerStatusHandler - Total Online Players: 0
2026-09-18 13:35:38 INFO  [WEBSOCKET,traceId=6aacf0d2eb850994b8aa2f9747fe297a,spanId=b8aa2f9747fe297a] [MessageBroker-2] c.s.w.service.PlayerStatusHandler - Total Online Players: 0
2026-09-18 13:35:38 INFO  [WEBSOCKET,traceId=6aacf0d28ce7bcc51a1015c9886f53ad,spanId=1a1015c9886f53ad] [MessageBroker-2] c.s.w.service.PlayerStatusHandler - Total Online Players: 0
2026-09-18 13:35:38 INFO  [WEBSOCKET,traceId=6aacf0d21cc31fa486d48d02730fada8,spanId=86d48d02730fada8] [MessageBroker-2] c.s.w.service.PlayerStatusHandler - Total Online Players: 0
2026-09-18 13:35:38 INFO  [WEBSOCKET,traceId=6aacf0d2cceafa0a97e68b26f1a8f8f4,spanId=97e68b26f1a8f8f4] [MessageBroker-2] c.s.w.service.PlayerStatusHandler - Total Online Players: 0
2026-09-18 13:35:38 INFO  [WEBSOCKET,traceId=6aacf0d2d7c23d0265bd13cca343275d,spanId=65bd13cca343275d] [MessageBroker-4] c.s.w.service.PlayerStatusHandler - Total Online Players: 0
2026-09-18 13:35:38 INFO  [WEBSOCKET,traceId=6aacf0d2390a8f21bca8197a92620072,spanId=bca8197a92620072] [MessageBroker-4] c.s.w.service.PlayerStatusHandler - Total Online Players: 0
2026-09-18 13:35:38 INFO  [WEBSOCKET,traceId=6aacf0d27f4d338830ea38d3f0e8e932,spanId=30ea38d3f0e8e932] [MessageBroker-4] c.s.w.service.PlayerStatusHandler - Total Online Players: 0
2026-09-18 13:35:38 INFO  [WEBSOCKET,traceId=6aacf0d2f2a7dbee90e0e1c7590f274c,spanId=90e0e1c7590f274c] [MessageBroker-4] c.s.w.service.PlayerStatusHandler - Total Online Players: 0
2026-09-18 13:35:38 INFO  [WEBSOCKET,traceId=6aacf0d2e4e903e762de512956bd85c4,spanId=62de512956bd85c4] [MessageBroker-4] c.s.w.service.PlayerStatusHandler - Total Online Players: 0
2026-09-18 13:35:38 INFO  [WEBSOCKET,traceId=6aacf0d273308af073b815688d6713a7,spanId=73b815688d6713a7] [MessageBroker-4] c.s.w.service.PlayerStatusHandler - Total Online Players: 0
2026-09-18 13:35:38 INFO  [WEBSOCKET,traceId=6aacf0d26fc1e908890ce8c9533b45df,spanId=890ce8c9533b45df] [MessageBroker-4] c.s.w.service.PlayerStatusHandler - Total Online Players: 0
2026-09-18 13:35:38 INFO  [WEBSOCKET,traceId=6aacf0d272017c134189376545573eb4,spanId=4189376545573eb4] [MessageBroker-4] c.s.w.service.PlayerStatusHandler - Total Online Players: 0
2026-09-18 13:35:38 INFO  [WEBSOCKET,traceId=6aacf0d2db1fdd4461b2e14a4f4b511a,spanId=61b2e14a4f4b511a] [MessageBroker-4] c.s.w.service.PlayerStatusHandler - Total Online Players: 0
2026-09-18 13:35:38 INFO  [WEBSOCKET,traceId=6aacf0d2f18f6f1cad6bfca4f1ea53b7,spanId=ad6bfca4f1ea53b7] [MessageBroker-4] c.s.w.service.PlayerStatusHandler - Total Online Players: 0
2026-09-18 13:35:38 INFO  [WEBSOCKET,traceId=6aacf0d249c42abafd0332f65842d2c8,spanId=fd0332f65842d2c8] [MessageBroker-4] c.s.w.service.PlayerStatusHandler - Total Online Players: 0
2026-09-18 13:35:38 INFO  [WEBSOCKET,traceId=6aacf0d2b1b427ffcd7ccfd55ec29527,spanId=cd7ccfd55ec29527] [MessageBroker-4] c.s.w.service.PlayerStatusHandler - Total Online Players: 0
2026-09-18 13:35:38 INFO  [WEBSOCKET,traceId=6aacf0d21651bcc0586317b609382b3d,spanId=586317b609382b3d] [MessageBroker-4] c.s.w.service.PlayerStatusHandler - Total Online Players: 0
2026-09-18 13:35:38 INFO  [WEBSOCKET,traceId=6aacf0d2d268d0e6418cd66cede4d2f3,spanId=418cd66cede4d2f3] [MessageBroker-4] c.s.w.service.PlayerStatusHandler - Total Online Players: 0
2026-09-18 13:35:38 INFO  [WEBSOCKET,traceId=6aacf0d289ec900e58fea014f4c19f59,spanId=58fea014f4c19f59] [MessageBroker-4] c.s.w.service.PlayerStatusHandler - Total Online Players: 0
2026-09-18 13:35:38 INFO  [WEBSOCKET,traceId=6aacf0d238587d235bb5a56498212f26,spanId=5bb5a56498212f26] [MessageBroker-4] c.s.w.service.PlayerStatusHandler - Total Online Players: 0
2026-09-18 13:35:38 INFO  [WEBSOCKET,traceId=6aacf0d22919e1d56fb8ce6663f90a58,spanId=6fb8ce6663f90a58] [MessageBroker-4] c.s.w.service.PlayerStatusHandler - Total Online Players: 0
2026-09-18 13:35:38 INFO  [WEBSOCKET,traceId=6aacf0d27914c1f8db099f2e35c1ab93,spanId=db099f2e35c1ab93] [MessageBroker-4] c.s.w.service.PlayerStatusHandler - Total Online Players: 0
2026-09-18 13:35:38 INFO  [WEBSOCKET,traceId=6aacf0d227e6d58a5aa5cdc5a1a08983,spanId=5aa5cdc5a1a08983] [MessageBroker-4] c.s.w.service.PlayerStatusHandler - Total Online Players: 0
2026-09-18 13:35:38 INFO  [WEBSOCKET,traceId=6aacf0d27a07b78075764babc95f5940,spanId=75764babc95f5940] [MessageBroker-4] c.s.w.service.PlayerStatusHandler - Total Online Players: 0
2026-09-18 13:35:38 INFO  [WEBSOCKET,traceId=6aacf0d2ba686d945d2c7d9da9615e3b,spanId=5d2c7d9da9615e3b] [MessageBroker-2] c.s.w.service.PlayerStatusHandler - Total Online Players: 0
2026-09-18 13:35:38 INFO  [WEBSOCKET,traceId=6aacf0d246cdf4187e9a7cc56a65b43d,spanId=7e9a7cc56a65b43d] [MessageBroker-2] c.s.w.service.PlayerStatusHandler - Total Online Players: 0
2026-09-18 13:35:38 INFO  [WEBSOCKET,traceId=6aacf0d26cd5f6067479dd6209485aa6,spanId=7479dd6209485aa6] [MessageBroker-2] c.s.w.service.PlayerStatusHandler - Total Online Players: 0
2026-09-18 13:35:38 INFO  [WEBSOCKET,traceId=6aacf0d2fac1703fbbf2b351430a5100,spanId=bbf2b351430a5100] [MessageBroker-2] c.s.w.service.PlayerStatusHandler - Total Online Players: 0
2026-09-18 13:35:38 INFO  [WEBSOCKET,traceId=6aacf0d2fb94a3f25ddc480f4605b568,spanId=5ddc480f4605b568] [MessageBroker-2] c.s.w.service.PlayerStatusHandler - Total Online Players: 0
2026-09-18 13:35:38 INFO  [WEBSOCKET,traceId=6aacf0d2c9d10f5685c895ca50679825,spanId=85c895ca50679825] [MessageBroker-2] c.s.w.service.PlayerStatusHandler - Total Online Players: 0
2026-09-18 13:35:38 INFO  [WEBSOCKET,traceId=6aacf0d2b341a2bbe2d63961af2c6ce5,spanId=e2d63961af2c6ce5] [MessageBroker-2] c.s.w.service.PlayerStatusHandler - Total Online Players: 0
2026-09-18 13:35:38 INFO  [WEBSOCKET,traceId=6aacf0d2df3c10800fc4675ef9bc0697,spanId=0fc4675ef9bc0697] [MessageBroker-2] c.s.w.service.PlayerStatusHandler - Total Online Players: 0
2026-09-18 13:35:38 INFO  [WEBSOCKET,traceId=6aacf0d2985fb460c16b3f417e3a5fd0,spanId=c16b3f417e3a5fd0] [MessageBroker-2] c.s.w.service.PlayerStatusHandler - Total Online Players: 0
2026-09-18 13:35:38 INFO  [WEBSOCKET,traceId=6aacf0d27e336fbcecdcd0dfc68da349,spanId=ecdcd0dfc68da349] [MessageBroker-2] c.s.w.service.PlayerStatusHandler - Total Online Players: 0
2026-09-18 13:35:38 INFO  [WEBSOCKET,traceId=6aacf0d255a2874019e62eddbbe12d75,spanId=19e62eddbbe12d75] [MessageBroker-2] c.s.w.service.PlayerStatusHandler - Total Online Players: 0
2026-09-18 13:35:38 INFO  [WEBSOCKET,traceId=6aacf0d23fd9d68b1dec7d7f391c2295,spanId=1dec7d7f391c2295] [MessageBroker-2] c.s.w.service.PlayerStatusHandler - Total Online Players: 0
2026-09-18 13:35:38 INFO  [WEBSOCKET,traceId=6aacf0d215a346e409b32a61347c9e45,spanId=09b32a61347c9e45] [MessageBroker-2] c.s.w.service.PlayerStatusHandler - Total Online Players: 0
2026-09-18 13:35:38 INFO  [WEBSOCKET,traceId=6aacf0d2ff1a0e47f5f5ab29bad4031d,spanId=f5f5ab29bad4031d] [MessageBroker-2] c.s.w.service.PlayerStatusHandler - Total Online Players: 0
2026-09-18 13:35:38 INFO  [WEBSOCKET,traceId=6aacf0d26217d5847c089760d163417f,spanId=7c089760d163417f] [MessageBroker-2] c.s.w.service.PlayerStatusHandler - Total Online Players: 0
2026-09-18 13:35:38 INFO  [WEBSOCKET,traceId=6aacf0d259632979803852f6279e2e58,spanId=803852f6279e2e58] [MessageBroker-2] c.s.w.service.PlayerStatusHandler - Total Online Players: 0
2026-09-18 13:35:38 INFO  [WEBSOCKET,traceId=6aacf0d21cdbaaf1ea92b8ba667cfdf1,spanId=ea92b8ba667cfdf1] [MessageBroker-2] c.s.w.service.PlayerStatusHandler - Total Online Players: 0
2026-09-18 13:35:38 INFO  [WEBSOCKET,traceId=6aacf0d2d7f66716473ad076aa3c0d56,spanId=473ad076aa3c0d56] [MessageBroker-2] c.s.w.service.PlayerStatusHandler - Total Online Players: 0
2026-09-18 13:35:38 INFO  [WEBSOCKET,traceId=6aacf0d2439cb83d6f6bd757e67ab6ff,spanId=6f6bd757e67ab6ff] [MessageBroker-2] c.s.w.service.PlayerStatusHandler - Total Online Players: 0
2026-09-18 13:35:38 INFO  [WEBSOCKET,traceId=6aacf0d261a6bd085613034ad6ae7344,spanId=5613034ad6ae7344] [MessageBroker-2] c.s.w.service.PlayerStatusHandler - Total Online Players: 0
2026-09-18 13:35:38 INFO  [WEBSOCKET,traceId=6aacf0d22a3adeb32a3e52133d4a0672,spanId=2a3e52133d4a0672] [MessageBroker-2] c.s.w.service.PlayerStatusHandler - Total Online Players: 0
2026-09-18 13:35:38 INFO  [WEBSOCKET,traceId=6aacf0d2766e6c32eb4e04a56f5e8559,spanId=eb4e04a56f5e8559] [MessageBroker-2] c.s.w.service.PlayerStatusHandler - Total Online Players: 0
2026-09-18 13:35:38 INFO  [WEBSOCKET,traceId=6aacf0d2e4c266c8c4df74fb4e331dc3,spanId=c4df74fb4e331dc3] [MessageBroker-2] c.s.w.service.PlayerStatusHandler - Total Online Players: 0
2026-09-18 13:35:38 INFO  [WEBSOCKET,traceId=6aacf0d27482d4cc37e9226609c6908b,spanId=37e9226609c6908b] [MessageBroker-2] c.s.w.service.PlayerStatusHandler - Total Online Players: 0
2026-09-18 13:35:38 INFO  [WEBSOCKET,traceId=6aacf0d2e107823d4bbb8cee7608596a,spanId=4bbb8cee7608596a] [MessageBroker-2] c.s.w.service.PlayerStatusHandler - Total Online Players: 0
2026-09-18 13:35:38 INFO  [WEBSOCKET,traceId=6aacf0d2eded1ae6297f8bd451bfbfab,spanId=297f8bd451bfbfab] [MessageBroker-2] c.s.w.service.PlayerStatusHandler - Total Online Players: 0
2026-09-18 13:35:38 INFO  [WEBSOCKET,traceId=6aacf0d279ac64b051c8f499f886d006,spanId=51c8f499f886d006] [MessageBroker-2] c.s.w.service.PlayerStatusHandler - Total Online Players: 0
2026-09-18 13:35:38 INFO  [WEBSOCKET,traceId=6aacf0d28236f0f6351faa826dfd8af9,spanId=351faa826dfd8af9] [MessageBroker-2] c.s.w.service.PlayerStatusHandler - Total Online Players: 0
2026-09-18 13:35:38 INFO  [WEBSOCKET,traceId=6aacf0d2ea1466953030c54c11a4f525,spanId=3030c54c11a4f525] [MessageBroker-2] c.s.w.service.PlayerStatusHandler - Total Online Players: 0
2026-09-18 13:35:38 INFO  [WEBSOCKET,traceId=6aacf0d2747344bcd83c095caee484ff,spanId=d83c095caee484ff] [MessageBroker-1] c.s.w.service.PlayerStatusHandler - Total Online Players: 0
2026-09-18 13:35:38 INFO  [WEBSOCKET,traceId=6aacf0d2c5f91f6c614e2579958881db,spanId=614e2579958881db] [MessageBroker-1] c.s.w.service.PlayerStatusHandler - Total Online Players: 0
2026-09-18 13:35:38 INFO  [WEBSOCKET,traceId=6aacf0d25c1f00139ce6788f4ed61bd3,spanId=9ce6788f4ed61bd3] [MessageBroker-1] c.s.w.service.PlayerStatusHandler - Total Online Players: 0
2026-09-18 13:35:38 INFO  [WEBSOCKET,traceId=6aacf0d20aec42d11acf62d513b21333,spanId=1acf62d513b21333] [MessageBroker-1] c.s.w.service.PlayerStatusHandler - Total Online Players: 0
2026-09-18 13:35:38 INFO  [WEBSOCKET,traceId=6aacf0d2a5ede252507e11ef50989177,spanId=507e11ef50989177] [MessageBroker-1] c.s.w.service.PlayerStatusHandler - Total Online Players: 0
2026-09-18 13:35:38 INFO  [WEBSOCKET,traceId=6aacf0d2dae6994f6f6c3817298bd073,spanId=6f6c3817298bd073] [MessageBroker-1] c.s.w.service.PlayerStatusHandler - Total Online Players: 0
2026-09-18 13:35:38 INFO  [WEBSOCKET,traceId=6aacf0d2956570ae47b40cc90252b9c0,spanId=47b40cc90252b9c0] [MessageBroker-1] c.s.w.service.PlayerStatusHandler - Total Online Players: 0
2026-09-18 13:35:38 INFO  [WEBSOCKET,traceId=6aacf0d23f6731100a97e5c0bb38afc6,spanId=0a97e5c0bb38afc6] [MessageBroker-1] c.s.w.service.PlayerStatusHandler - Total Online Players: 0
2026-09-18 13:35:38 INFO  [WEBSOCKET,traceId=6aacf0d2e773872c4604e5db056b31a6,spanId=4604e5db056b31a6] [MessageBroker-1] c.s.w.service.PlayerStatusHandler - Total Online Players: 0
2026-09-18 13:35:38 INFO  [WEBSOCKET,traceId=6aacf0d215979b1f89d11a4384001afe,spanId=89d11a4384001afe] [MessageBroker-1] c.s.w.service.PlayerStatusHandler - Total Online Players: 0
2026-09-18 13:35:38 INFO  [WEBSOCKET,traceId=6aacf0d27a98b33ea16ffe52a09ea1b6,spanId=a16ffe52a09ea1b6] [MessageBroker-1] c.s.w.service.PlayerStatusHandler - Total Online Players: 0
2026-09-18 13:35:38 INFO  [WEBSOCKET,traceId=6aacf0d218392d247bf3cd26b734a25a,spanId=7bf3cd26b734a25a] [MessageBroker-1] c.s.w.service.PlayerStatusHandler - Total Online Players: 0
2026-09-18 13:35:38 INFO  [WEBSOCKET,traceId=6aacf0d209754673d173d8353b2754e5,spanId=d173d8353b2754e5] [MessageBroker-1] c.s.w.service.PlayerStatusHandler - Total Online Players: 0
2026-09-18 13:35:38 INFO  [WEBSOCKET,traceId=6aacf0d2b6156342fcdf74e0440b4a37,spanId=fcdf74e0440b4a37] [MessageBroker-1] c.s.w.service.PlayerStatusHandler - Total Online Players: 0
2026-09-18 13:35:38 INFO  [WEBSOCKET,traceId=6aacf0d293ca54db74904182bd2ad201,spanId=74904182bd2ad201] [MessageBroker-2] c.s.w.service.PlayerStatusHandler - Total Online Players: 0
2026-09-18 13:35:38 INFO  [WEBSOCKET,traceId=6aacf0d2649cdd1aabc9e823e8af50ad,spanId=abc9e823e8af50ad] [MessageBroker-2] c.s.w.service.PlayerStatusHandler - Total Online Players: 0
2026-09-18 13:35:38 INFO  [WEBSOCKET,traceId=6aacf0d20501f2e43bc4a4c04ea679fc,spanId=3bc4a4c04ea679fc] [MessageBroker-2] c.s.w.service.PlayerStatusHandler - Total Online Players: 0
2026-09-18 13:35:38 INFO  [WEBSOCKET,traceId=6aacf0d245385aa3a492f9e8a9d92e99,spanId=a492f9e8a9d92e99] [MessageBroker-2] c.s.w.service.PlayerStatusHandler - Total Online Players: 0
2026-09-18 13:35:38 INFO  [WEBSOCKET,traceId=6aacf0d26a1bf9b2ea0b7b1be30976b0,spanId=ea0b7b1be30976b0] [MessageBroker-2] c.s.w.service.PlayerStatusHandler - Total Online Players: 0
2026-09-18 13:35:38 INFO  [WEBSOCKET,traceId=6aacf0d25a9a4b2f7b108189ac809c71,spanId=7b108189ac809c71] [MessageBroker-2] c.s.w.service.PlayerStatusHandler - Total Online Players: 0
2026-09-18 13:35:38 INFO  [WEBSOCKET,traceId=6aacf0d271fad6f070bc01ca6f2de984,spanId=70bc01ca6f2de984] [MessageBroker-2] c.s.w.service.PlayerStatusHandler - Total Online Players: 0
2026-09-18 13:35:38 INFO  [WEBSOCKET,traceId=6aacf0d23d561421222ad78ffc4a1839,spanId=222ad78ffc4a1839] [MessageBroker-2] c.s.w.service.PlayerStatusHandler - Total Online Players: 0
2026-09-18 13:35:38 INFO  [WEBSOCKET,traceId=6aacf0d26dc9d0cd3defca08561bf5d1,spanId=3defca08561bf5d1] [MessageBroker-2] c.s.w.service.PlayerStatusHandler - Total Online Players: 0
2026-09-18 13:35:38 INFO  [WEBSOCKET,traceId=6aacf0d2aa1f51884f7deb45cf14957f,spanId=4f7deb45cf14957f] [MessageBroker-2] c.s.w.service.PlayerStatusHandler - Total Online Players: 0
2026-09-18 13:35:38 INFO  [WEBSOCKET,traceId=6aacf0d2725645d55355d946ca501f5b,spanId=5355d946ca501f5b] [MessageBroker-2] c.s.w.service.PlayerStatusHandler - Total Online Players: 0
2026-09-18 13:35:38 INFO  [WEBSOCKET,traceId=6aacf0d21d13b90e8660aaf7a0b7ce2f,spanId=8660aaf7a0b7ce2f] [MessageBroker-1] c.s.w.service.PlayerStatusHandler - Total Online Players: 0
2026-09-18 13:35:38 INFO  [WEBSOCKET,traceId=6aacf0d27026cfcd54b86371793353db,spanId=54b86371793353db] [MessageBroker-1] c.s.w.service.PlayerStatusHandler - Total Online Players: 0
2026-09-18 13:35:38 INFO  [WEBSOCKET,traceId=6aacf0d2b9a2e60f0fb85d9d49bb7482,spanId=0fb85d9d49bb7482] [MessageBroker-1] c.s.w.service.PlayerStatusHandler - Total Online Players: 0
2026-09-18 13:35:38 INFO  [WEBSOCKET,traceId=6aacf0d226473e526142e1284d63ea4a,spanId=6142e1284d63ea4a] [MessageBroker-1] c.s.w.service.PlayerStatusHandler - Total Online Players: 0
2026-09-18 13:35:38 INFO  [WEBSOCKET,traceId=6aacf0d2a204e934abb5e71d2f7fa699,spanId=abb5e71d2f7fa699] [MessageBroker-1] c.s.w.service.PlayerStatusHandler - Total Online Players: 0
2026-09-18 13:35:38 INFO  [WEBSOCKET,traceId=6aacf0d27e5e08657e7af74dcae06ed9,spanId=7e7af74dcae06ed9] [MessageBroker-1] c.s.w.service.PlayerStatusHandler - Total Online Players: 0
2026-09-18 13:35:38 INFO  [WEBSOCKET,traceId=6aacf0d2c2bf77ee1f099c61088454a4,spanId=1f099c61088454a4] [MessageBroker-1] c.s.w.service.PlayerStatusHandler - Total Online Players: 0
2026-09-18 13:35:38 INFO  [WEBSOCKET,traceId=6aacf0d2d7852f516ec3607cce99199b,spanId=6ec3607cce99199b] [MessageBroker-1] c.s.w.service.PlayerStatusHandler - Total Online Players: 0
2026-09-18 13:35:38 INFO  [WEBSOCKET,traceId=6aacf0d2e479d8edaada31099c70bdb6,spanId=aada31099c70bdb6] [MessageBroker-1] c.s.w.service.PlayerStatusHandler - Total Online Players: 0
2026-09-18 13:35:38 INFO  [WEBSOCKET,traceId=6aacf0d27ac4dde2902e2b872fd1a560,spanId=902e2b872fd1a560] [MessageBroker-3] c.s.w.service.PlayerStatusHandler - Total Online Players: 0
2026-09-18 13:35:38 INFO  [WEBSOCKET,traceId=6aacf0d2d5032838e88e11c26c664777,spanId=e88e11c26c664777] [MessageBroker-3] c.s.w.service.PlayerStatusHandler - Total Online Players: 0
2026-09-18 13:35:38 INFO  [WEBSOCKET,traceId=6aacf0d2876865ba9a4ac81205d452d4,spanId=9a4ac81205d452d4] [MessageBroker-3] c.s.w.service.PlayerStatusHandler - Total Online Players: 0
2026-09-18 13:35:38 INFO  [WEBSOCKET,traceId=6aacf0d2e5ab729bccafdb40eb1f7a9a,spanId=ccafdb40eb1f7a9a] [MessageBroker-3] c.s.w.service.PlayerStatusHandler - Total Online Players: 0
2026-09-18 13:35:38 INFO  [WEBSOCKET,traceId=6aacf0d2d3473cf2cf5012b49541e15b,spanId=cf5012b49541e15b] [MessageBroker-3] c.s.w.service.PlayerStatusHandler - Total Online Players: 0
2026-09-18 13:35:38 INFO  [WEBSOCKET,traceId=6aacf0d2ae19696ffea4576125e6f0b5,spanId=fea4576125e6f0b5] [MessageBroker-3] c.s.w.service.PlayerStatusHandler - Total Online Players: 0
2026-09-18 13:35:38 INFO  [WEBSOCKET,traceId=6aacf0d2720fff86e052fc4446508513,spanId=e052fc4446508513] [MessageBroker-3] c.s.w.service.PlayerStatusHandler - Total Online Players: 0
2026-09-18 13:35:38 INFO  [WEBSOCKET,traceId=6aacf0d2570d766529c2936420f36155,spanId=29c2936420f36155] [MessageBroker-3] c.s.w.service.PlayerStatusHandler - Total Online Players: 0
2026-09-18 13:35:38 INFO  [WEBSOCKET,traceId=6aacf0d2cc3076ca8dc6fa749c98302f,spanId=8dc6fa749c98302f] [MessageBroker-3] c.s.w.service.PlayerStatusHandler - Total Online Players: 0
2026-09-18 13:35:38 INFO  [WEBSOCKET,traceId=6aacf0d2c82b03be5c9563d24fcc1094,spanId=5c9563d24fcc1094] [MessageBroker-3] c.s.w.service.PlayerStatusHandler - Total Online Players: 0
2026-09-18 13:35:38 INFO  [WEBSOCKET,traceId=6aacf0d283f1725b4afe267d24b9b634,spanId=4afe267d24b9b634] [MessageBroker-3] c.s.w.service.PlayerStatusHandler - Total Online Players: 0
2026-09-18 13:35:38 INFO  [WEBSOCKET,traceId=6aacf0d26ca9e0ab93313f85e4a6feb5,spanId=93313f85e4a6feb5] [MessageBroker-1] c.s.w.service.PlayerStatusHandler - Total Online Players: 0
2026-09-18 13:35:38 INFO  [WEBSOCKET,traceId=6aacf0d237b17ce95f6be293e22a4d70,spanId=5f6be293e22a4d70] [MessageBroker-1] c.s.w.service.PlayerStatusHandler - Total Online Players: 0
2026-09-18 13:35:38 INFO  [WEBSOCKET,traceId=6aacf0d2f40ac567228c6075f82ac1f5,spanId=228c6075f82ac1f5] [MessageBroker-1] c.s.w.service.PlayerStatusHandler - Total Online Players: 0
2026-09-18 13:35:38 INFO  [WEBSOCKET,traceId=6aacf0d264c73f84961b693c0536c66d,spanId=961b693c0536c66d] [MessageBroker-1] c.s.w.service.PlayerStatusHandler - Total Online Players: 0
2026-09-18 13:35:38 INFO  [WEBSOCKET,traceId=6aacf0d20a77a21d63339536cd90cb82,spanId=63339536cd90cb82] [MessageBroker-1] c.s.w.service.PlayerStatusHandler - Total Online Players: 0
2026-09-18 13:35:38 INFO  [WEBSOCKET,traceId=6aacf0d2712fe1401c58ae4ae60bedf6,spanId=1c58ae4ae60bedf6] [MessageBroker-4] c.s.w.service.PlayerStatusHandler - Total Online Players: 0
2026-09-18 13:35:38 INFO  [WEBSOCKET,traceId=6aacf0d22ddc5e691a031547f5a30949,spanId=1a031547f5a30949] [MessageBroker-4] c.s.w.service.PlayerStatusHandler - Total Online Players: 0
2026-09-18 13:35:38 INFO  [WEBSOCKET,traceId=6aacf0d28ea3c5226c5c760ce477b7fb,spanId=6c5c760ce477b7fb] [MessageBroker-4] c.s.w.service.PlayerStatusHandler - Total Online Players: 0
2026-09-18 13:35:38 INFO  [WEBSOCKET,traceId=6aacf0d2582a916a2325980228e45c0e,spanId=2325980228e45c0e] [MessageBroker-4] c.s.w.service.PlayerStatusHandler - Total Online Players: 0
2026-09-18 13:35:38 INFO  [WEBSOCKET,traceId=6aacf0d2e9e127f6661085b1a11f293a,spanId=661085b1a11f293a] [MessageBroker-4] c.s.w.service.PlayerStatusHandler - Total Online Players: 0
2026-09-18 13:35:38 INFO  [WEBSOCKET,traceId=6aacf0d249fc34154ece91517bf4a9e7,spanId=4ece91517bf4a9e7] [MessageBroker-4] c.s.w.service.PlayerStatusHandler - Total Online Players: 0
2026-09-18 13:35:38 INFO  [WEBSOCKET,traceId=6aacf0d274c429e41b18ad02905cda23,spanId=1b18ad02905cda23] [MessageBroker-4] c.s.w.service.PlayerStatusHandler - Total Online Players: 0
2026-09-18 13:35:38 INFO  [WEBSOCKET,traceId=6aacf0d26649407d8e7d9db47c0a273a,spanId=8e7d9db47c0a273a] [MessageBroker-4] c.s.w.service.PlayerStatusHandler - Total Online Players: 0
2026-09-18 13:35:38 INFO  [WEBSOCKET,traceId=6aacf0d28daf52e8f5db83a6b67834c6,spanId=f5db83a6b67834c6] [MessageBroker-4] c.s.w.service.PlayerStatusHandler - Total Online Players: 0
2026-09-18 13:35:38 INFO  [WEBSOCKET,traceId=6aacf0d2de461e1d3d58d53521ba7378,spanId=3d58d53521ba7378] [MessageBroker-4] c.s.w.service.PlayerStatusHandler - Total Online Players: 0
2026-09-18 13:35:38 INFO  [WEBSOCKET,traceId=6aacf0d21d685f083a185ae15e86a7d1,spanId=3a185ae15e86a7d1] [MessageBroker-3] c.s.w.service.PlayerStatusHandler - Total Online Players: 0
2026-09-18 13:35:38 INFO  [WEBSOCKET,traceId=6aacf0d264a7a856d473cf4ba873d085,spanId=d473cf4ba873d085] [MessageBroker-3] c.s.w.service.PlayerStatusHandler - Total Online Players: 0
2026-09-18 13:35:38 INFO  [WEBSOCKET,traceId=6aacf0d22c8f7ed661a62fe1d5d0d115,spanId=61a62fe1d5d0d115] [MessageBroker-3] c.s.w.service.PlayerStatusHandler - Total Online Players: 0
2026-09-18 13:35:38 INFO  [WEBSOCKET,traceId=6aacf0d2560eb2eb0063bef05b52f3e0,spanId=0063bef05b52f3e0] [MessageBroker-3] c.s.w.service.PlayerStatusHandler - Total Online Players: 0
2026-09-18 13:35:38 INFO  [WEBSOCKET,traceId=6aacf0d2669a48e67cce66d9fddb529c,spanId=7cce66d9fddb529c] [MessageBroker-3] c.s.w.service.PlayerStatusHandler - Total Online Players: 0
2026-09-18 13:35:38 INFO  [WEBSOCKET,traceId=6aacf0d26d1edec312fcf0b9b973b058,spanId=12fcf0b9b973b058] [MessageBroker-3] c.s.w.service.PlayerStatusHandler - Total Online Players: 0
2026-09-18 13:35:38 INFO  [WEBSOCKET,traceId=6aacf0d292ae25b8171abe7fd1701e38,spanId=171abe7fd1701e38] [MessageBroker-3] c.s.w.service.PlayerStatusHandler - Total Online Players: 0
2026-09-18 13:35:38 INFO  [WEBSOCKET,traceId=6aacf0d21a35d5cff3685ebe3437d2a0,spanId=f3685ebe3437d2a0] [MessageBroker-3] c.s.w.service.PlayerStatusHandler - Total Online Players: 0
2026-09-18 13:35:38 INFO  [WEBSOCKET,traceId=6aacf0d2c752cc4382461b54b1592490,spanId=82461b54b1592490] [MessageBroker-3] c.s.w.service.PlayerStatusHandler - Total Online Players: 0
2026-09-18 13:35:38 INFO  [WEBSOCKET,traceId=6aacf0d25b05eaf07da72ece9f482201,spanId=7da72ece9f482201] [MessageBroker-3] c.s.w.service.PlayerStatusHandler - Total Online Players: 0
2026-09-18 13:35:38 INFO  [WEBSOCKET,traceId=6aacf0d245692cb87ee0c02124044d66,spanId=7ee0c02124044d66] [MessageBroker-3] c.s.w.service.PlayerStatusHandler - Total Online Players: 0
2026-09-18 13:35:38 INFO  [WEBSOCKET,traceId=6aacf0d29bcb42360dd71eff77c82369,spanId=0dd71eff77c82369] [MessageBroker-3] c.s.w.service.PlayerStatusHandler - Total Online Players: 0
2026-09-18 13:35:38 INFO  [WEBSOCKET,traceId=6aacf0d23842438dad9f1356275b5aa8,spanId=ad9f1356275b5aa8] [MessageBroker-3] c.s.w.service.PlayerStatusHandler - Total Online Players: 0
2026-09-18 13:35:38 INFO  [WEBSOCKET,traceId=6aacf0d26776a01891a64e3069c1efb3,spanId=91a64e3069c1efb3] [MessageBroker-3] c.s.w.service.PlayerStatusHandler - Total Online Players: 0
2026-09-18 13:35:38 INFO  [WEBSOCKET,traceId=6aacf0d215a1b7c611090ca0e5d3e88c,spanId=11090ca0e5d3e88c] [MessageBroker-3] c.s.w.service.PlayerStatusHandler - Total Online Players: 0
2026-09-18 13:35:38 INFO  [WEBSOCKET,traceId=6aacf0d2272cd72de0c30ed185c53c04,spanId=e0c30ed185c53c04] [MessageBroker-3] c.s.w.service.PlayerStatusHandler - Total Online Players: 0
2026-09-18 13:35:38 INFO  [WEBSOCKET,traceId=6aacf0d256383fceeb6cbeae93863e14,spanId=eb6cbeae93863e14] [MessageBroker-3] c.s.w.service.PlayerStatusHandler - Total Online Players: 0
2026-09-18 13:35:38 INFO  [WEBSOCKET,traceId=6aacf0d279ca3314af401ad220562ab8,spanId=af401ad220562ab8] [MessageBroker-2] c.s.w.service.PlayerStatusHandler - Total Online Players: 0
2026-09-18 13:35:38 INFO  [WEBSOCKET,traceId=6aacf0d2b53c4bd6e2b237390d6548e1,spanId=e2b237390d6548e1] [MessageBroker-2] c.s.w.service.PlayerStatusHandler - Total Online Players: 0
2026-09-18 13:35:38 INFO  [WEBSOCKET,traceId=6aacf0d25ccb86c4cc2d389968b5d409,spanId=cc2d389968b5d409] [MessageBroker-2] c.s.w.service.PlayerStatusHandler - Total Online Players: 0
2026-09-18 13:35:38 INFO  [WEBSOCKET,traceId=6aacf0d2d6c2854ef0a5eeef253581ec,spanId=f0a5eeef253581ec] [MessageBroker-2] c.s.w.service.PlayerStatusHandler - Total Online Players: 0
2026-09-18 13:35:38 INFO  [WEBSOCKET,traceId=6aacf0d21af88a84fbbdea87dcf039c4,spanId=fbbdea87dcf039c4] [MessageBroker-2] c.s.w.service.PlayerStatusHandler - Total Online Players: 0
2026-09-18 13:35:38 INFO  [WEBSOCKET,traceId=6aacf0d2c71dcfad7daf0cdcc5132f43,spanId=7daf0cdcc5132f43] [MessageBroker-2] c.s.w.service.PlayerStatusHandler - Total Online Players: 0
2026-09-18 13:35:38 INFO  [WEBSOCKET,traceId=6aacf0d2d7b6142db8f16dc12a769e53,spanId=b8f16dc12a769e53] [MessageBroker-2] c.s.w.service.PlayerStatusHandler - Total Online Players: 0
2026-09-18 13:35:38 INFO  [WEBSOCKET,traceId=6aacf0d2a85066116075b39121a99e33,spanId=6075b39121a99e33] [MessageBroker-2] c.s.w.service.PlayerStatusHandler - Total Online Players: 0
2026-09-18 13:35:38 INFO  [WEBSOCKET,traceId=6aacf0d215bd6f2fd74e51f000dba8bc,spanId=d74e51f000dba8bc] [MessageBroker-2] c.s.w.service.PlayerStatusHandler - Total Online Players: 0
2026-09-18 13:35:38 INFO  [WEBSOCKET,traceId=6aacf0d21d390a24469a153d991ad4c6,spanId=469a153d991ad4c6] [MessageBroker-2] c.s.w.service.PlayerStatusHandler - Total Online Players: 0
2026-09-18 13:35:38 INFO  [WEBSOCKET,traceId=6aacf0d231fe0384fa7367b13faca5c1,spanId=fa7367b13faca5c1] [MessageBroker-2] c.s.w.service.PlayerStatusHandler - Total Online Players: 0
2026-09-18 13:35:38 INFO  [WEBSOCKET,traceId=6aacf0d2f709fa056a775a9194968afa,spanId=6a775a9194968afa] [MessageBroker-2] c.s.w.service.PlayerStatusHandler - Total Online Players: 0
2026-09-18 13:35:38 INFO  [WEBSOCKET,traceId=6aacf0d2aedee54288bfe3b8d0ae976d,spanId=88bfe3b8d0ae976d] [MessageBroker-2] c.s.w.service.PlayerStatusHandler - Total Online Players: 0
2026-09-18 13:35:38 INFO  [WEBSOCKET,traceId=6aacf0d25154f17fb6a14c27771d1dc5,spanId=b6a14c27771d1dc5] [MessageBroker-2] c.s.w.service.PlayerStatusHandler - Total Online Players: 0
2026-09-18 13:35:38 INFO  [WEBSOCKET,traceId=6aacf0d2e948a4eda4ead047706c9bcc,spanId=a4ead047706c9bcc] [MessageBroker-2] c.s.w.service.PlayerStatusHandler - Total Online Players: 0
2026-09-18 13:35:38 INFO  [WEBSOCKET,traceId=6aacf0d248ea2dbe958acc5ad06ed071,spanId=958acc5ad06ed071] [MessageBroker-2] c.s.w.service.PlayerStatusHandler - Total Online Players: 0
2026-09-18 13:35:38 INFO  [WEBSOCKET,traceId=6aacf0d2c3d9675ebfa5a976a4f2e61a,spanId=bfa5a976a4f2e61a] [MessageBroker-2] c.s.w.service.PlayerStatusHandler - Total Online Players: 0
2026-09-18 13:35:38 INFO  [WEBSOCKET,traceId=6aacf0d26b0c58ae3e0de09d6c0a831c,spanId=3e0de09d6c0a831c] [MessageBroker-2] c.s.w.service.PlayerStatusHandler - Total Online Players: 0
2026-09-18 13:35:38 INFO  [WEBSOCKET,traceId=6aacf0d291aa5d8ad6fdb78fde8a1ba0,spanId=d6fdb78fde8a1ba0] [MessageBroker-3] c.s.w.service.PlayerStatusHandler - Total Online Players: 0
2026-09-18 13:35:38 INFO  [WEBSOCKET,traceId=6aacf0d2b9efa4a18e6aca1db7bede6a,spanId=8e6aca1db7bede6a] [MessageBroker-3] c.s.w.service.PlayerStatusHandler - Total Online Players: 0
2026-09-18 13:35:38 INFO  [WEBSOCKET,traceId=6aacf0d2dab4bb95c814a225f5016dd5,spanId=c814a225f5016dd5] [MessageBroker-3] c.s.w.service.PlayerStatusHandler - Total Online Players: 0
2026-09-18 13:35:38 INFO  [WEBSOCKET,traceId=6aacf0d26f125fe2c65c50edda9af82d,spanId=c65c50edda9af82d] [MessageBroker-3] c.s.w.service.PlayerStatusHandler - Total Online Players: 0
2026-09-18 13:35:38 INFO  [WEBSOCKET,traceId=6aacf0d22c58948ccf3fae90ea4c4e2f,spanId=cf3fae90ea4c4e2f] [MessageBroker-3] c.s.w.service.PlayerStatusHandler - Total Online Players: 0
2026-09-18 13:35:38 INFO  [WEBSOCKET,traceId=6aacf0d2b14f663fef6829f64f53cdd0,spanId=ef6829f64f53cdd0] [MessageBroker-3] c.s.w.service.PlayerStatusHandler - Total Online Players: 0
2026-09-18 13:35:38 INFO  [WEBSOCKET,traceId=6aacf0d21b6581d012894be4de39fa80,spanId=12894be4de39fa80] [MessageBroker-3] c.s.w.service.PlayerStatusHandler - Total Online Players: 0
2026-09-18 13:35:38 INFO  [WEBSOCKET,traceId=6aacf0d2f6321cc0045f5c84cd2bc273,spanId=045f5c84cd2bc273] [MessageBroker-3] c.s.w.service.PlayerStatusHandler - Total Online Players: 0
2026-09-18 13:35:38 INFO  [WEBSOCKET,traceId=6aacf0d23bc78357efba4c6d7a015674,spanId=efba4c6d7a015674] [MessageBroker-3] c.s.w.service.PlayerStatusHandler - Total Online Players: 0
2026-09-18 13:35:38 INFO  [WEBSOCKET,traceId=6aacf0d21b320e70b2997f8e1e46a280,spanId=b2997f8e1e46a280] [MessageBroker-3] c.s.w.service.PlayerStatusHandler - Total Online Players: 0
2026-09-18 13:35:38 INFO  [WEBSOCKET,traceId=6aacf0d20a2ce13ee63ee165b30e48a3,spanId=e63ee165b30e48a3] [MessageBroker-3] c.s.w.service.PlayerStatusHandler - Total Online Players: 0
2026-09-18 13:35:38 INFO  [WEBSOCKET,traceId=6aacf0d214f69dcd2087e704af945de0,spanId=2087e704af945de0] [MessageBroker-3] c.s.w.service.PlayerStatusHandler - Total Online Players: 0
2026-09-18 13:35:38 INFO  [WEBSOCKET,traceId=6aacf0d2132bde571b3abcbbcc31ad58,spanId=1b3abcbbcc31ad58] [MessageBroker-3] c.s.w.service.PlayerStatusHandler - Total Online Players: 0
2026-09-18 13:35:38 INFO  [WEBSOCKET,traceId=6aacf0d2cb4389aa8b1e4209c7e81ac3,spanId=8b1e4209c7e81ac3] [MessageBroker-3] c.s.w.service.PlayerStatusHandler - Total Online Players: 0
2026-09-18 13:35:38 INFO  [WEBSOCKET,traceId=6aacf0d29934f179ef9382ef2532b159,spanId=ef9382ef2532b159] [MessageBroker-3] c.s.w.service.PlayerStatusHandler - Total Online Players: 0
2026-09-18 13:35:38 INFO  [WEBSOCKET,traceId=6aacf0d2038e83bd354d27d754c2cbee,spanId=354d27d754c2cbee] [MessageBroker-4] c.s.w.service.PlayerStatusHandler - Total Online Players: 0
2026-09-18 13:35:38 INFO  [WEBSOCKET,traceId=6aacf0d270cd495735cfa8bac77dd591,spanId=35cfa8bac77dd591] [MessageBroker-4] c.s.w.service.PlayerStatusHandler - Total Online Players: 0
2026-09-18 13:35:38 INFO  [WEBSOCKET,traceId=6aacf0d2bd5713655e4d7262cb56a11d,spanId=5e4d7262cb56a11d] [MessageBroker-4] c.s.w.service.PlayerStatusHandler - Total Online Players: 0
2026-09-18 13:35:38 INFO  [WEBSOCKET,traceId=6aacf0d2455bb50d9f5bd121cd850617,spanId=9f5bd121cd850617] [MessageBroker-4] c.s.w.service.PlayerStatusHandler - Total Online Players: 0
2026-09-18 13:35:38 INFO  [WEBSOCKET,traceId=6aacf0d2fd742666f025899fdc3be5af,spanId=f025899fdc3be5af] [MessageBroker-4] c.s.w.service.PlayerStatusHandler - Total Online Players: 0
2026-09-18 13:35:38 INFO  [WEBSOCKET,traceId=6aacf0d24eaa1500a418d0b6f5e1e958,spanId=a418d0b6f5e1e958] [MessageBroker-4] c.s.w.service.PlayerStatusHandler - Total Online Players: 0
2026-09-18 13:35:38 INFO  [WEBSOCKET,traceId=6aacf0d279f00ac8881bb607474a4cd2,spanId=881bb607474a4cd2] [MessageBroker-4] c.s.w.service.PlayerStatusHandler - Total Online Players: 0
2026-09-18 13:35:38 INFO  [WEBSOCKET,traceId=6aacf0d2a02004c07e99fcde8f7efd1b,spanId=7e99fcde8f7efd1b] [MessageBroker-4] c.s.w.service.PlayerStatusHandler - Total Online Players: 0
2026-09-18 13:35:38 INFO  [WEBSOCKET,traceId=6aacf0d2372de16eccdee30da29c3ca6,spanId=ccdee30da29c3ca6] [MessageBroker-4] c.s.w.service.PlayerStatusHandler - Total Online Players: 0
2026-09-18 13:35:38 INFO  [WEBSOCKET,traceId=6aacf0d2297ed89295606eceacb73f68,spanId=95606eceacb73f68] [MessageBroker-4] c.s.w.service.PlayerStatusHandler - Total Online Players: 0
2026-09-18 13:35:38 INFO  [WEBSOCKET,traceId=6aacf0d299a3be13d6e4452d9b848125,spanId=d6e4452d9b848125] [MessageBroker-4] c.s.w.service.PlayerStatusHandler - Total Online Players: 0
2026-09-18 13:35:38 INFO  [WEBSOCKET,traceId=6aacf0d2364dd3d6e704774b2d0a45ae,spanId=e704774b2d0a45ae] [MessageBroker-4] c.s.w.service.PlayerStatusHandler - Total Online Players: 0
2026-09-18 13:35:38 INFO  [WEBSOCKET,traceId=6aacf0d243eacd17f3011c37ffe1893c,spanId=f3011c37ffe1893c] [MessageBroker-4] c.s.w.service.PlayerStatusHandler - Total Online Players: 0
2026-09-18 13:35:38 INFO  [WEBSOCKET,traceId=6aacf0d2c4be32e2e0bd4320fbc1228a,spanId=e0bd4320fbc1228a] [MessageBroker-4] c.s.w.service.PlayerStatusHandler - Total Online Players: 0
2026-09-18 13:35:38 INFO  [WEBSOCKET,traceId=6aacf0d221a2d52c9c64c2ea0e4872c8,spanId=9c64c2ea0e4872c8] [MessageBroker-4] c.s.w.service.PlayerStatusHandler - Total Online Players: 0
2026-09-18 13:35:38 INFO  [WEBSOCKET,traceId=6aacf0d2d95c35b3f4103bc26eef7078,spanId=f4103bc26eef7078] [MessageBroker-4] c.s.w.service.PlayerStatusHandler - Total Online Players: 0
2026-09-18 13:35:38 INFO  [WEBSOCKET,traceId=6aacf0d28d6c825c433653353f678714,spanId=433653353f678714] [MessageBroker-2] c.s.w.service.PlayerStatusHandler - Total Online Players: 0
2026-09-18 13:35:38 INFO  [WEBSOCKET,traceId=6aacf0d278677e8b3a06880a748e84fd,spanId=3a06880a748e84fd] [MessageBroker-2] c.s.w.service.PlayerStatusHandler - Total Online Players: 0
2026-09-18 13:35:38 INFO  [WEBSOCKET,traceId=6aacf0d2b2fa7c07565be98a4257e19d,spanId=565be98a4257e19d] [MessageBroker-2] c.s.w.service.PlayerStatusHandler - Total Online Players: 0
2026-09-18 13:35:38 INFO  [WEBSOCKET,traceId=6aacf0d2fefb0687076af60152e8e6e6,spanId=076af60152e8e6e6] [MessageBroker-2] c.s.w.service.PlayerStatusHandler - Total Online Players: 0
2026-09-18 13:35:38 INFO  [WEBSOCKET,traceId=6aacf0d2c011044d43e53caab040196f,spanId=43e53caab040196f] [MessageBroker-2] c.s.w.service.PlayerStatusHandler - Total Online Players: 0
2026-09-18 13:35:38 INFO  [WEBSOCKET,traceId=6aacf0d28601adcb3b279e3f5256b5e6,spanId=3b279e3f5256b5e6] [MessageBroker-2] c.s.w.service.PlayerStatusHandler - Total Online Players: 0
2026-09-18 13:35:38 INFO  [WEBSOCKET,traceId=6aacf0d203d105af13429f0274bb5636,spanId=13429f0274bb5636] [MessageBroker-2] c.s.w.service.PlayerStatusHandler - Total Online Players: 0
2026-09-18 13:35:38 INFO  [WEBSOCKET,traceId=6aacf0d2c15da3ef3c3eee1a0a5e43bd,spanId=3c3eee1a0a5e43bd] [MessageBroker-2] c.s.w.service.PlayerStatusHandler - Total Online Players: 0
2026-09-18 13:35:38 INFO  [WEBSOCKET,traceId=6aacf0d2acacf15382598477c512c20a,spanId=82598477c512c20a] [MessageBroker-3] c.s.w.service.PlayerStatusHandler - Total Online Players: 0
2026-09-18 13:35:38 INFO  [WEBSOCKET,traceId=6aacf0d2a240256af45dacee5d390016,spanId=f45dacee5d390016] [MessageBroker-3] c.s.w.service.PlayerStatusHandler - Total Online Players: 0
2026-09-18 13:35:38 INFO  [WEBSOCKET,traceId=6aacf0d2e7b59c7dea3116052d8ad03d,spanId=ea3116052d8ad03d] [MessageBroker-3] c.s.w.service.PlayerStatusHandler - Total Online Players: 0
2026-09-18 13:35:38 INFO  [WEBSOCKET,traceId=6aacf0d2e4185e17e228d76b603c4555,spanId=e228d76b603c4555] [MessageBroker-3] c.s.w.service.PlayerStatusHandler - Total Online Players: 0
2026-09-18 13:35:38 INFO  [WEBSOCKET,traceId=6aacf0d2047109c046921c5efa26f256,spanId=46921c5efa26f256] [MessageBroker-3] c.s.w.service.PlayerStatusHandler - Total Online Players: 0
2026-09-18 13:35:38 INFO  [WEBSOCKET,traceId=6aacf0d28369ab34371ef2cfbed85c14,spanId=371ef2cfbed85c14] [MessageBroker-3] c.s.w.service.PlayerStatusHandler - Total Online Players: 0
2026-09-18 13:35:38 INFO  [WEBSOCKET,traceId=6aacf0d2f52116b11ff1e80ac41e06bd,spanId=1ff1e80ac41e06bd] [MessageBroker-3] c.s.w.service.PlayerStatusHandler - Total Online Players: 0
2026-09-18 13:35:38 INFO  [WEBSOCKET,traceId=6aacf0d2853e0dad68b0bdac07704f63,spanId=68b0bdac07704f63] [MessageBroker-3] c.s.w.service.PlayerStatusHandler - Total Online Players: 0
2026-09-18 13:35:38 INFO  [WEBSOCKET,traceId=6aacf0d21bcc46b80fc22909cfa11110,spanId=0fc22909cfa11110] [MessageBroker-3] c.s.w.service.PlayerStatusHandler - Total Online Players: 0
2026-09-18 13:35:38 INFO  [WEBSOCKET,traceId=6aacf0d2111dbfcd49034d90eee0243c,spanId=49034d90eee0243c] [MessageBroker-3] c.s.w.service.PlayerStatusHandler - Total Online Players: 0
2026-09-18 13:35:38 INFO  [WEBSOCKET,traceId=6aacf0d23a8ae834cd9d514951dec7d8,spanId=cd9d514951dec7d8] [MessageBroker-3] c.s.w.service.PlayerStatusHandler - Total Online Players: 0
2026-09-18 13:35:38 INFO  [WEBSOCKET,traceId=6aacf0d24707d818608ba0cfda01f6a8,spanId=608ba0cfda01f6a8] [MessageBroker-3] c.s.w.service.PlayerStatusHandler - Total Online Players: 0
2026-09-18 13:35:38 INFO  [WEBSOCKET,traceId=6aacf0d2b1caaf14051510ece62c00aa,spanId=051510ece62c00aa] [MessageBroker-3] c.s.w.service.PlayerStatusHandler - Total Online Players: 0
2026-09-18 13:35:38 INFO  [WEBSOCKET,traceId=6aacf0d2cb2c7c60ba5485e238282dd9,spanId=ba5485e238282dd9] [MessageBroker-3] c.s.w.service.PlayerStatusHandler - Total Online Players: 0
2026-09-18 13:35:38 INFO  [WEBSOCKET,traceId=6aacf0d2eda273b955c7b05ab2d5d955,spanId=55c7b05ab2d5d955] [MessageBroker-3] c.s.w.service.PlayerStatusHandler - Total Online Players: 0
2026-09-18 13:35:38 INFO  [WEBSOCKET,traceId=6aacf0d2fb076db0a3e393570e0f21b7,spanId=a3e393570e0f21b7] [MessageBroker-1] c.s.w.service.PlayerStatusHandler - Total Online Players: 0
2026-09-18 13:35:38 INFO  [WEBSOCKET,traceId=6aacf0d26f21e510e31e1d9d627efadd,spanId=e31e1d9d627efadd] [MessageBroker-1] c.s.w.service.PlayerStatusHandler - Total Online Players: 0
2026-09-18 13:35:38 INFO  [WEBSOCKET,traceId=6aacf0d2d578b88c785efee88dbc9c87,spanId=785efee88dbc9c87] [MessageBroker-1] c.s.w.service.PlayerStatusHandler - Total Online Players: 0
2026-09-18 13:35:38 INFO  [WEBSOCKET,traceId=6aacf0d29628e9d4623a35a97cb94643,spanId=623a35a97cb94643] [MessageBroker-1] c.s.w.service.PlayerStatusHandler - Total Online Players: 0
2026-09-18 13:35:38 INFO  [WEBSOCKET,traceId=6aacf0d2752f21966236469d299b3b35,spanId=6236469d299b3b35] [MessageBroker-1] c.s.w.service.PlayerStatusHandler - Total Online Players: 0
2026-09-18 13:35:38 INFO  [WEBSOCKET,traceId=6aacf0d2efe1507dc888bf9d2ccd627a,spanId=c888bf9d2ccd627a] [MessageBroker-1] c.s.w.service.PlayerStatusHandler - Total Online Players: 0
2026-09-18 13:35:38 INFO  [WEBSOCKET,traceId=6aacf0d2edd95d8615308d0a90efa5ce,spanId=15308d0a90efa5ce] [MessageBroker-1] c.s.w.service.PlayerStatusHandler - Total Online Players: 0
2026-09-18 13:35:38 INFO  [WEBSOCKET,traceId=6aacf0d2e663a81816a37c86cc26cb54,spanId=16a37c86cc26cb54] [MessageBroker-1] c.s.w.service.PlayerStatusHandler - Total Online Players: 0
2026-09-18 13:35:38 INFO  [WEBSOCKET,traceId=6aacf0d2ae952c5681374c7f9839b994,spanId=81374c7f9839b994] [MessageBroker-1] c.s.w.service.PlayerStatusHandler - Total Online Players: 0
2026-09-18 13:35:38 INFO  [WEBSOCKET,traceId=6aacf0d2b15e2db99b088ca1d15966cb,spanId=9b088ca1d15966cb] [MessageBroker-1] c.s.w.service.PlayerStatusHandler - Total Online Players: 0
2026-09-18 13:35:38 INFO  [WEBSOCKET,traceId=6aacf0d29f4214b5f386f6d67b45dda3,spanId=f386f6d67b45dda3] [MessageBroker-1] c.s.w.service.PlayerStatusHandler - Total Online Players: 0
2026-09-18 13:35:38 INFO  [WEBSOCKET,traceId=6aacf0d2975b5350cb224cf74396d78b,spanId=cb224cf74396d78b] [MessageBroker-1] c.s.w.service.PlayerStatusHandler - Total Online Players: 0
2026-09-18 13:35:38 INFO  [WEBSOCKET,traceId=6aacf0d2a0fa0929355db4ad61db1f3c,spanId=355db4ad61db1f3c] [MessageBroker-1] c.s.w.service.PlayerStatusHandler - Total Online Players: 0
2026-09-18 13:35:38 INFO  [WEBSOCKET,traceId=6aacf0d2455b46540017dfe3b19be518,spanId=0017dfe3b19be518] [MessageBroker-1] c.s.w.service.PlayerStatusHandler - Total Online Players: 0
2026-09-18 13:35:38 INFO  [WEBSOCKET,traceId=6aacf0d2f792564881818ac412ce830b,spanId=81818ac412ce830b] [MessageBroker-1] c.s.w.service.PlayerStatusHandler - Total Online Players: 0
2026-09-18 13:35:38 INFO  [WEBSOCKET,traceId=6aacf0d24a6da96e86976c7b2e8bf353,spanId=86976c7b2e8bf353] [MessageBroker-1] c.s.w.service.PlayerStatusHandler - Total Online Players: 0
2026-09-18 13:35:38 INFO  [WEBSOCKET,traceId=6aacf0d26f1f7f3e6b1fbea6b745fb5c,spanId=6b1fbea6b745fb5c] [MessageBroker-2] c.s.w.service.PlayerStatusHandler - Total Online Players: 0
2026-09-18 13:35:38 INFO  [WEBSOCKET,traceId=6aacf0d26026420c825cebdd02e12cc5,spanId=825cebdd02e12cc5] [MessageBroker-2] c.s.w.service.PlayerStatusHandler - Total Online Players: 0
2026-09-18 13:35:38 INFO  [WEBSOCKET,traceId=6aacf0d2057b7e1b9c38e0c972a413ca,spanId=9c38e0c972a413ca] [MessageBroker-2] c.s.w.service.PlayerStatusHandler - Total Online Players: 0
2026-09-18 13:35:38 INFO  [WEBSOCKET,traceId=6aacf0d207d98909c193238ff277f045,spanId=c193238ff277f045] [MessageBroker-2] c.s.w.service.PlayerStatusHandler - Total Online Players: 0
2026-09-18 13:35:38 INFO  [WEBSOCKET,traceId=6aacf0d2367c3dfd76a13fe80ac8b916,spanId=76a13fe80ac8b916] [MessageBroker-2] c.s.w.service.PlayerStatusHandler - Total Online Players: 0
2026-09-18 13:35:38 INFO  [WEBSOCKET,traceId=6aacf0d2cce7223a7940bb32749c183a,spanId=7940bb32749c183a] [MessageBroker-2] c.s.w.service.PlayerStatusHandler - Total Online Players: 0
2026-09-18 13:35:38 INFO  [WEBSOCKET,traceId=6aacf0d2cd02709d2ae2804a9d5eb34f,spanId=2ae2804a9d5eb34f] [MessageBroker-2] c.s.w.service.PlayerStatusHandler - Total Online Players: 0
2026-09-18 13:35:38 INFO  [WEBSOCKET,traceId=6aacf0d247233a8e2d0c9aeb29cae21d,spanId=2d0c9aeb29cae21d] [MessageBroker-2] c.s.w.service.PlayerStatusHandler - Total Online Players: 0
2026-09-18 13:35:38 INFO  [WEBSOCKET,traceId=6aacf0d20559260c389220d12df60ac2,spanId=389220d12df60ac2] [MessageBroker-2] c.s.w.service.PlayerStatusHandler - Total Online Players: 0
2026-09-18 13:35:38 INFO  [WEBSOCKET,traceId=6aacf0d2e86a83c1c4a37755b2dfd3ad,spanId=c4a37755b2dfd3ad] [MessageBroker-2] c.s.w.service.PlayerStatusHandler - Total Online Players: 0
2026-09-18 13:35:38 INFO  [WEBSOCKET,traceId=6aacf0d232d552a9f4f7b52f329d5964,spanId=f4f7b52f329d5964] [MessageBroker-2] c.s.w.service.PlayerStatusHandler - Total Online Players: 0
2026-09-18 13:35:38 INFO  [WEBSOCKET,traceId=6aacf0d2e3cd73bdea2a2b1412c09c1b,spanId=ea2a2b1412c09c1b] [MessageBroker-2] c.s.w.service.PlayerStatusHandler - Total Online Players: 0
2026-09-18 13:35:38 INFO  [WEBSOCKET,traceId=6aacf0d276d4b0b39686d56be74564ff,spanId=9686d56be74564ff] [MessageBroker-2] c.s.w.service.PlayerStatusHandler - Total Online Players: 0
2026-09-18 13:35:38 INFO  [WEBSOCKET,traceId=6aacf0d286a274de120f9eac70fa2263,spanId=120f9eac70fa2263] [MessageBroker-2] c.s.w.service.PlayerStatusHandler - Total Online Players: 0
2026-09-18 13:35:38 INFO  [WEBSOCKET,traceId=6aacf0d2a5556d65cc0b8b5fa2b724ff,spanId=cc0b8b5fa2b724ff] [MessageBroker-2] c.s.w.service.PlayerStatusHandler - Total Online Players: 0
2026-09-18 13:35:38 INFO  [WEBSOCKET,traceId=6aacf0d2eb631be82302196b36462138,spanId=2302196b36462138] [MessageBroker-2] c.s.w.service.PlayerStatusHandler - Total Online Players: 0
2026-09-18 13:35:38 INFO  [WEBSOCKET,traceId=6aacf0d28db96e5ef5f622d631ac8bfe,spanId=f5f622d631ac8bfe] [MessageBroker-1] c.s.w.service.PlayerStatusHandler - Total Online Players: 0
2026-09-18 13:35:38 INFO  [WEBSOCKET,traceId=6aacf0d200f098a213776a886d8890ba,spanId=13776a886d8890ba] [MessageBroker-1] c.s.w.service.PlayerStatusHandler - Total Online Players: 0
2026-09-18 13:35:38 INFO  [WEBSOCKET,traceId=6aacf0d2e8847fcef144066096c035a2,spanId=f144066096c035a2] [MessageBroker-1] c.s.w.service.PlayerStatusHandler - Total Online Players: 0
2026-09-18 13:35:38 INFO  [WEBSOCKET,traceId=6aacf0d2ea4572d211bc3ba8ee057f19,spanId=11bc3ba8ee057f19] [MessageBroker-1] c.s.w.service.PlayerStatusHandler - Total Online Players: 0
2026-09-18 13:35:38 INFO  [WEBSOCKET,traceId=6aacf0d20c508176974cb88126b929db,spanId=974cb88126b929db] [MessageBroker-1] c.s.w.service.PlayerStatusHandler - Total Online Players: 0
2026-09-18 13:35:38 INFO  [WEBSOCKET,traceId=6aacf0d214e87cb05acbf8610ba8bea8,spanId=5acbf8610ba8bea8] [MessageBroker-1] c.s.w.service.PlayerStatusHandler - Total Online Players: 0
2026-09-18 13:35:38 INFO  [WEBSOCKET,traceId=6aacf0d25680b4fa4e33951235b99502,spanId=4e33951235b99502] [MessageBroker-1] c.s.w.service.PlayerStatusHandler - Total Online Players: 0
2026-09-18 13:35:38 INFO  [WEBSOCKET,traceId=6aacf0d29f87de6c0c968b2ac657522f,spanId=0c968b2ac657522f] [MessageBroker-1] c.s.w.service.PlayerStatusHandler - Total Online Players: 0
2026-09-18 13:35:38 INFO  [WEBSOCKET,traceId=6aacf0d2baa5b0345f6ac4a241b2fc22,spanId=5f6ac4a241b2fc22] [MessageBroker-1] c.s.w.service.PlayerStatusHandler - Total Online Players: 0
2026-09-18 13:35:38 INFO  [WEBSOCKET,traceId=6aacf0d2fe49825490fc5507a73a9edb,spanId=90fc5507a73a9edb] [MessageBroker-1] c.s.w.service.PlayerStatusHandler - Total Online Players: 0
2026-09-18 13:35:38 INFO  [WEBSOCKET,traceId=6aacf0d20d69f69f1dcc608bf345d396,spanId=1dcc608bf345d396] [MessageBroker-1] c.s.w.service.PlayerStatusHandler - Total Online Players: 0
2026-09-18 13:35:38 INFO  [WEBSOCKET,traceId=6aacf0d23ced0daec26acc1575a0c55a,spanId=c26acc1575a0c55a] [MessageBroker-1] c.s.w.service.PlayerStatusHandler - Total Online Players: 0
2026-09-18 13:35:38 INFO  [WEBSOCKET,traceId=6aacf0d239f2a903964bcb4c76b6daf2,spanId=964bcb4c76b6daf2] [MessageBroker-1] c.s.w.service.PlayerStatusHandler - Total Online Players: 0
2026-09-18 13:35:38 INFO  [WEBSOCKET,traceId=6aacf0d291dcd7073f87e92821695617,spanId=3f87e92821695617] [MessageBroker-1] c.s.w.service.PlayerStatusHandler - Total Online Players: 0
2026-09-18 13:35:38 INFO  [WEBSOCKET,traceId=6aacf0d26140d7624c8fcaa75835a006,spanId=4c8fcaa75835a006] [MessageBroker-1] c.s.w.service.PlayerStatusHandler - Total Online Players: 0
2026-09-18 13:35:38 INFO  [WEBSOCKET,traceId=6aacf0d27ee701f2d4208457d06f46ba,spanId=d4208457d06f46ba] [MessageBroker-1] c.s.w.service.PlayerStatusHandler - Total Online Players: 0
2026-09-18 13:35:38 INFO  [WEBSOCKET,traceId=6aacf0d2c28a61ad1a020078e0c36dfe,spanId=1a020078e0c36dfe] [MessageBroker-1] c.s.w.service.PlayerStatusHandler - Total Online Players: 0
2026-09-18 13:35:38 INFO  [WEBSOCKET,traceId=6aacf0d2eefb53a65b82f2790835f2fc,spanId=5b82f2790835f2fc] [MessageBroker-1] c.s.w.service.PlayerStatusHandler - Total Online Players: 0
2026-09-18 13:35:38 INFO  [WEBSOCKET,traceId=6aacf0d2b65dc2e977ffa9f66ffc75bb,spanId=77ffa9f66ffc75bb] [MessageBroker-1] c.s.w.service.PlayerStatusHandler - Total Online Players: 0
2026-09-18 13:35:38 INFO  [WEBSOCKET,traceId=6aacf0d23db8ba53575b6bc2fde70627,spanId=575b6bc2fde70627] [MessageBroker-1] c.s.w.service.PlayerStatusHandler - Total Online Players: 0
2026-09-18 13:35:38 INFO  [WEBSOCKET,traceId=6aacf0d26c241583b908041db06fe3b3,spanId=b908041db06fe3b3] [MessageBroker-2] c.s.w.service.PlayerStatusHandler - Total Online Players: 0
2026-09-18 13:35:38 INFO  [WEBSOCKET,traceId=6aacf0d26141bdc715a52ae3c34ead08,spanId=15a52ae3c34ead08] [MessageBroker-2] c.s.w.service.PlayerStatusHandler - Total Online Players: 0
2026-09-18 13:35:38 INFO  [WEBSOCKET,traceId=6aacf0d266a030968e321b6cfa3f8ed6,spanId=8e321b6cfa3f8ed6] [MessageBroker-2] c.s.w.service.PlayerStatusHandler - Total Online Players: 0
2026-09-18 13:35:38 INFO  [WEBSOCKET,traceId=6aacf0d2d88192f57d8c94c4b2ce1bd4,spanId=7d8c94c4b2ce1bd4] [MessageBroker-2] c.s.w.service.PlayerStatusHandler - Total Online Players: 0
2026-09-18 13:35:38 INFO  [WEBSOCKET,traceId=6aacf0d21d40139df982fe2238d64ecb,spanId=f982fe2238d64ecb] [MessageBroker-2] c.s.w.service.PlayerStatusHandler - Total Online Players: 0
2026-09-18 13:35:38 INFO  [WEBSOCKET,traceId=6aacf0d21176a350fb43d50db3890b2e,spanId=fb43d50db3890b2e] [MessageBroker-2] c.s.w.service.PlayerStatusHandler - Total Online Players: 0
2026-09-18 13:35:38 INFO  [WEBSOCKET,traceId=6aacf0d294d7a4ab21dc838c0bd2fb69,spanId=21dc838c0bd2fb69] [MessageBroker-2] c.s.w.service.PlayerStatusHandler - Total Online Players: 0
2026-09-18 13:35:38 INFO  [WEBSOCKET,traceId=6aacf0d2747bc0920fd1bfacb3d36ba2,spanId=0fd1bfacb3d36ba2] [MessageBroker-2] c.s.w.service.PlayerStatusHandler - Total Online Players: 0
2026-09-18 13:35:38 INFO  [WEBSOCKET,traceId=6aacf0d2706e4c67887cdc5b66c4d3f2,spanId=887cdc5b66c4d3f2] [MessageBroker-2] c.s.w.service.PlayerStatusHandler - Total Online Players: 0
2026-09-18 13:35:38 INFO  [WEBSOCKET,traceId=6aacf0d2a72296058c14ca6aea4cf5c0,spanId=8c14ca6aea4cf5c0] [MessageBroker-2] c.s.w.service.PlayerStatusHandler - Total Online Players: 0
2026-09-18 13:35:38 INFO  [WEBSOCKET,traceId=6aacf0d28c7ff8bcdd1196e38e4c3ef6,spanId=dd1196e38e4c3ef6] [MessageBroker-2] c.s.w.service.PlayerStatusHandler - Total Online Players: 0
2026-09-18 13:35:38 INFO  [WEBSOCKET,traceId=6aacf0d2a869e2c18d35b7716fafdb05,spanId=8d35b7716fafdb05] [MessageBroker-2] c.s.w.service.PlayerStatusHandler - Total Online Players: 0
2026-09-18 13:35:38 INFO  [WEBSOCKET,traceId=6aacf0d24cbeba61a9aa4b2b2d112249,spanId=a9aa4b2b2d112249] [MessageBroker-2] c.s.w.service.PlayerStatusHandler - Total Online Players: 0
2026-09-18 13:35:38 INFO  [WEBSOCKET,traceId=6aacf0d2dd1b365a832559c53eb150d5,spanId=832559c53eb150d5] [MessageBroker-2] c.s.w.service.PlayerStatusHandler - Total Online Players: 0
2026-09-18 13:35:38 INFO  [WEBSOCKET,traceId=6aacf0d2a1327a1a2c5f02c049c9fbc3,spanId=2c5f02c049c9fbc3] [MessageBroker-2] c.s.w.service.PlayerStatusHandler - Total Online Players: 0
2026-09-18 13:35:38 INFO  [WEBSOCKET,traceId=6aacf0d264c5838386fe973ea7d60c8e,spanId=86fe973ea7d60c8e] [MessageBroker-2] c.s.w.service.PlayerStatusHandler - Total Online Players: 0
2026-09-18 13:35:38 INFO  [WEBSOCKET,traceId=6aacf0d2373d35e4824dcb0d034b861d,spanId=824dcb0d034b861d] [MessageBroker-2] c.s.w.service.PlayerStatusHandler - Total Online Players: 0
2026-09-18 13:35:38 INFO  [WEBSOCKET,traceId=6aacf0d2f16a961c23772a5195f2c896,spanId=23772a5195f2c896] [MessageBroker-2] c.s.w.service.PlayerStatusHandler - Total Online Players: 0
2026-09-18 13:35:38 INFO  [WEBSOCKET,traceId=6aacf0d2180562dabf3c68c59c929829,spanId=bf3c68c59c929829] [MessageBroker-2] c.s.w.service.PlayerStatusHandler - Total Online Players: 0
2026-09-18 13:35:38 INFO  [WEBSOCKET,traceId=6aacf0d249ada483edd3665e3b72d4fb,spanId=edd3665e3b72d4fb] [MessageBroker-2] c.s.w.service.PlayerStatusHandler - Total Online Players: 0
2026-09-18 13:35:38 INFO  [WEBSOCKET,traceId=6aacf0d21c75c97d9d231254afca9a97,spanId=9d231254afca9a97] [MessageBroker-4] c.s.w.service.PlayerStatusHandler - Total Online Players: 0
2026-09-18 13:35:38 INFO  [WEBSOCKET,traceId=6aacf0d2ed7cf4712706a6a73a9d774b,spanId=2706a6a73a9d774b] [MessageBroker-4] c.s.w.service.PlayerStatusHandler - Total Online Players: 0
2026-09-18 13:35:38 INFO  [WEBSOCKET,traceId=6aacf0d2eb233b768e19083fc30e2bec,spanId=8e19083fc30e2bec] [MessageBroker-4] c.s.w.service.PlayerStatusHandler - Total Online Players: 0
2026-09-18 13:35:38 INFO  [WEBSOCKET,traceId=6aacf0d20d5818b64078cf9920ed8e05,spanId=4078cf9920ed8e05] [MessageBroker-4] c.s.w.service.PlayerStatusHandler - Total Online Players: 0
2026-09-18 13:35:38 INFO  [WEBSOCKET,traceId=6aacf0d217c00f817f4ec750760f8d77,spanId=7f4ec750760f8d77] [MessageBroker-4] c.s.w.service.PlayerStatusHandler - Total Online Players: 0
2026-09-18 13:35:38 INFO  [WEBSOCKET,traceId=6aacf0d22930036a750ad93c09e5bda8,spanId=750ad93c09e5bda8] [MessageBroker-4] c.s.w.service.PlayerStatusHandler - Total Online Players: 0
2026-09-18 13:35:38 INFO  [WEBSOCKET,traceId=6aacf0d22a5a4a6b39a8953bdfd9c019,spanId=39a8953bdfd9c019] [MessageBroker-4] c.s.w.service.PlayerStatusHandler - Total Online Players: 0
2026-09-18 13:35:38 INFO  [WEBSOCKET,traceId=6aacf0d2b69bf061b94388e7f90d00c5,spanId=b94388e7f90d00c5] [MessageBroker-4] c.s.w.service.PlayerStatusHandler - Total Online Players: 0
2026-09-18 13:35:38 INFO  [WEBSOCKET,traceId=6aacf0d208524d391cbaa798fa838884,spanId=1cbaa798fa838884] [MessageBroker-4] c.s.w.service.PlayerStatusHandler - Total Online Players: 0
2026-09-18 13:35:38 INFO  [WEBSOCKET,traceId=6aacf0d2d663d5beee0d15225b5d9ee4,spanId=ee0d15225b5d9ee4] [MessageBroker-4] c.s.w.service.PlayerStatusHandler - Total Online Players: 0
2026-09-18 13:35:38 INFO  [WEBSOCKET,traceId=6aacf0d23a0f0367f6afcc96c09f2eaf,spanId=f6afcc96c09f2eaf] [MessageBroker-4] c.s.w.service.PlayerStatusHandler - Total Online Players: 0
2026-09-18 13:35:38 INFO  [WEBSOCKET,traceId=6aacf0d29d5a305b7edb663fed5da721,spanId=7edb663fed5da721] [MessageBroker-4] c.s.w.service.PlayerStatusHandler - Total Online Players: 0
2026-09-18 13:35:38 INFO  [WEBSOCKET,traceId=6aacf0d23937f8753d53d4acf39d4138,spanId=3d53d4acf39d4138] [MessageBroker-4] c.s.w.service.PlayerStatusHandler - Total Online Players: 0
2026-09-18 13:35:38 INFO  [WEBSOCKET,traceId=6aacf0d21a0d2e50f600f11a1781417e,spanId=f600f11a1781417e] [MessageBroker-4] c.s.w.service.PlayerStatusHandler - Total Online Players: 0
2026-09-18 13:35:38 INFO  [WEBSOCKET,traceId=6aacf0d2a62d99c902edbfad4e947be3,spanId=02edbfad4e947be3] [MessageBroker-4] c.s.w.service.PlayerStatusHandler - Total Online Players: 0
2026-09-18 13:35:38 INFO  [WEBSOCKET,traceId=6aacf0d28ecc47a0dd9d728e51faab00,spanId=dd9d728e51faab00] [MessageBroker-4] c.s.w.service.PlayerStatusHandler - Total Online Players: 0
2026-09-18 13:35:38 INFO  [WEBSOCKET,traceId=6aacf0d2125810da11cca58d984e8bea,spanId=11cca58d984e8bea] [MessageBroker-4] c.s.w.service.PlayerStatusHandler - Total Online Players: 0
2026-09-18 13:35:38 INFO  [WEBSOCKET,traceId=6aacf0d2a232e11a30ca574c224d598d,spanId=30ca574c224d598d] [MessageBroker-4] c.s.w.service.PlayerStatusHandler - Total Online Players: 0
2026-09-18 13:35:38 INFO  [WEBSOCKET,traceId=6aacf0d2d18669fce62f7860912bb311,spanId=e62f7860912bb311] [MessageBroker-4] c.s.w.service.PlayerStatusHandler - Total Online Players: 0
2026-09-18 13:35:38 INFO  [WEBSOCKET,traceId=6aacf0d28411ffac4a6c773caf557921,spanId=4a6c773caf557921] [MessageBroker-4] c.s.w.service.PlayerStatusHandler - Total Online Players: 0
2026-09-18 13:35:38 INFO  [WEBSOCKET,traceId=6aacf0d2499d95ff0b361ccc695c553a,spanId=0b361ccc695c553a] [MessageBroker-4] c.s.w.service.PlayerStatusHandler - Total Online Players: 0
2026-09-18 13:35:38 INFO  [WEBSOCKET,traceId=6aacf0d25137ef3844243492270b77f4,spanId=44243492270b77f4] [MessageBroker-4] c.s.w.service.PlayerStatusHandler - Total Online Players: 0
2026-09-18 13:35:38 INFO  [WEBSOCKET,traceId=6aacf0d2620fb182136b2f05e011d3cd,spanId=136b2f05e011d3cd] [MessageBroker-4] c.s.w.service.PlayerStatusHandler - Total Online Players: 0
2026-09-18 13:35:38 INFO  [WEBSOCKET,traceId=6aacf0d2740e16b5099a022cfda96b23,spanId=099a022cfda96b23] [MessageBroker-4] c.s.w.service.PlayerStatusHandler - Total Online Players: 0
2026-09-18 13:35:38 INFO  [WEBSOCKET,traceId=6aacf0d2ee96bb7453579bdbdaf3d774,spanId=53579bdbdaf3d774] [MessageBroker-4] c.s.w.service.PlayerStatusHandler - Total Online Players: 0
2026-09-18 13:35:38 INFO  [WEBSOCKET,traceId=6aacf0d2a389eba1886a6bd1dd36b881,spanId=886a6bd1dd36b881] [MessageBroker-4] c.s.w.service.PlayerStatusHandler - Total Online Players: 0
2026-09-18 13:35:38 INFO  [WEBSOCKET,traceId=6aacf0d2a9a3decbca712dfca0ea99e1,spanId=ca712dfca0ea99e1] [MessageBroker-4] c.s.w.service.PlayerStatusHandler - Total Online Players: 0
2026-09-18 13:35:38 INFO  [WEBSOCKET,traceId=6aacf0d222536c9bf3a7a9358f78c7f5,spanId=f3a7a9358f78c7f5] [MessageBroker-3] c.s.w.service.PlayerStatusHandler - Total Online Players: 0
2026-09-18 13:35:38 INFO  [WEBSOCKET,traceId=6aacf0d2081b280b3b33540effc87ab3,spanId=3b33540effc87ab3] [MessageBroker-3] c.s.w.service.PlayerStatusHandler - Total Online Players: 0
2026-09-18 13:35:38 INFO  [WEBSOCKET,traceId=6aacf0d2a3674b30f46fd399727a7186,spanId=f46fd399727a7186] [MessageBroker-3] c.s.w.service.PlayerStatusHandler - Total Online Players: 0
2026-09-18 13:35:38 INFO  [WEBSOCKET,traceId=6aacf0d2ee824c50014ca12bc1f0021e,spanId=014ca12bc1f0021e] [MessageBroker-3] c.s.w.service.PlayerStatusHandler - Total Online Players: 0
2026-09-18 13:35:38 INFO  [WEBSOCKET,traceId=6aacf0d2c61f9743c9e681015ac3657b,spanId=c9e681015ac3657b] [MessageBroker-3] c.s.w.service.PlayerStatusHandler - Total Online Players: 0
2026-09-18 13:35:38 INFO  [WEBSOCKET,traceId=6aacf0d25afe090cf5403e36c3739721,spanId=f5403e36c3739721] [MessageBroker-1] c.s.w.service.PlayerStatusHandler - Total Online Players: 0
2026-09-18 13:35:38 INFO  [WEBSOCKET,traceId=6aacf0d243ec8c066f140cd7350da7fe,spanId=6f140cd7350da7fe] [MessageBroker-1] c.s.w.service.PlayerStatusHandler - Total Online Players: 0
2026-09-18 13:35:38 INFO  [WEBSOCKET,traceId=6aacf0d226da3080dcd411bb81cd7c52,spanId=dcd411bb81cd7c52] [MessageBroker-1] c.s.w.service.PlayerStatusHandler - Total Online Players: 0
2026-09-18 13:35:38 INFO  [WEBSOCKET,traceId=6aacf0d2cf900dc2e07e6d96e7d7b26f,spanId=e07e6d96e7d7b26f] [MessageBroker-3] c.s.w.service.PlayerStatusHandler - Total Online Players: 0
2026-09-18 13:35:38 INFO  [WEBSOCKET,traceId=6aacf0d29ffab17a99f1f43d369a7297,spanId=99f1f43d369a7297] [MessageBroker-3] c.s.w.service.PlayerStatusHandler - Total Online Players: 0
2026-09-18 13:35:38 INFO  [WEBSOCKET,traceId=6aacf0d2367e4a9d911cbcde72e2d014,spanId=911cbcde72e2d014] [MessageBroker-3] c.s.w.service.PlayerStatusHandler - Total Online Players: 0
2026-09-18 13:35:38 INFO  [WEBSOCKET,traceId=6aacf0d26d0bc795d5b09c522800b3bf,spanId=d5b09c522800b3bf] [MessageBroker-4] c.s.w.service.PlayerStatusHandler - Total Online Players: 0
2026-09-18 13:35:38 INFO  [WEBSOCKET,traceId=6aacf0d2415d487d71f6895225046b90,spanId=71f6895225046b90] [MessageBroker-4] c.s.w.service.PlayerStatusHandler - Total Online Players: 0
2026-09-18 13:35:38 INFO  [WEBSOCKET,traceId=6aacf0d227061cb6369be23536e4bb86,spanId=369be23536e4bb86] [MessageBroker-4] c.s.w.service.PlayerStatusHandler - Total Online Players: 0
2026-09-18 13:35:38 INFO  [WEBSOCKET,traceId=6aacf0d2a7cc97700bbdc9663f75a1d4,spanId=0bbdc9663f75a1d4] [MessageBroker-4] c.s.w.service.PlayerStatusHandler - Total Online Players: 0
2026-09-18 13:35:38 INFO  [WEBSOCKET,traceId=6aacf0d218166e4fa71732c37a6fee12,spanId=a71732c37a6fee12] [MessageBroker-4] c.s.w.service.PlayerStatusHandler - Total Online Players: 0
2026-09-18 13:35:38 INFO  [WEBSOCKET,traceId=6aacf0d24bd114f804a88b0b45f9565b,spanId=04a88b0b45f9565b] [MessageBroker-4] c.s.w.service.PlayerStatusHandler - Total Online Players: 0
2026-09-18 13:35:38 INFO  [WEBSOCKET,traceId=6aacf0d202076249d941cf57235eacd8,spanId=d941cf57235eacd8] [MessageBroker-4] c.s.w.service.PlayerStatusHandler - Total Online Players: 0
2026-09-18 13:35:38 INFO  [WEBSOCKET,traceId=6aacf0d20b3c9875d010773c57ac300f,spanId=d010773c57ac300f] [MessageBroker-4] c.s.w.service.PlayerStatusHandler - Total Online Players: 0
2026-09-18 13:35:38 INFO  [WEBSOCKET,traceId=6aacf0d2dbd53ebdd22e4d6a4a83a86c,spanId=d22e4d6a4a83a86c] [MessageBroker-4] c.s.w.service.PlayerStatusHandler - Total Online Players: 0
2026-09-18 13:35:38 INFO  [WEBSOCKET,traceId=6aacf0d23543521a41a0f4296c01fc4a,spanId=41a0f4296c01fc4a] [MessageBroker-4] c.s.w.service.PlayerStatusHandler - Total Online Players: 0
2026-09-18 13:35:38 INFO  [WEBSOCKET,traceId=6aacf0d2d4dacc4c4ba5b5dff33341ad,spanId=4ba5b5dff33341ad] [MessageBroker-4] c.s.w.service.PlayerStatusHandler - Total Online Players: 0
2026-09-18 13:35:38 INFO  [WEBSOCKET,traceId=6aacf0d227d7c85c91b10e5250de1299,spanId=91b10e5250de1299] [MessageBroker-4] c.s.w.service.PlayerStatusHandler - Total Online Players: 0
2026-09-18 13:35:38 INFO  [WEBSOCKET,traceId=6aacf0d2ee81707adc0ba70c6e410a29,spanId=dc0ba70c6e410a29] [MessageBroker-4] c.s.w.service.PlayerStatusHandler - Total Online Players: 0
2026-09-18 13:35:38 INFO  [WEBSOCKET,traceId=6aacf0d2ab444b6e497ddfaf935523a1,spanId=497ddfaf935523a1] [MessageBroker-4] c.s.w.service.PlayerStatusHandler - Total Online Players: 0
2026-09-18 13:35:38 INFO  [WEBSOCKET,traceId=6aacf0d27abd926b15142bbb69090ee8,spanId=15142bbb69090ee8] [MessageBroker-4] c.s.w.service.PlayerStatusHandler - Total Online Players: 0
2026-09-18 13:35:38 INFO  [WEBSOCKET,traceId=6aacf0d2f2e0b713ad95e17927ba0d4d,spanId=ad95e17927ba0d4d] [MessageBroker-4] c.s.w.service.PlayerStatusHandler - Total Online Players: 0
2026-09-18 13:35:38 INFO  [WEBSOCKET,traceId=6aacf0d2a41da6090a4480ef43685a2e,spanId=0a4480ef43685a2e] [MessageBroker-4] c.s.w.service.PlayerStatusHandler - Total Online Players: 0
2026-09-18 13:35:38 INFO  [WEBSOCKET,traceId=6aacf0d2922c5ffb15191f41ec4cb995,spanId=15191f41ec4cb995] [MessageBroker-4] c.s.w.service.PlayerStatusHandler - Total Online Players: 0
2026-09-18 13:35:38 INFO  [WEBSOCKET,traceId=6aacf0d212871777e0305e4da2c088ec,spanId=e0305e4da2c088ec] [MessageBroker-2] c.s.w.service.PlayerStatusHandler - Total Online Players: 0
2026-09-18 13:35:38 INFO  [WEBSOCKET,traceId=6aacf0d2853eecca2e004d3ee24a7a2a,spanId=2e004d3ee24a7a2a] [MessageBroker-2] c.s.w.service.PlayerStatusHandler - Total Online Players: 0
2026-09-18 13:35:38 INFO  [WEBSOCKET,traceId=6aacf0d2dd5649a860a86193d6882242,spanId=60a86193d6882242] [MessageBroker-2] c.s.w.service.PlayerStatusHandler - Total Online Players: 0
2026-09-18 13:35:38 INFO  [WEBSOCKET,traceId=6aacf0d23e6d7c86a89272d761505aca,spanId=a89272d761505aca] [MessageBroker-2] c.s.w.service.PlayerStatusHandler - Total Online Players: 0
2026-09-18 13:35:38 INFO  [WEBSOCKET,traceId=6aacf0d210db84936af666b543a81404,spanId=6af666b543a81404] [MessageBroker-2] c.s.w.service.PlayerStatusHandler - Total Online Players: 0
2026-09-18 13:35:38 INFO  [WEBSOCKET,traceId=6aacf0d28958f5fd93a11ce57172612b,spanId=93a11ce57172612b] [MessageBroker-3] c.s.w.service.PlayerStatusHandler - Total Online Players: 0
2026-09-18 13:35:38 INFO  [WEBSOCKET,traceId=6aacf0d211b74074fca1a30b0ea97b2c,spanId=fca1a30b0ea97b2c] [MessageBroker-3] c.s.w.service.PlayerStatusHandler - Total Online Players: 0
2026-09-18 13:35:38 INFO  [WEBSOCKET,traceId=6aacf0d231b5dda12a1f8430ec967262,spanId=2a1f8430ec967262] [MessageBroker-3] c.s.w.service.PlayerStatusHandler - Total Online Players: 0
2026-09-18 13:35:38 INFO  [WEBSOCKET,traceId=6aacf0d2878ed81a4797fdc09130b223,spanId=4797fdc09130b223] [MessageBroker-3] c.s.w.service.PlayerStatusHandler - Total Online Players: 0
2026-09-18 13:35:38 INFO  [WEBSOCKET,traceId=6aacf0d23c5fcaf9116e649acc5b51f9,spanId=116e649acc5b51f9] [MessageBroker-3] c.s.w.service.PlayerStatusHandler - Total Online Players: 0
2026-09-18 13:35:38 INFO  [WEBSOCKET,traceId=6aacf0d2ad0027c4a1b0a4aa666ab94c,spanId=a1b0a4aa666ab94c] [MessageBroker-3] c.s.w.service.PlayerStatusHandler - Total Online Players: 0
2026-09-18 13:35:38 INFO  [WEBSOCKET,traceId=6aacf0d2b14a774097d82ad6bc8eee49,spanId=97d82ad6bc8eee49] [MessageBroker-3] c.s.w.service.PlayerStatusHandler - Total Online Players: 0
2026-09-18 13:35:38 INFO  [WEBSOCKET,traceId=6aacf0d200d22a07fc20a3932b9dc192,spanId=fc20a3932b9dc192] [MessageBroker-3] c.s.w.service.PlayerStatusHandler - Total Online Players: 0
2026-09-18 13:35:38 INFO  [WEBSOCKET,traceId=6aacf0d29cf6a50f6b20667c02d74bcf,spanId=6b20667c02d74bcf] [MessageBroker-3] c.s.w.service.PlayerStatusHandler - Total Online Players: 0
2026-09-18 13:35:38 INFO  [WEBSOCKET,traceId=6aacf0d22d7487e570a11c4c596fef4e,spanId=70a11c4c596fef4e] [MessageBroker-3] c.s.w.service.PlayerStatusHandler - Total Online Players: 0
2026-09-18 13:35:38 INFO  [WEBSOCKET,traceId=6aacf0d2797f7bd6c54d85344e755195,spanId=c54d85344e755195] [MessageBroker-3] c.s.w.service.PlayerStatusHandler - Total Online Players: 0
2026-09-18 13:35:38 INFO  [WEBSOCKET,traceId=6aacf0d24850bc71925be4ec390a6612,spanId=925be4ec390a6612] [MessageBroker-3] c.s.w.service.PlayerStatusHandler - Total Online Players: 0
2026-09-18 13:35:38 INFO  [WEBSOCKET,traceId=6aacf0d221893137c0d0fc5e618708e9,spanId=c0d0fc5e618708e9] [MessageBroker-3] c.s.w.service.PlayerStatusHandler - Total Online Players: 0
2026-09-18 13:35:38 INFO  [WEBSOCKET,traceId=6aacf0d21eedd64598b15bbb87412319,spanId=98b15bbb87412319] [MessageBroker-3] c.s.w.service.PlayerStatusHandler - Total Online Players: 0
2026-09-18 13:35:38 INFO  [WEBSOCKET,traceId=6aacf0d242cd6171285880926d033910,spanId=285880926d033910] [MessageBroker-3] c.s.w.service.PlayerStatusHandler - Total Online Players: 0
2026-09-18 13:35:38 INFO  [WEBSOCKET,traceId=6aacf0d26da1e0c729473293553ce150,spanId=29473293553ce150] [MessageBroker-3] c.s.w.service.PlayerStatusHandler - Total Online Players: 0
2026-09-18 13:35:38 INFO  [WEBSOCKET,traceId=6aacf0d2c1f657f4742172dcca98e4ea,spanId=742172dcca98e4ea] [MessageBroker-3] c.s.w.service.PlayerStatusHandler - Total Online Players: 0
2026-09-18 13:35:38 INFO  [WEBSOCKET,traceId=6aacf0d2d0ed70daa7a049137ec11dfc,spanId=a7a049137ec11dfc] [MessageBroker-3] c.s.w.service.PlayerStatusHandler - Total Online Players: 0
2026-09-18 13:35:38 INFO  [WEBSOCKET,traceId=6aacf0d2a81951963e316b372018f037,spanId=3e316b372018f037] [MessageBroker-3] c.s.w.service.PlayerStatusHandler - Total Online Players: 0
2026-09-18 13:35:38 INFO  [WEBSOCKET,traceId=6aacf0d245bf43de1ed33455e44495ef,spanId=1ed33455e44495ef] [MessageBroker-3] c.s.w.service.PlayerStatusHandler - Total Online Players: 0
2026-09-18 13:35:38 INFO  [WEBSOCKET,traceId=6aacf0d2897b1b7e06cfcbbd2f8456bd,spanId=06cfcbbd2f8456bd] [MessageBroker-3] c.s.w.service.PlayerStatusHandler - Total Online Players: 0
2026-09-18 13:35:38 INFO  [WEBSOCKET,traceId=6aacf0d2d1a25e6bc577fbd4be00cbc8,spanId=c577fbd4be00cbc8] [MessageBroker-3] c.s.w.service.PlayerStatusHandler - Total Online Players: 0
2026-09-18 13:35:38 INFO  [WEBSOCKET,traceId=6aacf0d2193fd6a320c8f5a5b0d4c4c7,spanId=20c8f5a5b0d4c4c7] [MessageBroker-3] c.s.w.service.PlayerStatusHandler - Total Online Players: 0
2026-09-18 13:35:38 INFO  [WEBSOCKET,traceId=6aacf0d2457d5137f7387d40398b2e06,spanId=f7387d40398b2e06] [MessageBroker-3] c.s.w.service.PlayerStatusHandler - Total Online Players: 0
2026-09-18 13:35:38 INFO  [WEBSOCKET,traceId=6aacf0d2fdf332efe31e8c7022caafe0,spanId=e31e8c7022caafe0] [MessageBroker-3] c.s.w.service.PlayerStatusHandler - Total Online Players: 0
2026-09-18 13:35:38 INFO  [WEBSOCKET,traceId=6aacf0d243d1edb904d8d256510898af,spanId=04d8d256510898af] [MessageBroker-2] c.s.w.service.PlayerStatusHandler - Total Online Players: 0
2026-09-18 13:35:38 INFO  [WEBSOCKET,traceId=6aacf0d2c74393e1acb784f7c176f671,spanId=acb784f7c176f671] [MessageBroker-2] c.s.w.service.PlayerStatusHandler - Total Online Players: 0
2026-09-18 13:35:38 INFO  [WEBSOCKET,traceId=6aacf0d21ade4d3878f62d77cd22f330,spanId=78f62d77cd22f330] [MessageBroker-2] c.s.w.service.PlayerStatusHandler - Total Online Players: 0
2026-09-18 13:35:38 INFO  [WEBSOCKET,traceId=6aacf0d265350162ef4be5c59fdbfee1,spanId=ef4be5c59fdbfee1] [MessageBroker-2] c.s.w.service.PlayerStatusHandler - Total Online Players: 0
2026-09-18 13:35:38 INFO  [WEBSOCKET,traceId=6aacf0d27c347e051204d145bf50ae0f,spanId=1204d145bf50ae0f] [MessageBroker-2] c.s.w.service.PlayerStatusHandler - Total Online Players: 0
2026-09-18 13:35:38 INFO  [WEBSOCKET,traceId=6aacf0d27f7ff3d0fe6c5ffc415f3a71,spanId=fe6c5ffc415f3a71] [MessageBroker-2] c.s.w.service.PlayerStatusHandler - Total Online Players: 0
2026-09-18 13:35:38 INFO  [WEBSOCKET,traceId=6aacf0d207c38b008798641ec0abaeaa,spanId=8798641ec0abaeaa] [MessageBroker-2] c.s.w.service.PlayerStatusHandler - Total Online Players: 0
2026-09-18 13:35:38 INFO  [WEBSOCKET,traceId=6aacf0d2538d8ad3f853e1373606cd06,spanId=f853e1373606cd06] [MessageBroker-2] c.s.w.service.PlayerStatusHandler - Total Online Players: 0
2026-09-18 13:35:38 INFO  [WEBSOCKET,traceId=6aacf0d2806ad0fbcec9f605383b61d9,spanId=cec9f605383b61d9] [MessageBroker-2] c.s.w.service.PlayerStatusHandler - Total Online Players: 0
2026-09-18 13:35:38 INFO  [WEBSOCKET,traceId=6aacf0d22748f398aae3ac9ba387803d,spanId=aae3ac9ba387803d] [MessageBroker-2] c.s.w.service.PlayerStatusHandler - Total Online Players: 0
2026-09-18 13:35:38 INFO  [WEBSOCKET,traceId=6aacf0d2d06901b827676dfc882b1466,spanId=27676dfc882b1466] [MessageBroker-2] c.s.w.service.PlayerStatusHandler - Total Online Players: 0
2026-09-18 13:35:38 INFO  [WEBSOCKET,traceId=6aacf0d2e1bb857aec49bcf7578ef86a,spanId=ec49bcf7578ef86a] [MessageBroker-2] c.s.w.service.PlayerStatusHandler - Total Online Players: 0
2026-09-18 13:35:38 INFO  [WEBSOCKET,traceId=6aacf0d26ec1e559ae51a64f9e842fd1,spanId=ae51a64f9e842fd1] [MessageBroker-2] c.s.w.service.PlayerStatusHandler - Total Online Players: 0
2026-09-18 13:35:38 INFO  [WEBSOCKET,traceId=6aacf0d2b97b87ad8bf7efe1c5efaeb6,spanId=8bf7efe1c5efaeb6] [MessageBroker-2] c.s.w.service.PlayerStatusHandler - Total Online Players: 0
2026-09-18 13:35:38 INFO  [WEBSOCKET,traceId=6aacf0d236c6ad9214a70946b221ef88,spanId=14a70946b221ef88] [MessageBroker-2] c.s.w.service.PlayerStatusHandler - Total Online Players: 0
2026-09-18 13:35:38 INFO  [WEBSOCKET,traceId=6aacf0d2723334e0968ee7e3a0f3efde,spanId=968ee7e3a0f3efde] [MessageBroker-2] c.s.w.service.PlayerStatusHandler - Total Online Players: 0
2026-09-18 13:35:38 INFO  [WEBSOCKET,traceId=6aacf0d2bc0f9146d1f9dbfc72a22c0c,spanId=d1f9dbfc72a22c0c] [MessageBroker-2] c.s.w.service.PlayerStatusHandler - Total Online Players: 0
2026-09-18 13:35:38 INFO  [WEBSOCKET,traceId=6aacf0d2b055354559675c29f8c8daa6,spanId=59675c29f8c8daa6] [MessageBroker-3] c.s.w.service.PlayerStatusHandler - Total Online Players: 0
2026-09-18 13:35:38 INFO  [WEBSOCKET,traceId=6aacf0d2099e8d62219c79b9c53c493d,spanId=219c79b9c53c493d] [MessageBroker-3] c.s.w.service.PlayerStatusHandler - Total Online Players: 0
2026-09-18 13:35:38 INFO  [WEBSOCKET,traceId=6aacf0d2d75423323369eec18b463288,spanId=3369eec18b463288] [MessageBroker-3] c.s.w.service.PlayerStatusHandler - Total Online Players: 0
2026-09-18 13:35:38 INFO  [WEBSOCKET,traceId=6aacf0d29501858047fc391fbacbc87f,spanId=47fc391fbacbc87f] [MessageBroker-3] c.s.w.service.PlayerStatusHandler - Total Online Players: 0
2026-09-18 13:35:38 INFO  [WEBSOCKET,traceId=6aacf0d2c35dad559a59e8345f862240,spanId=9a59e8345f862240] [MessageBroker-3] c.s.w.service.PlayerStatusHandler - Total Online Players: 0
2026-09-18 13:35:38 INFO  [WEBSOCKET,traceId=6aacf0d2e94a9f1b4e49162a4602f2a9,spanId=4e49162a4602f2a9] [MessageBroker-3] c.s.w.service.PlayerStatusHandler - Total Online Players: 0
2026-09-18 13:35:38 INFO  [WEBSOCKET,traceId=6aacf0d2ba97e9d37e0c5b7bbd5b92b0,spanId=7e0c5b7bbd5b92b0] [MessageBroker-3] c.s.w.service.PlayerStatusHandler - Total Online Players: 0
2026-09-18 13:35:38 INFO  [WEBSOCKET,traceId=6aacf0d23f5ebe56335078e1b444593f,spanId=335078e1b444593f] [MessageBroker-3] c.s.w.service.PlayerStatusHandler - Total Online Players: 0
2026-09-18 13:35:38 INFO  [WEBSOCKET,traceId=6aacf0d2f6c5236e4bb87167603f9a3c,spanId=4bb87167603f9a3c] [MessageBroker-3] c.s.w.service.PlayerStatusHandler - Total Online Players: 0
2026-09-18 13:35:38 INFO  [WEBSOCKET,traceId=6aacf0d28a931ae1d0b6baa119570d01,spanId=d0b6baa119570d01] [MessageBroker-3] c.s.w.service.PlayerStatusHandler - Total Online Players: 0
2026-09-18 13:35:38 INFO  [WEBSOCKET,traceId=6aacf0d2cb695bc52bf6ed2b4ff3e3f1,spanId=2bf6ed2b4ff3e3f1] [MessageBroker-3] c.s.w.service.PlayerStatusHandler - Total Online Players: 0
2026-09-18 13:35:38 INFO  [WEBSOCKET,traceId=6aacf0d2bd1832dc21f64fa8d0910acf,spanId=21f64fa8d0910acf] [MessageBroker-3] c.s.w.service.PlayerStatusHandler - Total Online Players: 0
2026-09-18 13:35:38 INFO  [WEBSOCKET,traceId=6aacf0d22266c9dab219ee180daf4f30,spanId=b219ee180daf4f30] [MessageBroker-3] c.s.w.service.PlayerStatusHandler - Total Online Players: 0
2026-09-18 13:35:38 INFO  [WEBSOCKET,traceId=6aacf0d28550b707a404efd3a0ef886f,spanId=a404efd3a0ef886f] [MessageBroker-3] c.s.w.service.PlayerStatusHandler - Total Online Players: 0
2026-09-18 13:35:38 INFO  [WEBSOCKET,traceId=6aacf0d290792069a65bbca1ccac272e,spanId=a65bbca1ccac272e] [MessageBroker-3] c.s.w.service.PlayerStatusHandler - Total Online Players: 0
2026-09-18 13:35:38 INFO  [WEBSOCKET,traceId=6aacf0d2d0ef8983d4d40334c03a03c2,spanId=d4d40334c03a03c2] [MessageBroker-3] c.s.w.service.PlayerStatusHandler - Total Online Players: 0
2026-09-18 13:35:38 INFO  [WEBSOCKET,traceId=6aacf0d2c9233badc45d861996545043,spanId=c45d861996545043] [MessageBroker-3] c.s.w.service.PlayerStatusHandler - Total Online Players: 0
2026-09-18 13:35:38 INFO  [WEBSOCKET,traceId=6aacf0d297f903a9de45eb292358ba15,spanId=de45eb292358ba15] [MessageBroker-2] c.s.w.service.PlayerStatusHandler - Total Online Players: 0
2026-09-18 13:35:38 INFO  [WEBSOCKET,traceId=6aacf0d2adff888b18da119afbb9fabd,spanId=18da119afbb9fabd] [MessageBroker-2] c.s.w.service.PlayerStatusHandler - Total Online Players: 0
2026-09-18 13:35:38 INFO  [WEBSOCKET,traceId=6aacf0d2211aded42cd7a6a0d9f22558,spanId=2cd7a6a0d9f22558] [MessageBroker-2] c.s.w.service.PlayerStatusHandler - Total Online Players: 0
2026-09-18 13:35:38 INFO  [WEBSOCKET,traceId=6aacf0d2cbc8b0d6fc1359db14b84190,spanId=fc1359db14b84190] [MessageBroker-2] c.s.w.service.PlayerStatusHandler - Total Online Players: 0
2026-09-18 13:35:38 INFO  [WEBSOCKET,traceId=6aacf0d2ceaaa4718582b498d33fb3e5,spanId=8582b498d33fb3e5] [MessageBroker-2] c.s.w.service.PlayerStatusHandler - Total Online Players: 0
2026-09-18 13:35:38 INFO  [WEBSOCKET,traceId=6aacf0d231df1693fc410fa545db9200,spanId=fc410fa545db9200] [MessageBroker-2] c.s.w.service.PlayerStatusHandler - Total Online Players: 0
2026-09-18 13:35:38 INFO  [WEBSOCKET,traceId=6aacf0d28357b00ce52991fa6acfc597,spanId=e52991fa6acfc597] [MessageBroker-2] c.s.w.service.PlayerStatusHandler - Total Online Players: 0
2026-09-18 13:35:38 INFO  [WEBSOCKET,traceId=6aacf0d2e70f3922b9c289b903633501,spanId=b9c289b903633501] [MessageBroker-2] c.s.w.service.PlayerStatusHandler - Total Online Players: 0
2026-09-18 13:35:38 INFO  [WEBSOCKET,traceId=6aacf0d28cbb2fd6338e4237e476e9b0,spanId=338e4237e476e9b0] [MessageBroker-2] c.s.w.service.PlayerStatusHandler - Total Online Players: 0
2026-09-18 13:35:38 INFO  [WEBSOCKET,traceId=6aacf0d2fa6ea35e7503a4447fd57137,spanId=7503a4447fd57137] [MessageBroker-2] c.s.w.service.PlayerStatusHandler - Total Online Players: 0
2026-09-18 13:35:38 INFO  [WEBSOCKET,traceId=6aacf0d23115d1fea3d5c964ba5998b9,spanId=a3d5c964ba5998b9] [MessageBroker-2] c.s.w.service.PlayerStatusHandler - Total Online Players: 0
2026-09-18 13:35:38 INFO  [WEBSOCKET,traceId=6aacf0d2b206172c218680347238ec35,spanId=218680347238ec35] [MessageBroker-2] c.s.w.service.PlayerStatusHandler - Total Online Players: 0
2026-09-18 13:35:38 INFO  [WEBSOCKET,traceId=6aacf0d29fda3b7453b86e8ba103a7bd,spanId=53b86e8ba103a7bd] [MessageBroker-2] c.s.w.service.PlayerStatusHandler - Total Online Players: 0
2026-09-18 13:35:38 INFO  [WEBSOCKET,traceId=6aacf0d2339ccf741bd2e14558573475,spanId=1bd2e14558573475] [MessageBroker-2] c.s.w.service.PlayerStatusHandler - Total Online Players: 0
2026-09-18 13:35:38 INFO  [WEBSOCKET,traceId=6aacf0d26e1b35bc7ee6583bb6bf5ef1,spanId=7ee6583bb6bf5ef1] [MessageBroker-2] c.s.w.service.PlayerStatusHandler - Total Online Players: 0
2026-09-18 13:35:38 INFO  [WEBSOCKET,traceId=6aacf0d2d185c82de5f89be1102e4fb5,spanId=e5f89be1102e4fb5] [MessageBroker-2] c.s.w.service.PlayerStatusHandler - Total Online Players: 0
2026-09-18 13:35:38 INFO  [WEBSOCKET,traceId=6aacf0d251bc781e6129ba8fc7c597b1,spanId=6129ba8fc7c597b1] [MessageBroker-3] c.s.w.service.PlayerStatusHandler - Total Online Players: 0
2026-09-18 13:35:38 INFO  [WEBSOCKET,traceId=6aacf0d28ffa3029b45331bc1dace87b,spanId=b45331bc1dace87b] [MessageBroker-3] c.s.w.service.PlayerStatusHandler - Total Online Players: 0
2026-09-18 13:35:38 INFO  [WEBSOCKET,traceId=6aacf0d21ce3d8c9c006990a440f6dd4,spanId=c006990a440f6dd4] [MessageBroker-3] c.s.w.service.PlayerStatusHandler - Total Online Players: 0
2026-09-18 13:35:38 INFO  [WEBSOCKET,traceId=6aacf0d2fef537c70adff081808c5d19,spanId=0adff081808c5d19] [MessageBroker-3] c.s.w.service.PlayerStatusHandler - Total Online Players: 0
2026-09-18 13:35:38 INFO  [WEBSOCKET,traceId=6aacf0d228c09e9968598cae100ecfeb,spanId=68598cae100ecfeb] [MessageBroker-3] c.s.w.service.PlayerStatusHandler - Total Online Players: 0
2026-09-18 13:35:38 INFO  [WEBSOCKET,traceId=6aacf0d251f2f9924a5c862396569a1d,spanId=4a5c862396569a1d] [MessageBroker-3] c.s.w.service.PlayerStatusHandler - Total Online Players: 0
2026-09-18 13:35:38 INFO  [WEBSOCKET,traceId=6aacf0d267b519e223216b4d5e9ddfd3,spanId=23216b4d5e9ddfd3] [MessageBroker-3] c.s.w.service.PlayerStatusHandler - Total Online Players: 0
2026-09-18 13:35:38 INFO  [WEBSOCKET,traceId=6aacf0d213827fc769049058b7899c50,spanId=69049058b7899c50] [MessageBroker-3] c.s.w.service.PlayerStatusHandler - Total Online Players: 0
2026-09-18 13:35:38 INFO  [WEBSOCKET,traceId=6aacf0d2f04068f3aced0f000a767baa,spanId=aced0f000a767baa] [MessageBroker-3] c.s.w.service.PlayerStatusHandler - Total Online Players: 0
2026-09-18 13:35:38 INFO  [WEBSOCKET,traceId=6aacf0d26c7c3eecb613874eee2a5fb6,spanId=b613874eee2a5fb6] [MessageBroker-3] c.s.w.service.PlayerStatusHandler - Total Online Players: 0
2026-09-18 13:35:38 INFO  [WEBSOCKET,traceId=6aacf0d2ca998534863bc4f35c24f73a,spanId=863bc4f35c24f73a] [MessageBroker-3] c.s.w.service.PlayerStatusHandler - Total Online Players: 0
2026-09-18 13:35:38 INFO  [WEBSOCKET,traceId=6aacf0d235e82e1679d91120f5151b01,spanId=79d91120f5151b01] [MessageBroker-3] c.s.w.service.PlayerStatusHandler - Total Online Players: 0
2026-09-18 13:35:38 INFO  [WEBSOCKET,traceId=6aacf0d2eb1f68271e309d2a77101a14,spanId=1e309d2a77101a14] [MessageBroker-3] c.s.w.service.PlayerStatusHandler - Total Online Players: 0
2026-09-18 13:35:38 INFO  [WEBSOCKET,traceId=6aacf0d279cfec2c9707b54aedc853d5,spanId=9707b54aedc853d5] [MessageBroker-3] c.s.w.service.PlayerStatusHandler - Total Online Players: 0
2026-09-18 13:35:38 INFO  [WEBSOCKET,traceId=6aacf0d2dd3a617d69999c2358fc2b61,spanId=69999c2358fc2b61] [MessageBroker-3] c.s.w.service.PlayerStatusHandler - Total Online Players: 0
2026-09-18 13:35:38 INFO  [WEBSOCKET,traceId=6aacf0d2614e78ea93129e4e537c8a00,spanId=93129e4e537c8a00] [MessageBroker-3] c.s.w.service.PlayerStatusHandler - Total Online Players: 0
2026-09-18 13:35:38 INFO  [WEBSOCKET,traceId=6aacf0d2000da89e84e693ecc2f4162e,spanId=84e693ecc2f4162e] [MessageBroker-1] c.s.w.service.PlayerStatusHandler - Total Online Players: 0
2026-09-18 13:35:38 INFO  [WEBSOCKET,traceId=6aacf0d294f7238fd1739e87e2eed4a1,spanId=d1739e87e2eed4a1] [MessageBroker-4] c.s.w.service.PlayerStatusHandler - Total Online Players: 0
2026-09-18 13:35:38 INFO  [WEBSOCKET,traceId=6aacf0d25054e97dd5e016d99d77a9fd,spanId=d5e016d99d77a9fd] [MessageBroker-4] c.s.w.service.PlayerStatusHandler - Total Online Players: 0
2026-09-18 13:35:38 INFO  [WEBSOCKET,traceId=6aacf0d2df83acd50510b962010e3c9c,spanId=0510b962010e3c9c] [MessageBroker-4] c.s.w.service.PlayerStatusHandler - Total Online Players: 0
2026-09-18 13:35:38 INFO  [WEBSOCKET,traceId=6aacf0d2bbcd21e9ffb8960f937a992b,spanId=ffb8960f937a992b] [MessageBroker-4] c.s.w.service.PlayerStatusHandler - Total Online Players: 0
2026-09-18 13:35:38 INFO  [WEBSOCKET,traceId=6aacf0d27ee17f876733d63f42a0f62d,spanId=6733d63f42a0f62d] [MessageBroker-4] c.s.w.service.PlayerStatusHandler - Total Online Players: 0
2026-09-18 13:35:38 INFO  [WEBSOCKET,traceId=6aacf0d2b0d3f0e8257d9bb9d5c8daf5,spanId=257d9bb9d5c8daf5] [MessageBroker-4] c.s.w.service.PlayerStatusHandler - Total Online Players: 0
2026-09-18 13:35:38 INFO  [WEBSOCKET,traceId=6aacf0d22f9d23f33ad29e684f827f72,spanId=3ad29e684f827f72] [MessageBroker-4] c.s.w.service.PlayerStatusHandler - Total Online Players: 0
2026-09-18 13:35:38 INFO  [WEBSOCKET,traceId=6aacf0d2c5b3e22bd93c17015c6473b2,spanId=d93c17015c6473b2] [MessageBroker-4] c.s.w.service.PlayerStatusHandler - Total Online Players: 0
2026-09-18 13:35:38 INFO  [WEBSOCKET,traceId=6aacf0d2df83cd9bac8cdb07fe5c56ab,spanId=ac8cdb07fe5c56ab] [MessageBroker-4] c.s.w.service.PlayerStatusHandler - Total Online Players: 0
2026-09-18 13:35:38 INFO  [WEBSOCKET,traceId=6aacf0d27a506c2da23480c093eee239,spanId=a23480c093eee239] [MessageBroker-4] c.s.w.service.PlayerStatusHandler - Total Online Players: 0
2026-09-18 13:35:38 INFO  [WEBSOCKET,traceId=6aacf0d28ce1ad70ea8a57d91f7f9d7a,spanId=ea8a57d91f7f9d7a] [MessageBroker-4] c.s.w.service.PlayerStatusHandler - Total Online Players: 0
2026-09-18 13:35:38 INFO  [WEBSOCKET,traceId=6aacf0d2b938f925a189819cd1ac266c,spanId=a189819cd1ac266c] [MessageBroker-4] c.s.w.service.PlayerStatusHandler - Total Online Players: 0
2026-09-18 13:35:38 INFO  [WEBSOCKET,traceId=6aacf0d2348af211c40081bebfed534e,spanId=c40081bebfed534e] [MessageBroker-4] c.s.w.service.PlayerStatusHandler - Total Online Players: 0
2026-09-18 13:35:38 INFO  [WEBSOCKET,traceId=6aacf0d2f7ea7a29fce20d2e766de560,spanId=fce20d2e766de560] [MessageBroker-4] c.s.w.service.PlayerStatusHandler - Total Online Players: 0
2026-09-18 13:35:38 INFO  [WEBSOCKET,traceId=6aacf0d2fa53b6250b2646161b52c4a6,spanId=0b2646161b52c4a6] [MessageBroker-4] c.s.w.service.PlayerStatusHandler - Total Online Players: 0
2026-09-18 13:35:38 INFO  [WEBSOCKET,traceId=6aacf0d206d9c9e57fc486554a541be8,spanId=7fc486554a541be8] [MessageBroker-4] c.s.w.service.PlayerStatusHandler - Total Online Players: 0
2026-09-18 13:35:38 INFO  [WEBSOCKET,traceId=6aacf0d280b3c6b393fb7124c08fa1ed,spanId=93fb7124c08fa1ed] [MessageBroker-4] c.s.w.service.PlayerStatusHandler - Total Online Players: 0
2026-09-18 13:35:38 INFO  [WEBSOCKET,traceId=6aacf0d25cf857b59f1bc1ea2ed93333,spanId=9f1bc1ea2ed93333] [MessageBroker-1] c.s.w.service.PlayerStatusHandler - Total Online Players: 0
2026-09-18 13:35:38 INFO  [WEBSOCKET,traceId=6aacf0d2b6fec8a5f35e4b3c36dcdc77,spanId=f35e4b3c36dcdc77] [MessageBroker-2] c.s.w.service.PlayerStatusHandler - Total Online Players: 0
2026-09-18 13:35:38 INFO  [WEBSOCKET,traceId=6aacf0d2f3b1e00eee80150210a08876,spanId=ee80150210a08876] [MessageBroker-2] c.s.w.service.PlayerStatusHandler - Total Online Players: 0
2026-09-18 13:35:38 INFO  [WEBSOCKET,traceId=6aacf0d26b36838ca2193b78fd5c1914,spanId=a2193b78fd5c1914] [MessageBroker-2] c.s.w.service.PlayerStatusHandler - Total Online Players: 0
2026-09-18 13:35:38 INFO  [WEBSOCKET,traceId=6aacf0d26d82a4e461244ac03b11c14f,spanId=61244ac03b11c14f] [MessageBroker-2] c.s.w.service.PlayerStatusHandler - Total Online Players: 0
2026-09-18 13:35:38 INFO  [WEBSOCKET,traceId=6aacf0d22364ceffad64f50218e7db1d,spanId=ad64f50218e7db1d] [MessageBroker-2] c.s.w.service.PlayerStatusHandler - Total Online Players: 0
2026-09-18 13:35:38 INFO  [WEBSOCKET,traceId=6aacf0d26fa790ae3fc1de83990ce1fd,spanId=3fc1de83990ce1fd] [MessageBroker-2] c.s.w.service.PlayerStatusHandler - Total Online Players: 0
2026-09-18 13:35:38 INFO  [WEBSOCKET,traceId=6aacf0d2371a8ec1178d4d2e396b56a3,spanId=178d4d2e396b56a3] [MessageBroker-2] c.s.w.service.PlayerStatusHandler - Total Online Players: 0
2026-09-18 13:35:38 INFO  [WEBSOCKET,traceId=6aacf0d23118801aa370d31304264c21,spanId=a370d31304264c21] [MessageBroker-2] c.s.w.service.PlayerStatusHandler - Total Online Players: 0
2026-09-18 13:35:38 INFO  [WEBSOCKET,traceId=6aacf0d2ebc7a803b2745ef8e2358ecb,spanId=b2745ef8e2358ecb] [MessageBroker-2] c.s.w.service.PlayerStatusHandler - Total Online Players: 0
2026-09-18 13:35:38 INFO  [WEBSOCKET,traceId=6aacf0d24bf0777799645dae61ef650d,spanId=99645dae61ef650d] [MessageBroker-2] c.s.w.service.PlayerStatusHandler - Total Online Players: 0
2026-09-18 13:35:38 INFO  [WEBSOCKET,traceId=6aacf0d24e6c05a6e6e7da589b045b95,spanId=e6e7da589b045b95] [MessageBroker-2] c.s.w.service.PlayerStatusHandler - Total Online Players: 0
2026-09-18 13:35:38 INFO  [WEBSOCKET,traceId=6aacf0d25b93e2aaa6e2982377844af9,spanId=a6e2982377844af9] [MessageBroker-2] c.s.w.service.PlayerStatusHandler - Total Online Players: 0
2026-09-18 13:35:38 INFO  [WEBSOCKET,traceId=6aacf0d2804d7cfe9ec7237551e858e9,spanId=9ec7237551e858e9] [MessageBroker-2] c.s.w.service.PlayerStatusHandler - Total Online Players: 0
2026-09-18 13:35:38 INFO  [WEBSOCKET,traceId=6aacf0d246315c39148098794f01bb84,spanId=148098794f01bb84] [MessageBroker-3] c.s.w.service.PlayerStatusHandler - Total Online Players: 0
2026-09-18 13:35:38 INFO  [WEBSOCKET,traceId=6aacf0d269c8f2c52f52b0b56e2f598d,spanId=2f52b0b56e2f598d] [MessageBroker-3] c.s.w.service.PlayerStatusHandler - Total Online Players: 0
2026-09-18 13:35:38 INFO  [WEBSOCKET,traceId=6aacf0d210a4a27a97948ebd2360f21c,spanId=97948ebd2360f21c] [MessageBroker-3] c.s.w.service.PlayerStatusHandler - Total Online Players: 0
2026-09-18 13:35:38 INFO  [WEBSOCKET,traceId=6aacf0d234e14bbc5d00f90b23b879ca,spanId=5d00f90b23b879ca] [MessageBroker-3] c.s.w.service.PlayerStatusHandler - Total Online Players: 0
2026-09-18 13:35:38 INFO  [WEBSOCKET,traceId=6aacf0d25191aa8ed9a6b75633ddbfb7,spanId=d9a6b75633ddbfb7] [MessageBroker-3] c.s.w.service.PlayerStatusHandler - Total Online Players: 0
2026-09-18 13:35:38 INFO  [WEBSOCKET,traceId=6aacf0d247af1d20e5436f9ca9f78eff,spanId=e5436f9ca9f78eff] [MessageBroker-3] c.s.w.service.PlayerStatusHandler - Total Online Players: 0
2026-09-18 13:35:38 INFO  [WEBSOCKET,traceId=6aacf0d2f96448a4c471bd23a72fdbb3,spanId=c471bd23a72fdbb3] [MessageBroker-3] c.s.w.service.PlayerStatusHandler - Total Online Players: 0
2026-09-18 13:35:38 INFO  [WEBSOCKET,traceId=6aacf0d24808f17f542e31df09b84803,spanId=542e31df09b84803] [MessageBroker-3] c.s.w.service.PlayerStatusHandler - Total Online Players: 0
2026-09-18 13:35:38 INFO  [WEBSOCKET,traceId=6aacf0d2ad71bc196b92e9aa3264ad41,spanId=6b92e9aa3264ad41] [MessageBroker-3] c.s.w.service.PlayerStatusHandler - Total Online Players: 0
2026-09-18 13:35:38 INFO  [WEBSOCKET,traceId=6aacf0d2de1bb465afb1f32e2b3aa500,spanId=afb1f32e2b3aa500] [MessageBroker-3] c.s.w.service.PlayerStatusHandler - Total Online Players: 0
2026-09-18 13:35:38 INFO  [WEBSOCKET,traceId=6aacf0d22a7afd3b618792bc0e40d072,spanId=618792bc0e40d072] [MessageBroker-3] c.s.w.service.PlayerStatusHandler - Total Online Players: 0
2026-09-18 13:35:38 INFO  [WEBSOCKET,traceId=6aacf0d289dcc58387a97c6567accddd,spanId=87a97c6567accddd] [MessageBroker-3] c.s.w.service.PlayerStatusHandler - Total Online Players: 0
2026-09-18 13:35:38 INFO  [WEBSOCKET,traceId=6aacf0d2b4996e223df31aaaa70bd7c4,spanId=3df31aaaa70bd7c4] [MessageBroker-3] c.s.w.service.PlayerStatusHandler - Total Online Players: 0
2026-09-18 13:35:38 INFO  [WEBSOCKET,traceId=6aacf0d2112339cfbd6178357c5ba95a,spanId=bd6178357c5ba95a] [MessageBroker-3] c.s.w.service.PlayerStatusHandler - Total Online Players: 0
2026-09-18 13:35:38 INFO  [WEBSOCKET,traceId=6aacf0d29dbf5d281c5f3621c290d6bd,spanId=1c5f3621c290d6bd] [MessageBroker-3] c.s.w.service.PlayerStatusHandler - Total Online Players: 0
2026-09-18 13:35:38 INFO  [WEBSOCKET,traceId=6aacf0d29b076df780026b653bb20fbe,spanId=80026b653bb20fbe] [MessageBroker-3] c.s.w.service.PlayerStatusHandler - Total Online Players: 0
2026-09-18 13:35:38 INFO  [WEBSOCKET,traceId=6aacf0d2d3406a5af91b684f3a42cf91,spanId=f91b684f3a42cf91] [MessageBroker-3] c.s.w.service.PlayerStatusHandler - Total Online Players: 0
2026-09-18 13:35:38 INFO  [WEBSOCKET,traceId=6aacf0d293f180da7939ad493e606b3a,spanId=7939ad493e606b3a] [MessageBroker-4] c.s.w.service.PlayerStatusHandler - Total Online Players: 0
2026-09-18 13:35:38 INFO  [WEBSOCKET,traceId=6aacf0d234859d163b428dc846feb4d1,spanId=3b428dc846feb4d1] [MessageBroker-4] c.s.w.service.PlayerStatusHandler - Total Online Players: 0
2026-09-18 13:35:38 INFO  [WEBSOCKET,traceId=6aacf0d243847a720bdac7c68990e121,spanId=0bdac7c68990e121] [MessageBroker-4] c.s.w.service.PlayerStatusHandler - Total Online Players: 0
2026-09-18 13:35:38 INFO  [WEBSOCKET,traceId=6aacf0d21c650f60546ccda2b2195274,spanId=546ccda2b2195274] [MessageBroker-4] c.s.w.service.PlayerStatusHandler - Total Online Players: 0
2026-09-18 13:35:38 INFO  [WEBSOCKET,traceId=6aacf0d217d92d0458696353adb6a0a6,spanId=58696353adb6a0a6] [MessageBroker-4] c.s.w.service.PlayerStatusHandler - Total Online Players: 0
2026-09-18 13:35:38 INFO  [WEBSOCKET,traceId=6aacf0d21d4f335f2790b103fd4a7884,spanId=2790b103fd4a7884] [MessageBroker-4] c.s.w.service.PlayerStatusHandler - Total Online Players: 0
2026-09-18 13:35:38 INFO  [WEBSOCKET,traceId=6aacf0d2b9bd48a81ff1b6200503d677,spanId=1ff1b6200503d677] [MessageBroker-4] c.s.w.service.PlayerStatusHandler - Total Online Players: 0
2026-09-18 13:35:38 INFO  [WEBSOCKET,traceId=6aacf0d2c4c50033908c46fd513bce82,spanId=908c46fd513bce82] [MessageBroker-4] c.s.w.service.PlayerStatusHandler - Total Online Players: 0
2026-09-18 13:35:38 INFO  [WEBSOCKET,traceId=6aacf0d26f46dadc76303881885ecdda,spanId=76303881885ecdda] [MessageBroker-4] c.s.w.service.PlayerStatusHandler - Total Online Players: 0
2026-09-18 13:35:38 INFO  [WEBSOCKET,traceId=6aacf0d2f3c92f5e109a32d6b756a622,spanId=109a32d6b756a622] [MessageBroker-4] c.s.w.service.PlayerStatusHandler - Total Online Players: 0
2026-09-18 13:35:38 INFO  [WEBSOCKET,traceId=6aacf0d2ab225fc8949ad4c6c33ff42c,spanId=949ad4c6c33ff42c] [MessageBroker-1] c.s.w.service.PlayerStatusHandler - Total Online Players: 0
2026-09-18 13:35:38 INFO  [WEBSOCKET,traceId=6aacf0d2d2a23035c32d0410102229c4,spanId=c32d0410102229c4] [MessageBroker-1] c.s.w.service.PlayerStatusHandler - Total Online Players: 0
2026-09-18 13:35:38 INFO  [WEBSOCKET,traceId=6aacf0d231673ff1444752f4c6be66de,spanId=444752f4c6be66de] [MessageBroker-1] c.s.w.service.PlayerStatusHandler - Total Online Players: 0
2026-09-18 13:35:38 INFO  [WEBSOCKET,traceId=6aacf0d254c001e1171d86c349358a30,spanId=171d86c349358a30] [MessageBroker-1] c.s.w.service.PlayerStatusHandler - Total Online Players: 0
2026-09-18 13:35:38 INFO  [WEBSOCKET,traceId=6aacf0d27e2942a1e3feb4a7828d84f2,spanId=e3feb4a7828d84f2] [MessageBroker-1] c.s.w.service.PlayerStatusHandler - Total Online Players: 0
2026-09-18 13:35:38 INFO  [WEBSOCKET,traceId=6aacf0d211710e3bf41a9d91c5fef940,spanId=f41a9d91c5fef940] [MessageBroker-1] c.s.w.service.PlayerStatusHandler - Total Online Players: 0
2026-09-18 13:35:38 INFO  [WEBSOCKET,traceId=6aacf0d2e3c1f0996cb72973eef5ecfa,spanId=6cb72973eef5ecfa] [MessageBroker-1] c.s.w.service.PlayerStatusHandler - Total Online Players: 0
2026-09-18 13:35:38 INFO  [WEBSOCKET,traceId=6aacf0d22a4fb32d9d98ef51addcab76,spanId=9d98ef51addcab76] [MessageBroker-1] c.s.w.service.PlayerStatusHandler - Total Online Players: 0
2026-09-18 13:35:38 INFO  [WEBSOCKET,traceId=6aacf0d2de54f76f9fa5665fcb97f1f8,spanId=9fa5665fcb97f1f8] [MessageBroker-1] c.s.w.service.PlayerStatusHandler - Total Online Players: 0
2026-09-18 13:35:38 INFO  [WEBSOCKET,traceId=6aacf0d2af1fca77c86c9e6e255e1dd3,spanId=c86c9e6e255e1dd3] [MessageBroker-1] c.s.w.service.PlayerStatusHandler - Total Online Players: 0
2026-09-18 13:35:38 INFO  [WEBSOCKET,traceId=6aacf0d23ced75d39ec352ff96111c09,spanId=9ec352ff96111c09] [MessageBroker-1] c.s.w.service.PlayerStatusHandler - Total Online Players: 0
2026-09-18 13:35:38 INFO  [WEBSOCKET,traceId=6aacf0d2b97076e7c58add127564f462,spanId=c58add127564f462] [MessageBroker-1] c.s.w.service.PlayerStatusHandler - Total Online Players: 0
2026-09-18 13:35:38 INFO  [WEBSOCKET,traceId=6aacf0d255568702c2b4f64ae65e5bec,spanId=c2b4f64ae65e5bec] [MessageBroker-1] c.s.w.service.PlayerStatusHandler - Total Online Players: 0
2026-09-18 13:35:38 INFO  [WEBSOCKET,traceId=6aacf0d25f71bee86b5f1c8f9c90f313,spanId=6b5f1c8f9c90f313] [MessageBroker-1] c.s.w.service.PlayerStatusHandler - Total Online Players: 0
2026-09-18 13:35:38 INFO  [WEBSOCKET,traceId=6aacf0d2da67f2b1f172c5e94d8c676e,spanId=f172c5e94d8c676e] [MessageBroker-1] c.s.w.service.PlayerStatusHandler - Total Online Players: 0
2026-09-18 13:35:38 INFO  [WEBSOCKET,traceId=6aacf0d26fb1ce78366a6e4cdca00289,spanId=366a6e4cdca00289] [MessageBroker-1] c.s.w.service.PlayerStatusHandler - Total Online Players: 0
2026-09-18 13:35:38 INFO  [WEBSOCKET,traceId=6aacf0d222a7f085c2f57a854b3da49f,spanId=c2f57a854b3da49f] [MessageBroker-1] c.s.w.service.PlayerStatusHandler - Total Online Players: 0
2026-09-18 13:35:38 INFO  [WEBSOCKET,traceId=6aacf0d231a77be326920774c4199c8e,spanId=26920774c4199c8e] [MessageBroker-1] c.s.w.service.PlayerStatusHandler - Total Online Players: 0
2026-09-18 13:35:38 INFO  [WEBSOCKET,traceId=6aacf0d22583eadd5f13804da0e5e740,spanId=5f13804da0e5e740] [MessageBroker-1] c.s.w.service.PlayerStatusHandler - Total Online Players: 0
2026-09-18 13:35:38 INFO  [WEBSOCKET,traceId=6aacf0d275daca0c85024737af80327d,spanId=85024737af80327d] [MessageBroker-2] c.s.w.service.PlayerStatusHandler - Total Online Players: 0
2026-09-18 13:35:38 INFO  [WEBSOCKET,traceId=6aacf0d232e8f0fc032559140f206c93,spanId=032559140f206c93] [MessageBroker-4] c.s.w.service.PlayerStatusHandler - Total Online Players: 0
2026-09-18 13:35:38 INFO  [WEBSOCKET,traceId=6aacf0d2aa60d8c781318bdef26795f0,spanId=81318bdef26795f0] [MessageBroker-4] c.s.w.service.PlayerStatusHandler - Total Online Players: 0
2026-09-18 13:35:38 INFO  [WEBSOCKET,traceId=6aacf0d2193b28db17e7f40abc7a9329,spanId=17e7f40abc7a9329] [MessageBroker-4] c.s.w.service.PlayerStatusHandler - Total Online Players: 0
2026-09-18 13:35:38 INFO  [WEBSOCKET,traceId=6aacf0d2bbb14427beed992fb6d18006,spanId=beed992fb6d18006] [MessageBroker-4] c.s.w.service.PlayerStatusHandler - Total Online Players: 0
2026-09-18 13:35:38 INFO  [WEBSOCKET,traceId=6aacf0d2644d3020d6262f53d3fc7644,spanId=d6262f53d3fc7644] [MessageBroker-4] c.s.w.service.PlayerStatusHandler - Total Online Players: 0
2026-09-18 13:35:38 INFO  [WEBSOCKET,traceId=6aacf0d25cd58ae604db8f191bfba21b,spanId=04db8f191bfba21b] [MessageBroker-4] c.s.w.service.PlayerStatusHandler - Total Online Players: 0
2026-09-18 13:35:38 INFO  [WEBSOCKET,traceId=6aacf0d22d705fb2808036f70620f268,spanId=808036f70620f268] [MessageBroker-4] c.s.w.service.PlayerStatusHandler - Total Online Players: 0
2026-09-18 13:35:38 INFO  [WEBSOCKET,traceId=6aacf0d251ce88ce20b20136b30856e9,spanId=20b20136b30856e9] [MessageBroker-4] c.s.w.service.PlayerStatusHandler - Total Online Players: 0
2026-09-18 13:35:38 INFO  [WEBSOCKET,traceId=6aacf0d200c7977276fbe264ccd5478b,spanId=76fbe264ccd5478b] [MessageBroker-4] c.s.w.service.PlayerStatusHandler - Total Online Players: 0
2026-09-18 13:35:38 INFO  [WEBSOCKET,traceId=6aacf0d2d8eedb1dfd7c41b3d8dea8de,spanId=fd7c41b3d8dea8de] [MessageBroker-4] c.s.w.service.PlayerStatusHandler - Total Online Players: 0
2026-09-18 13:35:38 INFO  [WEBSOCKET,traceId=6aacf0d2edb8eb7b99bbf909cf853185,spanId=99bbf909cf853185] [MessageBroker-1] c.s.w.service.PlayerStatusHandler - Total Online Players: 0
2026-09-18 13:35:38 INFO  [WEBSOCKET,traceId=6aacf0d2f7f91bbf7eb6144c385f5a52,spanId=7eb6144c385f5a52] [MessageBroker-1] c.s.w.service.PlayerStatusHandler - Total Online Players: 0
2026-09-18 13:35:38 INFO  [WEBSOCKET,traceId=6aacf0d2d7a9d8c18df311e0f4acc782,spanId=8df311e0f4acc782] [MessageBroker-1] c.s.w.service.PlayerStatusHandler - Total Online Players: 0
2026-09-18 13:35:38 INFO  [WEBSOCKET,traceId=6aacf0d2a233c965c570152149c0c8c4,spanId=c570152149c0c8c4] [MessageBroker-1] c.s.w.service.PlayerStatusHandler - Total Online Players: 0
2026-09-18 13:35:38 INFO  [WEBSOCKET,traceId=6aacf0d257cca1e10c4fe76cbca72d73,spanId=0c4fe76cbca72d73] [MessageBroker-1] c.s.w.service.PlayerStatusHandler - Total Online Players: 0
2026-09-18 13:35:38 INFO  [WEBSOCKET,traceId=6aacf0d2a436d8dea6cfe79409eead1d,spanId=a6cfe79409eead1d] [MessageBroker-1] c.s.w.service.PlayerStatusHandler - Total Online Players: 0
2026-09-18 13:35:38 INFO  [WEBSOCKET,traceId=6aacf0d27cd4baee910001cd4fe858bf,spanId=910001cd4fe858bf] [MessageBroker-1] c.s.w.service.PlayerStatusHandler - Total Online Players: 0
2026-09-18 13:35:38 INFO  [WEBSOCKET,traceId=6aacf0d2dbdfa61fb6ae766caea9ceaa,spanId=b6ae766caea9ceaa] [MessageBroker-1] c.s.w.service.PlayerStatusHandler - Total Online Players: 0
2026-09-18 13:35:38 INFO  [WEBSOCKET,traceId=6aacf0d25944ada1f6d096a7214eb9a2,spanId=f6d096a7214eb9a2] [MessageBroker-1] c.s.w.service.PlayerStatusHandler - Total Online Players: 0
2026-09-18 13:35:38 INFO  [WEBSOCKET,traceId=6aacf0d29461be427f7029fa8fcc842a,spanId=7f7029fa8fcc842a] [MessageBroker-1] c.s.w.service.PlayerStatusHandler - Total Online Players: 0
2026-09-18 13:35:38 INFO  [WEBSOCKET,traceId=6aacf0d2473e426adf2c7794d0539bf8,spanId=df2c7794d0539bf8] [MessageBroker-1] c.s.w.service.PlayerStatusHandler - Total Online Players: 0
2026-09-18 13:35:38 INFO  [WEBSOCKET,traceId=6aacf0d2e1d5b2fade75a25bd2527466,spanId=de75a25bd2527466] [MessageBroker-1] c.s.w.service.PlayerStatusHandler - Total Online Players: 0
2026-09-18 13:35:38 INFO  [WEBSOCKET,traceId=6aacf0d278d76492fa60919c2664ae62,spanId=fa60919c2664ae62] [MessageBroker-1] c.s.w.service.PlayerStatusHandler - Total Online Players: 0
2026-09-18 13:35:38 INFO  [WEBSOCKET,traceId=6aacf0d27d8b7dee9c165ffa3d5b0b3a,spanId=9c165ffa3d5b0b3a] [MessageBroker-1] c.s.w.service.PlayerStatusHandler - Total Online Players: 0
2026-09-18 13:35:38 INFO  [WEBSOCKET,traceId=6aacf0d244b541426abe62928ed3ea86,spanId=6abe62928ed3ea86] [MessageBroker-1] c.s.w.service.PlayerStatusHandler - Total Online Players: 0
2026-09-18 13:35:38 INFO  [WEBSOCKET,traceId=6aacf0d20dbc4968aa65f4cbd655941a,spanId=aa65f4cbd655941a] [MessageBroker-1] c.s.w.service.PlayerStatusHandler - Total Online Players: 0
2026-09-18 13:35:38 INFO  [WEBSOCKET,traceId=6aacf0d20196c9826e020abb6e2c3af4,spanId=6e020abb6e2c3af4] [MessageBroker-1] c.s.w.service.PlayerStatusHandler - Total Online Players: 0
2026-09-18 13:35:38 INFO  [WEBSOCKET,traceId=6aacf0d24299eeafcd4915004365cda1,spanId=cd4915004365cda1] [MessageBroker-1] c.s.w.service.PlayerStatusHandler - Total Online Players: 0
2026-09-18 13:35:38 INFO  [WEBSOCKET,traceId=6aacf0d209697acb4c1c220a35830540,spanId=4c1c220a35830540] [MessageBroker-1] c.s.w.service.PlayerStatusHandler - Total Online Players: 0
2026-09-18 13:35:38 INFO  [WEBSOCKET,traceId=6aacf0d2c65d02c8bbba58c9c74ae07e,spanId=bbba58c9c74ae07e] [MessageBroker-2] c.s.w.service.PlayerStatusHandler - Total Online Players: 0
2026-09-18 13:35:38 INFO  [WEBSOCKET,traceId=6aacf0d2d24c5911abd4c8c271eea5be,spanId=abd4c8c271eea5be] [MessageBroker-2] c.s.w.service.PlayerStatusHandler - Total Online Players: 0
2026-09-18 13:35:38 INFO  [WEBSOCKET,traceId=6aacf0d23b944aba0249a2dc3baafb85,spanId=0249a2dc3baafb85] [MessageBroker-2] c.s.w.service.PlayerStatusHandler - Total Online Players: 0
2026-09-18 13:35:38 INFO  [WEBSOCKET,traceId=6aacf0d273fdbea16a24ad2335f7dd3c,spanId=6a24ad2335f7dd3c] [MessageBroker-2] c.s.w.service.PlayerStatusHandler - Total Online Players: 0
2026-09-18 13:35:38 INFO  [WEBSOCKET,traceId=6aacf0d28adc15d72ec9a81250a4c5f2,spanId=2ec9a81250a4c5f2] [MessageBroker-2] c.s.w.service.PlayerStatusHandler - Total Online Players: 0
2026-09-18 13:35:38 INFO  [WEBSOCKET,traceId=6aacf0d2f07260434df0610f0af32c4f,spanId=4df0610f0af32c4f] [MessageBroker-2] c.s.w.service.PlayerStatusHandler - Total Online Players: 0
2026-09-18 13:35:38 INFO  [WEBSOCKET,traceId=6aacf0d2ae64d969ff76a6328c174e64,spanId=ff76a6328c174e64] [MessageBroker-2] c.s.w.service.PlayerStatusHandler - Total Online Players: 0
2026-09-18 13:35:38 INFO  [WEBSOCKET,traceId=6aacf0d2d1719995193644c762f8cbfb,spanId=193644c762f8cbfb] [MessageBroker-2] c.s.w.service.PlayerStatusHandler - Total Online Players: 0
2026-09-18 13:35:38 INFO  [WEBSOCKET,traceId=6aacf0d2834cf8576d1d961230a94892,spanId=6d1d961230a94892] [MessageBroker-2] c.s.w.service.PlayerStatusHandler - Total Online Players: 0
2026-09-18 13:35:38 INFO  [WEBSOCKET,traceId=6aacf0d21da6a89c1267d67eeb4521a5,spanId=1267d67eeb4521a5] [MessageBroker-2] c.s.w.service.PlayerStatusHandler - Total Online Players: 0
2026-09-18 13:35:38 INFO  [WEBSOCKET,traceId=6aacf0d266ec222cfe6aad9198ab785c,spanId=fe6aad9198ab785c] [MessageBroker-4] c.s.w.service.PlayerStatusHandler - Total Online Players: 0
2026-09-18 13:35:38 INFO  [WEBSOCKET,traceId=6aacf0d2f09ee129fe0ada7f36079442,spanId=fe0ada7f36079442] [MessageBroker-4] c.s.w.service.PlayerStatusHandler - Total Online Players: 0
2026-09-18 13:35:38 INFO  [WEBSOCKET,traceId=6aacf0d2b40647edd66a7f7326b92807,spanId=d66a7f7326b92807] [MessageBroker-4] c.s.w.service.PlayerStatusHandler - Total Online Players: 0
2026-09-18 13:35:38 INFO  [WEBSOCKET,traceId=6aacf0d20eddaf8d9e9ffdc0f1369072,spanId=9e9ffdc0f1369072] [MessageBroker-4] c.s.w.service.PlayerStatusHandler - Total Online Players: 0
2026-09-18 13:35:38 INFO  [WEBSOCKET,traceId=6aacf0d2c703383008bbfbeb84f4d757,spanId=08bbfbeb84f4d757] [MessageBroker-4] c.s.w.service.PlayerStatusHandler - Total Online Players: 0
2026-09-18 13:35:38 INFO  [WEBSOCKET,traceId=6aacf0d20021aa6ae9e9bad926a01531,spanId=e9e9bad926a01531] [MessageBroker-4] c.s.w.service.PlayerStatusHandler - Total Online Players: 0
2026-09-18 13:35:38 INFO  [WEBSOCKET,traceId=6aacf0d2e95a784598db77b2f407cdb8,spanId=98db77b2f407cdb8] [MessageBroker-4] c.s.w.service.PlayerStatusHandler - Total Online Players: 0
2026-09-18 13:35:38 INFO  [WEBSOCKET,traceId=6aacf0d289aa0eb52f72a395f85d5840,spanId=2f72a395f85d5840] [MessageBroker-4] c.s.w.service.PlayerStatusHandler - Total Online Players: 0
2026-09-18 13:35:38 INFO  [WEBSOCKET,traceId=6aacf0d264b2563d933f2f120386cd30,spanId=933f2f120386cd30] [MessageBroker-4] c.s.w.service.PlayerStatusHandler - Total Online Players: 0
2026-09-18 13:35:38 INFO  [WEBSOCKET,traceId=6aacf0d23fcd779be644180cfaccd605,spanId=e644180cfaccd605] [MessageBroker-4] c.s.w.service.PlayerStatusHandler - Total Online Players: 0
2026-09-18 13:35:38 INFO  [WEBSOCKET,traceId=6aacf0d25e64063a9da88ba1c45b749f,spanId=9da88ba1c45b749f] [MessageBroker-4] c.s.w.service.PlayerStatusHandler - Total Online Players: 0
2026-09-18 13:35:38 INFO  [WEBSOCKET,traceId=6aacf0d2e84ab7d028422fffc1512022,spanId=28422fffc1512022] [MessageBroker-2] c.s.w.service.PlayerStatusHandler - Total Online Players: 0
2026-09-18 13:35:38 INFO  [WEBSOCKET,traceId=6aacf0d20b60d82671009c764a1b3d2d,spanId=71009c764a1b3d2d] [MessageBroker-2] c.s.w.service.PlayerStatusHandler - Total Online Players: 0
2026-09-18 13:35:38 INFO  [WEBSOCKET,traceId=6aacf0d2ece55beae0ba5cf39894a392,spanId=e0ba5cf39894a392] [MessageBroker-2] c.s.w.service.PlayerStatusHandler - Total Online Players: 0
2026-09-18 13:35:38 INFO  [WEBSOCKET,traceId=6aacf0d2b48fdb90360c6686af345e2f,spanId=360c6686af345e2f] [MessageBroker-2] c.s.w.service.PlayerStatusHandler - Total Online Players: 0
2026-09-18 13:35:38 INFO  [WEBSOCKET,traceId=6aacf0d220a4b48453f5b9723ae854e0,spanId=53f5b9723ae854e0] [MessageBroker-2] c.s.w.service.PlayerStatusHandler - Total Online Players: 0
2026-09-18 13:35:38 INFO  [WEBSOCKET,traceId=6aacf0d29045092eb35b51d6d0c087ad,spanId=b35b51d6d0c087ad] [MessageBroker-2] c.s.w.service.PlayerStatusHandler - Total Online Players: 0
2026-09-18 13:35:38 INFO  [WEBSOCKET,traceId=6aacf0d2c50969f474be7de7b485924c,spanId=74be7de7b485924c] [MessageBroker-2] c.s.w.service.PlayerStatusHandler - Total Online Players: 0
2026-09-18 13:35:38 INFO  [WEBSOCKET,traceId=6aacf0d226a7c14c9fde1626019787ac,spanId=9fde1626019787ac] [MessageBroker-2] c.s.w.service.PlayerStatusHandler - Total Online Players: 0
2026-09-18 13:35:38 INFO  [WEBSOCKET,traceId=6aacf0d28569cf25f13d6f89e1c715de,spanId=f13d6f89e1c715de] [MessageBroker-2] c.s.w.service.PlayerStatusHandler - Total Online Players: 0
2026-09-18 13:35:38 INFO  [WEBSOCKET,traceId=6aacf0d277aab1e749e9368c3fdff0a8,spanId=49e9368c3fdff0a8] [MessageBroker-2] c.s.w.service.PlayerStatusHandler - Total Online Players: 0
2026-09-18 13:35:38 INFO  [WEBSOCKET,traceId=6aacf0d215e0925f558b213134ebf47a,spanId=558b213134ebf47a] [MessageBroker-2] c.s.w.service.PlayerStatusHandler - Total Online Players: 0
2026-09-18 13:35:38 INFO  [WEBSOCKET,traceId=6aacf0d25e05a8bab119a8e3beaa8de6,spanId=b119a8e3beaa8de6] [MessageBroker-2] c.s.w.service.PlayerStatusHandler - Total Online Players: 0
2026-09-18 13:35:38 INFO  [WEBSOCKET,traceId=6aacf0d2689a870fcd9bbbf9e20aa57c,spanId=cd9bbbf9e20aa57c] [MessageBroker-2] c.s.w.service.PlayerStatusHandler - Total Online Players: 0
2026-09-18 13:35:38 INFO  [WEBSOCKET,traceId=6aacf0d2f1eaf809c09e0f66c1f6edce,spanId=c09e0f66c1f6edce] [MessageBroker-2] c.s.w.service.PlayerStatusHandler - Total Online Players: 0
2026-09-18 13:35:38 INFO  [WEBSOCKET,traceId=6aacf0d2f03aba91abf05e9735dbd3df,spanId=abf05e9735dbd3df] [MessageBroker-4] c.s.w.service.PlayerStatusHandler - Total Online Players: 0
2026-09-18 13:35:38 INFO  [WEBSOCKET,traceId=6aacf0d265fa66e0b0bddd7b5068ff8c,spanId=b0bddd7b5068ff8c] [MessageBroker-4] c.s.w.service.PlayerStatusHandler - Total Online Players: 0
2026-09-18 13:35:38 INFO  [WEBSOCKET,traceId=6aacf0d2dc475682a38d2802eec2c598,spanId=a38d2802eec2c598] [MessageBroker-2] c.s.w.service.PlayerStatusHandler - Total Online Players: 0
2026-09-18 13:35:38 INFO  [WEBSOCKET,traceId=6aacf0d2154df248b3f9f1665654dd3f,spanId=b3f9f1665654dd3f] [MessageBroker-2] c.s.w.service.PlayerStatusHandler - Total Online Players: 0
2026-09-18 13:35:38 INFO  [WEBSOCKET,traceId=6aacf0d258d9c63b44ec579db39f2aa2,spanId=44ec579db39f2aa2] [MessageBroker-2] c.s.w.service.PlayerStatusHandler - Total Online Players: 0
2026-09-18 13:35:38 INFO  [WEBSOCKET,traceId=6aacf0d244c1276e09a1dada4e5480ce,spanId=09a1dada4e5480ce] [MessageBroker-2] c.s.w.service.PlayerStatusHandler - Total Online Players: 0
2026-09-18 13:35:38 INFO  [WEBSOCKET,traceId=6aacf0d241c0d4f18ca64c670b453e17,spanId=8ca64c670b453e17] [MessageBroker-2] c.s.w.service.PlayerStatusHandler - Total Online Players: 0
2026-09-18 13:35:38 INFO  [WEBSOCKET,traceId=6aacf0d276267f10ab8038cee8233970,spanId=ab8038cee8233970] [MessageBroker-2] c.s.w.service.PlayerStatusHandler - Total Online Players: 0
2026-09-18 13:35:38 INFO  [WEBSOCKET,traceId=6aacf0d2bb62eb81afa37c1be38c1eca,spanId=afa37c1be38c1eca] [MessageBroker-2] c.s.w.service.PlayerStatusHandler - Total Online Players: 0
2026-09-18 13:35:38 INFO  [WEBSOCKET,traceId=6aacf0d20458157085c776214ab7dcdd,spanId=85c776214ab7dcdd] [MessageBroker-2] c.s.w.service.PlayerStatusHandler - Total Online Players: 0
2026-09-18 13:35:38 INFO  [WEBSOCKET,traceId=6aacf0d2216480da39adce82768db182,spanId=39adce82768db182] [MessageBroker-2] c.s.w.service.PlayerStatusHandler - Total Online Players: 0
2026-09-18 13:35:38 INFO  [WEBSOCKET,traceId=6aacf0d299539b3675250cfaf81ae687,spanId=75250cfaf81ae687] [MessageBroker-2] c.s.w.service.PlayerStatusHandler - Total Online Players: 0
2026-09-18 13:35:38 INFO  [WEBSOCKET,traceId=6aacf0d2e03d36e016e8013409a32497,spanId=16e8013409a32497] [MessageBroker-2] c.s.w.service.PlayerStatusHandler - Total Online Players: 0
2026-09-18 13:35:38 INFO  [WEBSOCKET,traceId=6aacf0d248e6ef3660f25d9f08a429bd,spanId=60f25d9f08a429bd] [MessageBroker-2] c.s.w.service.PlayerStatusHandler - Total Online Players: 0
2026-09-18 13:35:38 INFO  [WEBSOCKET,traceId=6aacf0d236775941e65718fbe305bf22,spanId=e65718fbe305bf22] [MessageBroker-2] c.s.w.service.PlayerStatusHandler - Total Online Players: 0
2026-09-18 13:35:38 INFO  [WEBSOCKET,traceId=6aacf0d2be27f5a516e1edbc40c212b2,spanId=16e1edbc40c212b2] [MessageBroker-2] c.s.w.service.PlayerStatusHandler - Total Online Players: 0
2026-09-18 13:35:38 INFO  [WEBSOCKET,traceId=6aacf0d20ab882d3ba9e3d1077423fae,spanId=ba9e3d1077423fae] [MessageBroker-2] c.s.w.service.PlayerStatusHandler - Total Online Players: 0
2026-09-18 13:35:38 INFO  [WEBSOCKET,traceId=6aacf0d231b30695572e6075ec3dbe45,spanId=572e6075ec3dbe45] [MessageBroker-2] c.s.w.service.PlayerStatusHandler - Total Online Players: 0
2026-09-18 13:35:38 INFO  [WEBSOCKET,traceId=6aacf0d2705099282f3b7db9325a96b4,spanId=2f3b7db9325a96b4] [MessageBroker-2] c.s.w.service.PlayerStatusHandler - Total Online Players: 0
2026-09-18 13:35:38 INFO  [WEBSOCKET,traceId=6aacf0d22861face8052533caa19302c,spanId=8052533caa19302c] [MessageBroker-2] c.s.w.service.PlayerStatusHandler - Total Online Players: 0
2026-09-18 13:35:38 INFO  [WEBSOCKET,traceId=6aacf0d2e0c63df3849ac41fede94c87,spanId=849ac41fede94c87] [MessageBroker-2] c.s.w.service.PlayerStatusHandler - Total Online Players: 0
2026-09-18 13:35:38 INFO  [WEBSOCKET,traceId=6aacf0d284ed3dc74e2dfad0ae949987,spanId=4e2dfad0ae949987] [MessageBroker-2] c.s.w.service.PlayerStatusHandler - Total Online Players: 0
2026-09-18 13:35:38 INFO  [WEBSOCKET,traceId=6aacf0d2b1e60c9c83a62a1a43e8c651,spanId=83a62a1a43e8c651] [MessageBroker-2] c.s.w.service.PlayerStatusHandler - Total Online Players: 0
2026-09-18 13:35:38 INFO  [WEBSOCKET,traceId=6aacf0d2ecb3647e2a7ea6488547acd8,spanId=2a7ea6488547acd8] [MessageBroker-2] c.s.w.service.PlayerStatusHandler - Total Online Players: 0
2026-09-18 13:35:38 INFO  [WEBSOCKET,traceId=6aacf0d28128d9ebfe93370aa79ceff1,spanId=fe93370aa79ceff1] [MessageBroker-2] c.s.w.service.PlayerStatusHandler - Total Online Players: 0
2026-09-18 13:35:38 INFO  [WEBSOCKET,traceId=6aacf0d2c2c20eb781780de469eb30f2,spanId=81780de469eb30f2] [MessageBroker-1] c.s.w.service.PlayerStatusHandler - Total Online Players: 0
2026-09-18 13:35:38 INFO  [WEBSOCKET,traceId=6aacf0d235cf4c326f8430f2fecd5dbd,spanId=6f8430f2fecd5dbd] [MessageBroker-1] c.s.w.service.PlayerStatusHandler - Total Online Players: 0
2026-09-18 13:35:38 INFO  [WEBSOCKET,traceId=6aacf0d2d05d42d3373752061094be63,spanId=373752061094be63] [MessageBroker-1] c.s.w.service.PlayerStatusHandler - Total Online Players: 0
2026-09-18 13:35:38 INFO  [WEBSOCKET,traceId=6aacf0d27318ff4520c440f14717d110,spanId=20c440f14717d110] [MessageBroker-1] c.s.w.service.PlayerStatusHandler - Total Online Players: 0
2026-09-18 13:35:38 INFO  [WEBSOCKET,traceId=6aacf0d2e45c770360eb85ad7a415611,spanId=60eb85ad7a415611] [MessageBroker-1] c.s.w.service.PlayerStatusHandler - Total Online Players: 0
2026-09-18 13:35:38 INFO  [WEBSOCKET,traceId=6aacf0d2c99b9091079c3a81ea015e2b,spanId=079c3a81ea015e2b] [MessageBroker-1] c.s.w.service.PlayerStatusHandler - Total Online Players: 0
2026-09-18 13:35:38 INFO  [WEBSOCKET,traceId=6aacf0d29b831613d76b4a393fcd6ae5,spanId=d76b4a393fcd6ae5] [MessageBroker-1] c.s.w.service.PlayerStatusHandler - Total Online Players: 0
2026-09-18 13:35:38 INFO  [WEBSOCKET,traceId=6aacf0d24cf19f5605cdb8c7c0d56200,spanId=05cdb8c7c0d56200] [MessageBroker-1] c.s.w.service.PlayerStatusHandler - Total Online Players: 0
2026-09-18 13:35:38 INFO  [WEBSOCKET,traceId=6aacf0d26ac988c88fb2a75a393c15fc,spanId=8fb2a75a393c15fc] [MessageBroker-1] c.s.w.service.PlayerStatusHandler - Total Online Players: 0
2026-09-18 13:35:38 INFO  [WEBSOCKET,traceId=6aacf0d21ac36915598061a903147f2e,spanId=598061a903147f2e] [MessageBroker-1] c.s.w.service.PlayerStatusHandler - Total Online Players: 0
2026-09-18 13:35:38 INFO  [WEBSOCKET,traceId=6aacf0d2cdca052cf3ea9ba5efb804f4,spanId=f3ea9ba5efb804f4] [MessageBroker-1] c.s.w.service.PlayerStatusHandler - Total Online Players: 0
2026-09-18 13:35:38 INFO  [WEBSOCKET,traceId=6aacf0d2f2901968679a0190f9612b25,spanId=679a0190f9612b25] [MessageBroker-1] c.s.w.service.PlayerStatusHandler - Total Online Players: 0
2026-09-18 13:35:38 INFO  [WEBSOCKET,traceId=6aacf0d218c9f640ab7c2d62c0fce345,spanId=ab7c2d62c0fce345] [MessageBroker-1] c.s.w.service.PlayerStatusHandler - Total Online Players: 0
2026-09-18 13:35:38 INFO  [WEBSOCKET,traceId=6aacf0d240c76871b30d68152bc3eae9,spanId=b30d68152bc3eae9] [MessageBroker-1] c.s.w.service.PlayerStatusHandler - Total Online Players: 0
2026-09-18 13:35:38 INFO  [WEBSOCKET,traceId=6aacf0d213fae99b71b17aea5551ad74,spanId=71b17aea5551ad74] [MessageBroker-1] c.s.w.service.PlayerStatusHandler - Total Online Players: 0
2026-09-18 13:35:38 INFO  [WEBSOCKET,traceId=6aacf0d28eb78e11ce4196dea4c89f02,spanId=ce4196dea4c89f02] [MessageBroker-1] c.s.w.service.PlayerStatusHandler - Total Online Players: 0
2026-09-18 13:35:38 INFO  [WEBSOCKET,traceId=6aacf0d2b74841e3119041778dce4fc8,spanId=119041778dce4fc8] [MessageBroker-1] c.s.w.service.PlayerStatusHandler - Total Online Players: 0
2026-09-18 13:35:38 INFO  [WEBSOCKET,traceId=6aacf0d266f70e6bc3a0bd4d45c60300,spanId=c3a0bd4d45c60300] [MessageBroker-1] c.s.w.service.PlayerStatusHandler - Total Online Players: 0
2026-09-18 13:35:38 INFO  [WEBSOCKET,traceId=6aacf0d2b3fcf7ee17a3c3104b23b972,spanId=17a3c3104b23b972] [MessageBroker-1] c.s.w.service.PlayerStatusHandler - Total Online Players: 0
2026-09-18 13:35:38 INFO  [WEBSOCKET,traceId=6aacf0d20838df540548a19df5e1085c,spanId=0548a19df5e1085c] [MessageBroker-1] c.s.w.service.PlayerStatusHandler - Total Online Players: 0
2026-09-18 13:35:38 INFO  [WEBSOCKET,traceId=6aacf0d2f60db8f5a4467fb5cdca38c3,spanId=a4467fb5cdca38c3] [MessageBroker-2] c.s.w.service.PlayerStatusHandler - Total Online Players: 0
2026-09-18 13:35:38 INFO  [WEBSOCKET,traceId=6aacf0d23324aa0db2d853a4efc9b476,spanId=b2d853a4efc9b476] [MessageBroker-2] c.s.w.service.PlayerStatusHandler - Total Online Players: 0
2026-09-18 13:35:38 INFO  [WEBSOCKET,traceId=6aacf0d2a8c3940c4271ec6f33cff3ea,spanId=4271ec6f33cff3ea] [MessageBroker-2] c.s.w.service.PlayerStatusHandler - Total Online Players: 0
2026-09-18 13:35:38 INFO  [WEBSOCKET,traceId=6aacf0d2a2216122c7d2c104b753dfd3,spanId=c7d2c104b753dfd3] [MessageBroker-2] c.s.w.service.PlayerStatusHandler - Total Online Players: 0
2026-09-18 13:35:38 INFO  [WEBSOCKET,traceId=6aacf0d2b8577a25f3f0a91dae17e415,spanId=f3f0a91dae17e415] [MessageBroker-2] c.s.w.service.PlayerStatusHandler - Total Online Players: 0
2026-09-18 13:35:38 INFO  [WEBSOCKET,traceId=6aacf0d22843e64fb6aea57a21c6a761,spanId=b6aea57a21c6a761] [MessageBroker-3] c.s.w.service.PlayerStatusHandler - Total Online Players: 0
2026-09-18 13:35:38 INFO  [WEBSOCKET,traceId=6aacf0d25f2949c739c4b2cfd3bbd485,spanId=39c4b2cfd3bbd485] [MessageBroker-3] c.s.w.service.PlayerStatusHandler - Total Online Players: 0
2026-09-18 13:35:38 INFO  [WEBSOCKET,traceId=6aacf0d21d826f668dc02cfb5dce7084,spanId=8dc02cfb5dce7084] [MessageBroker-3] c.s.w.service.PlayerStatusHandler - Total Online Players: 0
2026-09-18 13:35:38 INFO  [WEBSOCKET,traceId=6aacf0d2ebcfa8eac41d77493cfeda0a,spanId=c41d77493cfeda0a] [MessageBroker-1] c.s.w.service.PlayerStatusHandler - Total Online Players: 0
2026-09-18 13:35:38 INFO  [WEBSOCKET,traceId=6aacf0d2edcb21fbfc825dd5f8bf9a9e,spanId=fc825dd5f8bf9a9e] [MessageBroker-1] c.s.w.service.PlayerStatusHandler - Total Online Players: 0
2026-09-18 13:35:38 INFO  [WEBSOCKET,traceId=6aacf0d2fbbad4a7640fcd7d1a82c5e2,spanId=640fcd7d1a82c5e2] [MessageBroker-1] c.s.w.service.PlayerStatusHandler - Total Online Players: 0
2026-09-18 13:35:38 INFO  [WEBSOCKET,traceId=6aacf0d2a7c40550b9f1fc5aba0a26ff,spanId=b9f1fc5aba0a26ff] [MessageBroker-1] c.s.w.service.PlayerStatusHandler - Total Online Players: 0
2026-09-18 13:35:38 INFO  [WEBSOCKET,traceId=6aacf0d22ef55399dc5445139e5f377c,spanId=dc5445139e5f377c] [MessageBroker-1] c.s.w.service.PlayerStatusHandler - Total Online Players: 0
2026-09-18 13:35:38 INFO  [WEBSOCKET,traceId=6aacf0d2e548c85f767eb0b757114027,spanId=767eb0b757114027] [MessageBroker-1] c.s.w.service.PlayerStatusHandler - Total Online Players: 0
2026-09-18 13:35:38 INFO  [WEBSOCKET,traceId=6aacf0d2e4fbdc3006f33147027544f8,spanId=06f33147027544f8] [MessageBroker-1] c.s.w.service.PlayerStatusHandler - Total Online Players: 0
2026-09-18 13:35:38 INFO  [WEBSOCKET,traceId=6aacf0d22820b08001bcf903415b1654,spanId=01bcf903415b1654] [MessageBroker-1] c.s.w.service.PlayerStatusHandler - Total Online Players: 0
2026-09-18 13:35:38 INFO  [WEBSOCKET,traceId=6aacf0d2fb65a8780a21a4f1a7fcc142,spanId=0a21a4f1a7fcc142] [MessageBroker-1] c.s.w.service.PlayerStatusHandler - Total Online Players: 0
2026-09-18 13:35:38 INFO  [WEBSOCKET,traceId=6aacf0d20c60e5bb9506cbeb26336878,spanId=9506cbeb26336878] [MessageBroker-1] c.s.w.service.PlayerStatusHandler - Total Online Players: 0
2026-09-18 13:35:38 INFO  [WEBSOCKET,traceId=6aacf0d29208cd42d2791953ffd51ec8,spanId=d2791953ffd51ec8] [MessageBroker-1] c.s.w.service.PlayerStatusHandler - Total Online Players: 0
2026-09-18 13:35:38 INFO  [WEBSOCKET,traceId=6aacf0d28e520cadf4b92456aef1627e,spanId=f4b92456aef1627e] [MessageBroker-1] c.s.w.service.PlayerStatusHandler - Total Online Players: 0
2026-09-18 13:35:38 INFO  [WEBSOCKET,traceId=6aacf0d21a40383a0fee1f7a5e23f446,spanId=0fee1f7a5e23f446] [MessageBroker-1] c.s.w.service.PlayerStatusHandler - Total Online Players: 0
2026-09-18 13:35:38 INFO  [WEBSOCKET,traceId=6aacf0d295e6ddc050ce8b397d0bd0c0,spanId=50ce8b397d0bd0c0] [MessageBroker-1] c.s.w.service.PlayerStatusHandler - Total Online Players: 0
2026-09-18 13:35:38 INFO  [WEBSOCKET,traceId=6aacf0d241802e8ca765baf4f10ef125,spanId=a765baf4f10ef125] [MessageBroker-1] c.s.w.service.PlayerStatusHandler - Total Online Players: 0
2026-09-18 13:35:38 INFO  [WEBSOCKET,traceId=6aacf0d22b25634c722360b341edca84,spanId=722360b341edca84] [MessageBroker-1] c.s.w.service.PlayerStatusHandler - Total Online Players: 0
2026-09-18 13:35:38 INFO  [WEBSOCKET,traceId=6aacf0d2ea2b679d5f093fe1d78ac63a,spanId=5f093fe1d78ac63a] [MessageBroker-1] c.s.w.service.PlayerStatusHandler - Total Online Players: 0
2026-09-18 13:35:38 INFO  [WEBSOCKET,traceId=6aacf0d23ce9d9110440bfc00c4ff783,spanId=0440bfc00c4ff783] [MessageBroker-2] c.s.w.service.PlayerStatusHandler - Total Online Players: 0
2026-09-18 13:35:38 INFO  [WEBSOCKET,traceId=6aacf0d2f7acf915ac0e318aa681c46b,spanId=ac0e318aa681c46b] [MessageBroker-2] c.s.w.service.PlayerStatusHandler - Total Online Players: 0
2026-09-18 13:35:38 INFO  [WEBSOCKET,traceId=6aacf0d2300501f76e90cd75c2f2afc3,spanId=6e90cd75c2f2afc3] [MessageBroker-2] c.s.w.service.PlayerStatusHandler - Total Online Players: 0
2026-09-18 13:35:38 INFO  [WEBSOCKET,traceId=6aacf0d2f7961d8bbb5d49ad2ab9619f,spanId=bb5d49ad2ab9619f] [MessageBroker-2] c.s.w.service.PlayerStatusHandler - Total Online Players: 0
2026-09-18 13:35:38 INFO  [WEBSOCKET,traceId=6aacf0d26b21a10ea4e32745ee32097c,spanId=a4e32745ee32097c] [MessageBroker-2] c.s.w.service.PlayerStatusHandler - Total Online Players: 0
2026-09-18 13:35:38 INFO  [WEBSOCKET,traceId=6aacf0d283b2770a0dbfba271829ad06,spanId=0dbfba271829ad06] [MessageBroker-1] c.s.w.service.PlayerStatusHandler - Total Online Players: 0
2026-09-18 13:35:38 INFO  [WEBSOCKET,traceId=6aacf0d267a29f527cc2f53e403d45ca,spanId=7cc2f53e403d45ca] [MessageBroker-1] c.s.w.service.PlayerStatusHandler - Total Online Players: 0
2026-09-18 13:35:38 INFO  [WEBSOCKET,traceId=6aacf0d2988cacb254ecb9a3a2a29162,spanId=54ecb9a3a2a29162] [MessageBroker-1] c.s.w.service.PlayerStatusHandler - Total Online Players: 0
2026-09-18 13:35:38 INFO  [WEBSOCKET,traceId=6aacf0d210f5be062c954a2d498a3664,spanId=2c954a2d498a3664] [MessageBroker-1] c.s.w.service.PlayerStatusHandler - Total Online Players: 0
2026-09-18 13:35:38 INFO  [WEBSOCKET,traceId=6aacf0d2f517267b95ea7f8ade8fc2c7,spanId=95ea7f8ade8fc2c7] [MessageBroker-1] c.s.w.service.PlayerStatusHandler - Total Online Players: 0
2026-09-18 13:35:38 INFO  [WEBSOCKET,traceId=6aacf0d2e830e47b44872aeed07ae57d,spanId=44872aeed07ae57d] [MessageBroker-1] c.s.w.service.PlayerStatusHandler - Total Online Players: 0
2026-09-18 13:35:38 INFO  [WEBSOCKET,traceId=6aacf0d2889b1c4b543ca60922535be2,spanId=543ca60922535be2] [MessageBroker-1] c.s.w.service.PlayerStatusHandler - Total Online Players: 0
2026-09-18 13:35:38 INFO  [WEBSOCKET,traceId=6aacf0d252fe80d3a260c250f51d2153,spanId=a260c250f51d2153] [MessageBroker-1] c.s.w.service.PlayerStatusHandler - Total Online Players: 0
2026-09-18 13:35:38 INFO  [WEBSOCKET,traceId=6aacf0d2372986b30a30306ac31ec4cd,spanId=0a30306ac31ec4cd] [MessageBroker-1] c.s.w.service.PlayerStatusHandler - Total Online Players: 0
2026-09-18 13:35:38 INFO  [WEBSOCKET,traceId=6aacf0d2dfdc776b3a008b13ff600892,spanId=3a008b13ff600892] [MessageBroker-1] c.s.w.service.PlayerStatusHandler - Total Online Players: 0
2026-09-18 13:35:38 INFO  [WEBSOCKET,traceId=6aacf0d25c41072d56183c522b494bdc,spanId=56183c522b494bdc] [MessageBroker-1] c.s.w.service.PlayerStatusHandler - Total Online Players: 0
2026-09-18 13:35:38 INFO  [WEBSOCKET,traceId=6aacf0d25d2414e4274519084c558ec9,spanId=274519084c558ec9] [MessageBroker-1] c.s.w.service.PlayerStatusHandler - Total Online Players: 0
2026-09-18 13:35:38 INFO  [WEBSOCKET,traceId=6aacf0d2d10125b1d1656d27d6d184a1,spanId=d1656d27d6d184a1] [MessageBroker-1] c.s.w.service.PlayerStatusHandler - Total Online Players: 0
2026-09-18 13:35:38 INFO  [WEBSOCKET,traceId=6aacf0d282e69870be785182b1397075,spanId=be785182b1397075] [MessageBroker-1] c.s.w.service.PlayerStatusHandler - Total Online Players: 0
2026-09-18 13:35:38 INFO  [WEBSOCKET,traceId=6aacf0d2fa7c7849b4b90abe5d07bae7,spanId=b4b90abe5d07bae7] [MessageBroker-2] c.s.w.service.PlayerStatusHandler - Total Online Players: 0
2026-09-18 13:35:38 INFO  [WEBSOCKET,traceId=6aacf0d2cd2979a08f4315d5c0828b00,spanId=8f4315d5c0828b00] [MessageBroker-2] c.s.w.service.PlayerStatusHandler - Total Online Players: 0
2026-09-18 13:35:38 INFO  [WEBSOCKET,traceId=6aacf0d2645cbb63e3072fa28da069d9,spanId=e3072fa28da069d9] [MessageBroker-2] c.s.w.service.PlayerStatusHandler - Total Online Players: 0
2026-09-18 13:35:38 INFO  [WEBSOCKET,traceId=6aacf0d2e9134efc17d95788bb4fb4e2,spanId=17d95788bb4fb4e2] [MessageBroker-2] c.s.w.service.PlayerStatusHandler - Total Online Players: 0
2026-09-18 13:35:38 INFO  [WEBSOCKET,traceId=6aacf0d28fc35c48a0a2f5e8a2f858f7,spanId=a0a2f5e8a2f858f7] [MessageBroker-2] c.s.w.service.PlayerStatusHandler - Total Online Players: 0
2026-09-18 13:35:38 INFO  [WEBSOCKET,traceId=6aacf0d206972e8029ff0223c7a8140e,spanId=29ff0223c7a8140e] [MessageBroker-2] c.s.w.service.PlayerStatusHandler - Total Online Players: 0
2026-09-18 13:35:38 INFO  [WEBSOCKET,traceId=6aacf0d29e92a03399798aa749625d6e,spanId=99798aa749625d6e] [MessageBroker-2] c.s.w.service.PlayerStatusHandler - Total Online Players: 0
2026-09-18 13:35:38 INFO  [WEBSOCKET,traceId=6aacf0d2317d7a806777ad3d58fdbebd,spanId=6777ad3d58fdbebd] [MessageBroker-2] c.s.w.service.PlayerStatusHandler - Total Online Players: 0
2026-09-18 13:35:38 INFO  [WEBSOCKET,traceId=6aacf0d283bc49a57bfbea5a6b77589e,spanId=7bfbea5a6b77589e] [MessageBroker-2] c.s.w.service.PlayerStatusHandler - Total Online Players: 0
2026-09-18 13:35:38 INFO  [WEBSOCKET,traceId=6aacf0d24e6c15ccbe3f261f05be73c2,spanId=be3f261f05be73c2] [MessageBroker-2] c.s.w.service.PlayerStatusHandler - Total Online Players: 0
2026-09-18 13:35:38 INFO  [WEBSOCKET,traceId=6aacf0d2e65ea23acd45b9080de6752b,spanId=cd45b9080de6752b] [MessageBroker-2] c.s.w.service.PlayerStatusHandler - Total Online Players: 0
2026-09-18 13:35:38 INFO  [WEBSOCKET,traceId=6aacf0d269aa1f1edbcbd4e913d5f9e9,spanId=dbcbd4e913d5f9e9] [MessageBroker-2] c.s.w.service.PlayerStatusHandler - Total Online Players: 0
2026-09-18 13:35:38 INFO  [WEBSOCKET,traceId=6aacf0d258a876b5917713ccbadb0ee7,spanId=917713ccbadb0ee7] [MessageBroker-2] c.s.w.service.PlayerStatusHandler - Total Online Players: 0
2026-09-18 13:35:38 INFO  [WEBSOCKET,traceId=6aacf0d2202997c2d1c9e4226b3a5eec,spanId=d1c9e4226b3a5eec] [MessageBroker-1] c.s.w.service.PlayerStatusHandler - Total Online Players: 0
2026-09-18 13:35:38 INFO  [WEBSOCKET,traceId=6aacf0d2c704c268e50a6c594686f34b,spanId=e50a6c594686f34b] [MessageBroker-1] c.s.w.service.PlayerStatusHandler - Total Online Players: 0
2026-09-18 13:35:38 INFO  [WEBSOCKET,traceId=6aacf0d2ef815eb9179eaadca249b2f8,spanId=179eaadca249b2f8] [MessageBroker-1] c.s.w.service.PlayerStatusHandler - Total Online Players: 0
2026-09-18 13:35:38 INFO  [WEBSOCKET,traceId=6aacf0d2c879a6d6b29755f11e85d7b4,spanId=b29755f11e85d7b4] [MessageBroker-1] c.s.w.service.PlayerStatusHandler - Total Online Players: 0
2026-09-18 13:35:38 INFO  [WEBSOCKET,traceId=6aacf0d20650283a5228c20dd5e4d356,spanId=5228c20dd5e4d356] [MessageBroker-1] c.s.w.service.PlayerStatusHandler - Total Online Players: 0
2026-09-18 13:35:38 INFO  [WEBSOCKET,traceId=6aacf0d2cf602c6f13c017d6d41c52d6,spanId=13c017d6d41c52d6] [MessageBroker-1] c.s.w.service.PlayerStatusHandler - Total Online Players: 0
2026-09-18 13:35:38 INFO  [WEBSOCKET,traceId=6aacf0d23693409d9c081159ef8eaf84,spanId=9c081159ef8eaf84] [MessageBroker-1] c.s.w.service.PlayerStatusHandler - Total Online Players: 0
2026-09-18 13:35:38 INFO  [WEBSOCKET,traceId=6aacf0d2a14fd6dbf808fb1c6ac1fa26,spanId=f808fb1c6ac1fa26] [MessageBroker-1] c.s.w.service.PlayerStatusHandler - Total Online Players: 0
2026-09-18 13:35:38 INFO  [WEBSOCKET,traceId=6aacf0d2512984f0a71993eedb248060,spanId=a71993eedb248060] [MessageBroker-1] c.s.w.service.PlayerStatusHandler - Total Online Players: 0
2026-09-18 13:35:38 INFO  [WEBSOCKET,traceId=6aacf0d2b75893f0120e426ffb43f4fd,spanId=120e426ffb43f4fd] [MessageBroker-1] c.s.w.service.PlayerStatusHandler - Total Online Players: 0
2026-09-18 13:35:38 INFO  [WEBSOCKET,traceId=6aacf0d2fdcb3c02bc4eb1840e5c71d1,spanId=bc4eb1840e5c71d1] [MessageBroker-1] c.s.w.service.PlayerStatusHandler - Total Online Players: 0
2026-09-18 13:35:38 INFO  [WEBSOCKET,traceId=6aacf0d299ded2ffac0b6a801c733ecd,spanId=ac0b6a801c733ecd] [MessageBroker-1] c.s.w.service.PlayerStatusHandler - Total Online Players: 0
2026-09-18 13:35:38 INFO  [WEBSOCKET,traceId=6aacf0d2422a30d0c56b6ae00d498a0c,spanId=c56b6ae00d498a0c] [MessageBroker-1] c.s.w.service.PlayerStatusHandler - Total Online Players: 0
2026-09-18 13:35:38 INFO  [WEBSOCKET,traceId=6aacf0d24bede5467abdf236ceff3953,spanId=7abdf236ceff3953] [MessageBroker-1] c.s.w.service.PlayerStatusHandler - Total Online Players: 0
2026-09-18 13:35:38 INFO  [WEBSOCKET,traceId=6aacf0d2b4ef53e6b2df033c3145edce,spanId=b2df033c3145edce] [MessageBroker-1] c.s.w.service.PlayerStatusHandler - Total Online Players: 0
2026-09-18 13:35:38 INFO  [WEBSOCKET,traceId=6aacf0d278fbc68e9936955dd5cffc7a,spanId=9936955dd5cffc7a] [MessageBroker-1] c.s.w.service.PlayerStatusHandler - Total Online Players: 0
2026-09-18 13:35:38 INFO  [WEBSOCKET,traceId=6aacf0d2e2a4da285ebb1f5fa195b05a,spanId=5ebb1f5fa195b05a] [MessageBroker-2] c.s.w.service.PlayerStatusHandler - Total Online Players: 0
2026-09-18 13:35:38 INFO  [WEBSOCKET,traceId=6aacf0d26e663a37ab1968dc96cdf905,spanId=ab1968dc96cdf905] [MessageBroker-2] c.s.w.service.PlayerStatusHandler - Total Online Players: 0
2026-09-18 13:35:38 INFO  [WEBSOCKET,traceId=6aacf0d23e5165d2d6e25e17a7a43cca,spanId=d6e25e17a7a43cca] [MessageBroker-2] c.s.w.service.PlayerStatusHandler - Total Online Players: 0
2026-09-18 13:35:38 INFO  [WEBSOCKET,traceId=6aacf0d273e5ffc9ba7ec4092219e8f6,spanId=ba7ec4092219e8f6] [MessageBroker-2] c.s.w.service.PlayerStatusHandler - Total Online Players: 0
2026-09-18 13:35:38 INFO  [WEBSOCKET,traceId=6aacf0d24bc102c645fd510ac843fd53,spanId=45fd510ac843fd53] [MessageBroker-2] c.s.w.service.PlayerStatusHandler - Total Online Players: 0
2026-09-18 13:35:38 INFO  [WEBSOCKET,traceId=6aacf0d28f93e04abd8f233eb9630059,spanId=bd8f233eb9630059] [MessageBroker-2] c.s.w.service.PlayerStatusHandler - Total Online Players: 0
2026-09-18 13:35:38 INFO  [WEBSOCKET,traceId=6aacf0d20df6d533974b7c4c96c33572,spanId=974b7c4c96c33572] [MessageBroker-2] c.s.w.service.PlayerStatusHandler - Total Online Players: 0
2026-09-18 13:35:38 INFO  [WEBSOCKET,traceId=6aacf0d29597a27b16a309f104f7eab8,spanId=16a309f104f7eab8] [MessageBroker-2] c.s.w.service.PlayerStatusHandler - Total Online Players: 0
2026-09-18 13:35:38 INFO  [WEBSOCKET,traceId=6aacf0d2f8026763458219408a3976dd,spanId=458219408a3976dd] [MessageBroker-3] c.s.w.service.PlayerStatusHandler - Total Online Players: 0
2026-09-18 13:35:38 INFO  [WEBSOCKET,traceId=6aacf0d2b7fe561a284cd5ec57294a6a,spanId=284cd5ec57294a6a] [MessageBroker-3] c.s.w.service.PlayerStatusHandler - Total Online Players: 0
2026-09-18 13:35:38 INFO  [WEBSOCKET,traceId=6aacf0d2fd9e271bf0e3bae9fed8b9b1,spanId=f0e3bae9fed8b9b1] [MessageBroker-3] c.s.w.service.PlayerStatusHandler - Total Online Players: 0
2026-09-18 13:35:38 INFO  [WEBSOCKET,traceId=6aacf0d22d9a44785cfc83de2d34a4c8,spanId=5cfc83de2d34a4c8] [MessageBroker-3] c.s.w.service.PlayerStatusHandler - Total Online Players: 0
2026-09-18 13:35:38 INFO  [WEBSOCKET,traceId=6aacf0d26dd8866a9597f7d70b90f5a0,spanId=9597f7d70b90f5a0] [MessageBroker-3] c.s.w.service.PlayerStatusHandler - Total Online Players: 0
2026-09-18 13:35:38 INFO  [WEBSOCKET,traceId=6aacf0d2155375a7484a38bd8af501cc,spanId=484a38bd8af501cc] [MessageBroker-3] c.s.w.service.PlayerStatusHandler - Total Online Players: 0
2026-09-18 13:35:38 INFO  [WEBSOCKET,traceId=6aacf0d2490c1a5f7963f25b4686c8b7,spanId=7963f25b4686c8b7] [MessageBroker-3] c.s.w.service.PlayerStatusHandler - Total Online Players: 0
2026-09-18 13:35:38 INFO  [WEBSOCKET,traceId=6aacf0d286430137e15476937b4724f1,spanId=e15476937b4724f1] [MessageBroker-3] c.s.w.service.PlayerStatusHandler - Total Online Players: 0
2026-09-18 13:35:38 INFO  [WEBSOCKET,traceId=6aacf0d28bfb77fb716e878980ddc88d,spanId=716e878980ddc88d] [MessageBroker-3] c.s.w.service.PlayerStatusHandler - Total Online Players: 0
2026-09-18 13:35:38 INFO  [WEBSOCKET,traceId=6aacf0d2b48e7d5659f4bfeff43093b0,spanId=59f4bfeff43093b0] [MessageBroker-3] c.s.w.service.PlayerStatusHandler - Total Online Players: 0
2026-09-18 13:35:38 INFO  [WEBSOCKET,traceId=6aacf0d26025855303d8938e52da1612,spanId=03d8938e52da1612] [MessageBroker-3] c.s.w.service.PlayerStatusHandler - Total Online Players: 0
2026-09-18 13:35:38 INFO  [WEBSOCKET,traceId=6aacf0d23b9984249e03758f708c7710,spanId=9e03758f708c7710] [MessageBroker-3] c.s.w.service.PlayerStatusHandler - Total Online Players: 0
2026-09-18 13:35:38 INFO  [WEBSOCKET,traceId=6aacf0d21c51859c4061da4d0644423a,spanId=4061da4d0644423a] [MessageBroker-3] c.s.w.service.PlayerStatusHandler - Total Online Players: 0
2026-09-18 13:35:38 INFO  [WEBSOCKET,traceId=6aacf0d2ed690735832742478747d8a6,spanId=832742478747d8a6] [MessageBroker-3] c.s.w.service.PlayerStatusHandler - Total Online Players: 0
2026-09-18 13:35:38 INFO  [WEBSOCKET,traceId=6aacf0d23ebc867ca141f0d96a61805a,spanId=a141f0d96a61805a] [MessageBroker-3] c.s.w.service.PlayerStatusHandler - Total Online Players: 0
2026-09-18 13:35:38 INFO  [WEBSOCKET,traceId=6aacf0d24b9431d7a8fe82bf63f226a8,spanId=a8fe82bf63f226a8] [MessageBroker-3] c.s.w.service.PlayerStatusHandler - Total Online Players: 0
2026-09-18 13:35:38 INFO  [WEBSOCKET,traceId=6aacf0d2cc662f30ceb95841a649f597,spanId=ceb95841a649f597] [MessageBroker-3] c.s.w.service.PlayerStatusHandler - Total Online Players: 0
2026-09-18 13:35:38 INFO  [WEBSOCKET,traceId=6aacf0d264a1e392c602d74ea060705d,spanId=c602d74ea060705d] [MessageBroker-3] c.s.w.service.PlayerStatusHandler - Total Online Players: 0
2026-09-18 13:35:38 INFO  [WEBSOCKET,traceId=6aacf0d2b76c529524a0f296e5dc3868,spanId=24a0f296e5dc3868] [MessageBroker-3] c.s.w.service.PlayerStatusHandler - Total Online Players: 0
2026-09-18 13:35:38 INFO  [WEBSOCKET,traceId=6aacf0d28d9351ecd31e2fbc5e9324a2,spanId=d31e2fbc5e9324a2] [MessageBroker-3] c.s.w.service.PlayerStatusHandler - Total Online Players: 0
2026-09-18 13:35:38 INFO  [WEBSOCKET,traceId=6aacf0d2a119d06872d9f1b971a01828,spanId=72d9f1b971a01828] [MessageBroker-1] c.s.w.service.PlayerStatusHandler - Total Online Players: 0
2026-09-18 13:35:38 INFO  [WEBSOCKET,traceId=6aacf0d2352846628cc9935aa23d6e4f,spanId=8cc9935aa23d6e4f] [MessageBroker-1] c.s.w.service.PlayerStatusHandler - Total Online Players: 0
2026-09-18 13:35:38 INFO  [WEBSOCKET,traceId=6aacf0d2b3db4d4b2adbe6b75e517c36,spanId=2adbe6b75e517c36] [MessageBroker-1] c.s.w.service.PlayerStatusHandler - Total Online Players: 0
2026-09-18 13:35:38 INFO  [WEBSOCKET,traceId=6aacf0d2c8f22e90fbe8d057085c0132,spanId=fbe8d057085c0132] [MessageBroker-1] c.s.w.service.PlayerStatusHandler - Total Online Players: 0
2026-09-18 13:35:38 INFO  [WEBSOCKET,traceId=6aacf0d26600e239870734773e5ff307,spanId=870734773e5ff307] [MessageBroker-1] c.s.w.service.PlayerStatusHandler - Total Online Players: 0
2026-09-18 13:35:38 INFO  [WEBSOCKET,traceId=6aacf0d246c33f30e76da1738a703b4d,spanId=e76da1738a703b4d] [MessageBroker-1] c.s.w.service.PlayerStatusHandler - Total Online Players: 0
2026-09-18 13:35:38 INFO  [WEBSOCKET,traceId=6aacf0d291a82845278331d303c4c817,spanId=278331d303c4c817] [MessageBroker-1] c.s.w.service.PlayerStatusHandler - Total Online Players: 0
2026-09-18 13:35:38 INFO  [WEBSOCKET,traceId=6aacf0d20bcaf9954f6d255e5842d383,spanId=4f6d255e5842d383] [MessageBroker-1] c.s.w.service.PlayerStatusHandler - Total Online Players: 0
2026-09-18 13:35:38 INFO  [WEBSOCKET,traceId=6aacf0d26915d9318ce7ae5064057edd,spanId=8ce7ae5064057edd] [MessageBroker-1] c.s.w.service.PlayerStatusHandler - Total Online Players: 0
2026-09-18 13:35:38 INFO  [WEBSOCKET,traceId=6aacf0d240c7414f7609b3a0e1b81a9e,spanId=7609b3a0e1b81a9e] [MessageBroker-1] c.s.w.service.PlayerStatusHandler - Total Online Players: 0
2026-09-18 13:35:38 INFO  [WEBSOCKET,traceId=6aacf0d29e63c8319eb96ed84d955bcd,spanId=9eb96ed84d955bcd] [MessageBroker-1] c.s.w.service.PlayerStatusHandler - Total Online Players: 0
2026-09-18 13:35:38 INFO  [WEBSOCKET,traceId=6aacf0d2785c3548d20243e7a4ee9c8b,spanId=d20243e7a4ee9c8b] [MessageBroker-1] c.s.w.service.PlayerStatusHandler - Total Online Players: 0
2026-09-18 13:35:38 INFO  [WEBSOCKET,traceId=6aacf0d2862e1d7812ed50d551d5a49b,spanId=12ed50d551d5a49b] [MessageBroker-1] c.s.w.service.PlayerStatusHandler - Total Online Players: 0
2026-09-18 13:35:38 INFO  [WEBSOCKET,traceId=6aacf0d29343445b9c540c62f09d1190,spanId=9c540c62f09d1190] [MessageBroker-1] c.s.w.service.PlayerStatusHandler - Total Online Players: 0
2026-09-18 13:35:38 INFO  [WEBSOCKET,traceId=6aacf0d26f5e18fd41fc7c98f700153f,spanId=41fc7c98f700153f] [MessageBroker-1] c.s.w.service.PlayerStatusHandler - Total Online Players: 0
2026-09-18 13:35:38 INFO  [WEBSOCKET,traceId=6aacf0d2506b96b3d7f82cba7c9b020f,spanId=d7f82cba7c9b020f] [MessageBroker-1] c.s.w.service.PlayerStatusHandler - Total Online Players: 0
2026-09-18 13:35:38 INFO  [WEBSOCKET,traceId=6aacf0d21b9a958fb35e2c8f698dee5b,spanId=b35e2c8f698dee5b] [MessageBroker-1] c.s.w.service.PlayerStatusHandler - Total Online Players: 0
2026-09-18 13:35:38 INFO  [WEBSOCKET,traceId=6aacf0d2e355c0677d26c0b4527d4d81,spanId=7d26c0b4527d4d81] [MessageBroker-1] c.s.w.service.PlayerStatusHandler - Total Online Players: 0
2026-09-18 13:35:38 INFO  [WEBSOCKET,traceId=6aacf0d28c27890845f64a3ea312b1e8,spanId=45f64a3ea312b1e8] [MessageBroker-1] c.s.w.service.PlayerStatusHandler - Total Online Players: 0
2026-09-18 13:35:38 INFO  [WEBSOCKET,traceId=6aacf0d2ed770167f6c643c5d04bccc9,spanId=f6c643c5d04bccc9] [MessageBroker-2] c.s.w.service.PlayerStatusHandler - Total Online Players: 0
2026-09-18 13:35:38 INFO  [WEBSOCKET,traceId=6aacf0d2f2fa8b6925839a807ec6abc3,spanId=25839a807ec6abc3] [MessageBroker-2] c.s.w.service.PlayerStatusHandler - Total Online Players: 0
2026-09-18 13:35:38 INFO  [WEBSOCKET,traceId=6aacf0d2750b9f3153dc3a5657d676b2,spanId=53dc3a5657d676b2] [MessageBroker-2] c.s.w.service.PlayerStatusHandler - Total Online Players: 0
2026-09-18 13:35:38 INFO  [WEBSOCKET,traceId=6aacf0d240e2d547e192d92d357eb905,spanId=e192d92d357eb905] [MessageBroker-2] c.s.w.service.PlayerStatusHandler - Total Online Players: 0
2026-09-18 13:35:38 INFO  [WEBSOCKET,traceId=6aacf0d26e20df8ce299ea170301461f,spanId=e299ea170301461f] [MessageBroker-2] c.s.w.service.PlayerStatusHandler - Total Online Players: 0
2026-09-18 13:35:38 INFO  [WEBSOCKET,traceId=6aacf0d26b6e83e9f918947e22630f3a,spanId=f918947e22630f3a] [MessageBroker-2] c.s.w.service.PlayerStatusHandler - Total Online Players: 0
2026-09-18 13:35:38 INFO  [WEBSOCKET,traceId=6aacf0d2f903f11b2dc02a9154b92b25,spanId=2dc02a9154b92b25] [MessageBroker-2] c.s.w.service.PlayerStatusHandler - Total Online Players: 0
2026-09-18 13:35:38 INFO  [WEBSOCKET,traceId=6aacf0d283caf73cb177ca4e5560d528,spanId=b177ca4e5560d528] [MessageBroker-2] c.s.w.service.PlayerStatusHandler - Total Online Players: 0
2026-09-18 13:35:38 INFO  [WEBSOCKET,traceId=6aacf0d22bbc13d7187aa6b01e42632e,spanId=187aa6b01e42632e] [MessageBroker-2] c.s.w.service.PlayerStatusHandler - Total Online Players: 0
2026-09-18 13:35:38 INFO  [WEBSOCKET,traceId=6aacf0d2f98e84d95d5067f58b5f977f,spanId=5d5067f58b5f977f] [MessageBroker-2] c.s.w.service.PlayerStatusHandler - Total Online Players: 0
2026-09-18 13:35:38 INFO  [WEBSOCKET,traceId=6aacf0d235bc284f85063db6ef3727b0,spanId=85063db6ef3727b0] [MessageBroker-2] c.s.w.service.PlayerStatusHandler - Total Online Players: 0
2026-09-18 13:35:38 INFO  [WEBSOCKET,traceId=6aacf0d2171dcf93c834897ebe77df75,spanId=c834897ebe77df75] [MessageBroker-2] c.s.w.service.PlayerStatusHandler - Total Online Players: 0
2026-09-18 13:35:38 INFO  [WEBSOCKET,traceId=6aacf0d227854567d39690c0d00952bf,spanId=d39690c0d00952bf] [MessageBroker-2] c.s.w.service.PlayerStatusHandler - Total Online Players: 0
2026-09-18 13:35:38 INFO  [WEBSOCKET,traceId=6aacf0d2b0224c6646f51f65689ee2a1,spanId=46f51f65689ee2a1] [MessageBroker-2] c.s.w.service.PlayerStatusHandler - Total Online Players: 0
2026-09-18 13:35:38 INFO  [WEBSOCKET,traceId=6aacf0d2fe02a68d1eb2a5fb284dfe4e,spanId=1eb2a5fb284dfe4e] [MessageBroker-2] c.s.w.service.PlayerStatusHandler - Total Online Players: 0
2026-09-18 13:35:38 INFO  [WEBSOCKET,traceId=6aacf0d2d538754999d615a5d75bc044,spanId=99d615a5d75bc044] [MessageBroker-2] c.s.w.service.PlayerStatusHandler - Total Online Players: 0
2026-09-18 13:35:38 INFO  [WEBSOCKET,traceId=6aacf0d21cdcf5ab483dd09654fd8a1f,spanId=483dd09654fd8a1f] [MessageBroker-2] c.s.w.service.PlayerStatusHandler - Total Online Players: 0
2026-09-18 13:35:38 INFO  [WEBSOCKET,traceId=6aacf0d2caccbd5d46bf52b85bb2eb2d,spanId=46bf52b85bb2eb2d] [MessageBroker-2] c.s.w.service.PlayerStatusHandler - Total Online Players: 0
2026-09-18 13:35:38 INFO  [WEBSOCKET,traceId=6aacf0d24da3574f2d6a3b8ca37451bb,spanId=2d6a3b8ca37451bb] [MessageBroker-2] c.s.w.service.PlayerStatusHandler - Total Online Players: 0
2026-09-18 13:35:38 INFO  [WEBSOCKET,traceId=6aacf0d2d3b537553bd7063203fb999e,spanId=3bd7063203fb999e] [MessageBroker-2] c.s.w.service.PlayerStatusHandler - Total Online Players: 0
2026-09-18 13:35:38 INFO  [WEBSOCKET,traceId=6aacf0d2d46baadd37d4e9402b421a7b,spanId=37d4e9402b421a7b] [MessageBroker-2] c.s.w.service.PlayerStatusHandler - Total Online Players: 0
2026-09-18 13:35:38 INFO  [WEBSOCKET,traceId=6aacf0d2cd58a18a60acbcc73ae15de3,spanId=60acbcc73ae15de3] [MessageBroker-2] c.s.w.service.PlayerStatusHandler - Total Online Players: 0
2026-09-18 13:35:38 INFO  [WEBSOCKET,traceId=6aacf0d246b286cac053a242159e77ef,spanId=c053a242159e77ef] [MessageBroker-2] c.s.w.service.PlayerStatusHandler - Total Online Players: 0
2026-09-18 13:35:38 INFO  [WEBSOCKET,traceId=6aacf0d21a20fc2165f395700dc04e1e,spanId=65f395700dc04e1e] [MessageBroker-3] c.s.w.service.PlayerStatusHandler - Total Online Players: 0
2026-09-18 13:35:38 INFO  [WEBSOCKET,traceId=6aacf0d22ad2d8068d72fb25d57dec3f,spanId=8d72fb25d57dec3f] [MessageBroker-3] c.s.w.service.PlayerStatusHandler - Total Online Players: 0
2026-09-18 13:35:38 INFO  [WEBSOCKET,traceId=6aacf0d23bdde21e1e9ea465b497653c,spanId=1e9ea465b497653c] [MessageBroker-3] c.s.w.service.PlayerStatusHandler - Total Online Players: 0
2026-09-18 13:35:38 INFO  [WEBSOCKET,traceId=6aacf0d2754633b993b86787b0b1062e,spanId=93b86787b0b1062e] [MessageBroker-3] c.s.w.service.PlayerStatusHandler - Total Online Players: 0
2026-09-18 13:35:38 INFO  [WEBSOCKET,traceId=6aacf0d28f6d9cabf45f29b5412f893f,spanId=f45f29b5412f893f] [MessageBroker-3] c.s.w.service.PlayerStatusHandler - Total Online Players: 0
2026-09-18 13:35:38 INFO  [WEBSOCKET,traceId=6aacf0d2b533132eb0cb152c81b58ed2,spanId=b0cb152c81b58ed2] [MessageBroker-3] c.s.w.service.PlayerStatusHandler - Total Online Players: 0
2026-09-18 13:35:38 INFO  [WEBSOCKET,traceId=6aacf0d26318169711581e9e112fa01d,spanId=11581e9e112fa01d] [MessageBroker-3] c.s.w.service.PlayerStatusHandler - Total Online Players: 0
2026-09-18 13:35:38 INFO  [WEBSOCKET,traceId=6aacf0d2387fd7453d16074ab9da8642,spanId=3d16074ab9da8642] [MessageBroker-3] c.s.w.service.PlayerStatusHandler - Total Online Players: 0
2026-09-18 13:35:38 INFO  [WEBSOCKET,traceId=6aacf0d2be239c21fd62b31c51bcd626,spanId=fd62b31c51bcd626] [MessageBroker-3] c.s.w.service.PlayerStatusHandler - Total Online Players: 0
2026-09-18 13:35:38 INFO  [WEBSOCKET,traceId=6aacf0d24806afec21919fd24cf5f58f,spanId=21919fd24cf5f58f] [MessageBroker-3] c.s.w.service.PlayerStatusHandler - Total Online Players: 0
2026-09-18 13:35:38 INFO  [WEBSOCKET,traceId=6aacf0d2c6bace07cbc8c2eadc946473,spanId=cbc8c2eadc946473] [MessageBroker-3] c.s.w.service.PlayerStatusHandler - Total Online Players: 0
2026-09-18 13:35:38 INFO  [WEBSOCKET,traceId=6aacf0d237294c2814c773ab3e7ac6b8,spanId=14c773ab3e7ac6b8] [MessageBroker-3] c.s.w.service.PlayerStatusHandler - Total Online Players: 0
2026-09-18 13:35:38 INFO  [WEBSOCKET,traceId=6aacf0d26b25fd1fd50ce582d33bf5c9,spanId=d50ce582d33bf5c9] [MessageBroker-3] c.s.w.service.PlayerStatusHandler - Total Online Players: 0
2026-09-18 13:35:38 INFO  [WEBSOCKET,traceId=6aacf0d29f19d9fa92bd864913cfc4ae,spanId=92bd864913cfc4ae] [MessageBroker-3] c.s.w.service.PlayerStatusHandler - Total Online Players: 0
2026-09-18 13:35:38 INFO  [WEBSOCKET,traceId=6aacf0d231e0a3d2fbee91073d0616d0,spanId=fbee91073d0616d0] [MessageBroker-3] c.s.w.service.PlayerStatusHandler - Total Online Players: 0
2026-09-18 13:35:38 INFO  [WEBSOCKET,traceId=6aacf0d2687507ef777036cbb3dafa17,spanId=777036cbb3dafa17] [MessageBroker-4] c.s.w.service.PlayerStatusHandler - Total Online Players: 0
2026-09-18 13:35:38 INFO  [WEBSOCKET,traceId=6aacf0d25bed6816c38dfc970b89a32c,spanId=c38dfc970b89a32c] [MessageBroker-4] c.s.w.service.PlayerStatusHandler - Total Online Players: 0
2026-09-18 13:35:38 INFO  [WEBSOCKET,traceId=6aacf0d29f6045d78afb96677016d9cf,spanId=8afb96677016d9cf] [MessageBroker-4] c.s.w.service.PlayerStatusHandler - Total Online Players: 0
2026-09-18 13:35:38 INFO  [WEBSOCKET,traceId=6aacf0d2c239e13ac9e98843846a5df9,spanId=c9e98843846a5df9] [MessageBroker-4] c.s.w.service.PlayerStatusHandler - Total Online Players: 0
2026-09-18 13:35:38 INFO  [WEBSOCKET,traceId=6aacf0d28dd4446a1e1e8abaa66896af,spanId=1e1e8abaa66896af] [MessageBroker-4] c.s.w.service.PlayerStatusHandler - Total Online Players: 0
2026-09-18 13:35:38 INFO  [WEBSOCKET,traceId=6aacf0d2a6f05a8d437084abe9d918de,spanId=437084abe9d918de] [MessageBroker-4] c.s.w.service.PlayerStatusHandler - Total Online Players: 0
2026-09-18 13:35:38 INFO  [WEBSOCKET,traceId=6aacf0d27e4e247cbef39184e25f623e,spanId=bef39184e25f623e] [MessageBroker-4] c.s.w.service.PlayerStatusHandler - Total Online Players: 0
2026-09-18 13:35:38 INFO  [WEBSOCKET,traceId=6aacf0d27e5dce0f0ad787b716fea663,spanId=0ad787b716fea663] [MessageBroker-4] c.s.w.service.PlayerStatusHandler - Total Online Players: 0
2026-09-18 13:35:38 INFO  [WEBSOCKET,traceId=6aacf0d20c9e37908e8963555758818c,spanId=8e8963555758818c] [MessageBroker-4] c.s.w.service.PlayerStatusHandler - Total Online Players: 0
2026-09-18 13:35:38 INFO  [WEBSOCKET,traceId=6aacf0d2168656b7b36be1b72f30995e,spanId=b36be1b72f30995e] [MessageBroker-4] c.s.w.service.PlayerStatusHandler - Total Online Players: 0
2026-09-18 13:35:38 INFO  [WEBSOCKET,traceId=6aacf0d2aad3ea7c29215981e8a95663,spanId=29215981e8a95663] [MessageBroker-4] c.s.w.service.PlayerStatusHandler - Total Online Players: 0
2026-09-18 13:35:38 INFO  [WEBSOCKET,traceId=6aacf0d28f998507e2701fbdbedf0851,spanId=e2701fbdbedf0851] [MessageBroker-4] c.s.w.service.PlayerStatusHandler - Total Online Players: 0
2026-09-18 13:35:38 INFO  [WEBSOCKET,traceId=6aacf0d2366aabb724e4a7a9d8391ecb,spanId=24e4a7a9d8391ecb] [MessageBroker-4] c.s.w.service.PlayerStatusHandler - Total Online Players: 0
2026-09-18 13:35:38 INFO  [WEBSOCKET,traceId=6aacf0d2fbcd98cc572ed261106991d9,spanId=572ed261106991d9] [MessageBroker-4] c.s.w.service.PlayerStatusHandler - Total Online Players: 0
2026-09-18 13:35:38 INFO  [WEBSOCKET,traceId=6aacf0d28da646344da1c210182c35f2,spanId=4da1c210182c35f2] [MessageBroker-4] c.s.w.service.PlayerStatusHandler - Total Online Players: 0
2026-09-18 13:35:38 INFO  [WEBSOCKET,traceId=6aacf0d2eadf17294a5b73cf86e25005,spanId=4a5b73cf86e25005] [MessageBroker-4] c.s.w.service.PlayerStatusHandler - Total Online Players: 0
2026-09-18 13:35:38 INFO  [WEBSOCKET,traceId=6aacf0d2f02fd779a3be8da97e3896f9,spanId=a3be8da97e3896f9] [MessageBroker-4] c.s.w.service.PlayerStatusHandler - Total Online Players: 0
2026-09-18 13:35:38 INFO  [WEBSOCKET,traceId=6aacf0d2dc1824393ba623cbb794a659,spanId=3ba623cbb794a659] [MessageBroker-4] c.s.w.service.PlayerStatusHandler - Total Online Players: 0
2026-09-18 13:35:38 INFO  [WEBSOCKET,traceId=6aacf0d2c958f94bb6e1c03867495ab5,spanId=b6e1c03867495ab5] [MessageBroker-4] c.s.w.service.PlayerStatusHandler - Total Online Players: 0
2026-09-18 13:35:38 INFO  [WEBSOCKET,traceId=6aacf0d2824c04236d29f12f210446ab,spanId=6d29f12f210446ab] [MessageBroker-2] c.s.w.service.PlayerStatusHandler - Total Online Players: 0
2026-09-18 13:35:38 INFO  [WEBSOCKET,traceId=6aacf0d2f4fd5642d82ed84cb9976c09,spanId=d82ed84cb9976c09] [MessageBroker-2] c.s.w.service.PlayerStatusHandler - Total Online Players: 0
2026-09-18 13:35:38 INFO  [WEBSOCKET,traceId=6aacf0d2b4ad0b46184ab2b364adb6a7,spanId=184ab2b364adb6a7] [MessageBroker-2] c.s.w.service.PlayerStatusHandler - Total Online Players: 0
2026-09-18 13:35:38 INFO  [WEBSOCKET,traceId=6aacf0d2840b9e557bd2856fe9ca4952,spanId=7bd2856fe9ca4952] [MessageBroker-2] c.s.w.service.PlayerStatusHandler - Total Online Players: 0
2026-09-18 13:35:38 INFO  [WEBSOCKET,traceId=6aacf0d2f8fc3390440f8a94daf8b4b6,spanId=440f8a94daf8b4b6] [MessageBroker-2] c.s.w.service.PlayerStatusHandler - Total Online Players: 0
2026-09-18 13:35:38 INFO  [WEBSOCKET,traceId=6aacf0d26c234111522be4e788207fab,spanId=522be4e788207fab] [MessageBroker-2] c.s.w.service.PlayerStatusHandler - Total Online Players: 0
2026-09-18 13:35:38 INFO  [WEBSOCKET,traceId=6aacf0d2958294291f3eb7ee0c3682d0,spanId=1f3eb7ee0c3682d0] [MessageBroker-2] c.s.w.service.PlayerStatusHandler - Total Online Players: 0
2026-09-18 13:35:38 INFO  [WEBSOCKET,traceId=6aacf0d2f90018597d1fca17b9926d61,spanId=7d1fca17b9926d61] [MessageBroker-2] c.s.w.service.PlayerStatusHandler - Total Online Players: 0
2026-09-18 13:35:38 INFO  [WEBSOCKET,traceId=6aacf0d2289f74400b7a86c0806aaeef,spanId=0b7a86c0806aaeef] [MessageBroker-2] c.s.w.service.PlayerStatusHandler - Total Online Players: 0
2026-09-18 13:35:38 INFO  [WEBSOCKET,traceId=6aacf0d2422cf2e6f3c7b8932c9646f5,spanId=f3c7b8932c9646f5] [MessageBroker-2] c.s.w.service.PlayerStatusHandler - Total Online Players: 0
2026-09-18 13:35:38 INFO  [WEBSOCKET,traceId=6aacf0d2fb104419322aadc98f0cf647,spanId=322aadc98f0cf647] [MessageBroker-1] c.s.w.service.PlayerStatusHandler - Total Online Players: 0
2026-09-18 13:35:38 INFO  [WEBSOCKET,traceId=6aacf0d2e4ebd531c64253eda89e4aa0,spanId=c64253eda89e4aa0] [MessageBroker-1] c.s.w.service.PlayerStatusHandler - Total Online Players: 0
2026-09-18 13:35:38 INFO  [WEBSOCKET,traceId=6aacf0d25f60dbd8aca2e5bca9b33a74,spanId=aca2e5bca9b33a74] [MessageBroker-1] c.s.w.service.PlayerStatusHandler - Total Online Players: 0
2026-09-18 13:35:38 INFO  [WEBSOCKET,traceId=6aacf0d2621e40c0c28dc362914b03d9,spanId=c28dc362914b03d9] [MessageBroker-1] c.s.w.service.PlayerStatusHandler - Total Online Players: 0
2026-09-18 13:35:38 INFO  [WEBSOCKET,traceId=6aacf0d23dd6f994c38a1ec3946d49b7,spanId=c38a1ec3946d49b7] [MessageBroker-1] c.s.w.service.PlayerStatusHandler - Total Online Players: 0
2026-09-18 13:35:38 INFO  [WEBSOCKET,traceId=6aacf0d21adee9449b24a8303ca9b516,spanId=9b24a8303ca9b516] [MessageBroker-1] c.s.w.service.PlayerStatusHandler - Total Online Players: 0
2026-09-18 13:35:38 INFO  [WEBSOCKET,traceId=6aacf0d20840a2af9869cedcc90b6187,spanId=9869cedcc90b6187] [MessageBroker-3] c.s.w.service.PlayerStatusHandler - Total Online Players: 0
2026-09-18 13:35:38 INFO  [WEBSOCKET,traceId=6aacf0d2720cd9f457b81fc29880b686,spanId=57b81fc29880b686] [MessageBroker-3] c.s.w.service.PlayerStatusHandler - Total Online Players: 0
2026-09-18 13:35:38 INFO  [WEBSOCKET,traceId=6aacf0d21a8af0cd357ac2a78d0adbc3,spanId=357ac2a78d0adbc3] [MessageBroker-3] c.s.w.service.PlayerStatusHandler - Total Online Players: 0
2026-09-18 13:35:38 INFO  [WEBSOCKET,traceId=6aacf0d29d7c08b95675f3695d1352c7,spanId=5675f3695d1352c7] [MessageBroker-3] c.s.w.service.PlayerStatusHandler - Total Online Players: 0
2026-09-18 13:35:38 INFO  [WEBSOCKET,traceId=6aacf0d2beefe6f22d7f4ea537af330b,spanId=2d7f4ea537af330b] [MessageBroker-3] c.s.w.service.PlayerStatusHandler - Total Online Players: 0
2026-09-18 13:35:38 INFO  [WEBSOCKET,traceId=6aacf0d229f5e18ce13b03f2ccb8ff09,spanId=e13b03f2ccb8ff09] [MessageBroker-3] c.s.w.service.PlayerStatusHandler - Total Online Players: 0
2026-09-18 13:35:38 INFO  [WEBSOCKET,traceId=6aacf0d2dda922d0048d703f8062ce24,spanId=048d703f8062ce24] [MessageBroker-3] c.s.w.service.PlayerStatusHandler - Total Online Players: 0
2026-09-18 13:35:38 INFO  [WEBSOCKET,traceId=6aacf0d22420aa45522961424871f01c,spanId=522961424871f01c] [MessageBroker-3] c.s.w.service.PlayerStatusHandler - Total Online Players: 0
2026-09-18 13:35:38 INFO  [WEBSOCKET,traceId=6aacf0d25b5e80661176d654023dde88,spanId=1176d654023dde88] [MessageBroker-3] c.s.w.service.PlayerStatusHandler - Total Online Players: 0
2026-09-18 13:35:38 INFO  [WEBSOCKET,traceId=6aacf0d2e8747b3ac3f1a4c1e7ce327f,spanId=c3f1a4c1e7ce327f] [MessageBroker-3] c.s.w.service.PlayerStatusHandler - Total Online Players: 0
2026-09-18 13:35:38 INFO  [WEBSOCKET,traceId=6aacf0d2074d5a00d2d47d6ec1d00555,spanId=d2d47d6ec1d00555] [MessageBroker-3] c.s.w.service.PlayerStatusHandler - Total Online Players: 0
2026-09-18 13:35:38 INFO  [WEBSOCKET,traceId=6aacf0d2ae9eb343b515fbe3f06745c8,spanId=b515fbe3f06745c8] [MessageBroker-3] c.s.w.service.PlayerStatusHandler - Total Online Players: 0
2026-09-18 13:35:38 INFO  [WEBSOCKET,traceId=6aacf0d2f18fa8d13661e5db81258e69,spanId=3661e5db81258e69] [MessageBroker-3] c.s.w.service.PlayerStatusHandler - Total Online Players: 0
2026-09-18 13:35:38 INFO  [WEBSOCKET,traceId=6aacf0d267adfe53586ee82b778fb5d6,spanId=586ee82b778fb5d6] [MessageBroker-3] c.s.w.service.PlayerStatusHandler - Total Online Players: 0
2026-09-18 13:35:38 INFO  [WEBSOCKET,traceId=6aacf0d2b4468ed35d8d411e26652b50,spanId=5d8d411e26652b50] [MessageBroker-3] c.s.w.service.PlayerStatusHandler - Total Online Players: 0
2026-09-18 13:35:38 INFO  [WEBSOCKET,traceId=6aacf0d21bcfb6d776cc88598bd219d6,spanId=76cc88598bd219d6] [MessageBroker-3] c.s.w.service.PlayerStatusHandler - Total Online Players: 0
2026-09-18 13:35:38 INFO  [WEBSOCKET,traceId=6aacf0d2175cd9019cc7625b811a19a3,spanId=9cc7625b811a19a3] [MessageBroker-4] c.s.w.service.PlayerStatusHandler - Total Online Players: 0
2026-09-18 13:35:38 INFO  [WEBSOCKET,traceId=6aacf0d2270853f08d4fb33b3f19ba90,spanId=8d4fb33b3f19ba90] [MessageBroker-4] c.s.w.service.PlayerStatusHandler - Total Online Players: 0
2026-09-18 13:35:38 INFO  [WEBSOCKET,traceId=6aacf0d2f3a7c7c96b74e9d2beff0199,spanId=6b74e9d2beff0199] [MessageBroker-4] c.s.w.service.PlayerStatusHandler - Total Online Players: 0
2026-09-18 13:35:38 INFO  [WEBSOCKET,traceId=6aacf0d2c25432b4cbcd87a22fc21d5c,spanId=cbcd87a22fc21d5c] [MessageBroker-4] c.s.w.service.PlayerStatusHandler - Total Online Players: 0
2026-09-18 13:35:38 INFO  [WEBSOCKET,traceId=6aacf0d2c4d42206531f504d8f42fb8f,spanId=531f504d8f42fb8f] [MessageBroker-4] c.s.w.service.PlayerStatusHandler - Total Online Players: 0
2026-09-18 13:35:38 INFO  [WEBSOCKET,traceId=6aacf0d29999af1549def55fdd7fea41,spanId=49def55fdd7fea41] [MessageBroker-4] c.s.w.service.PlayerStatusHandler - Total Online Players: 0
2026-09-18 13:35:38 INFO  [WEBSOCKET,traceId=6aacf0d2524842421e92f4a9e22e9462,spanId=1e92f4a9e22e9462] [MessageBroker-4] c.s.w.service.PlayerStatusHandler - Total Online Players: 0
2026-09-18 13:35:38 INFO  [WEBSOCKET,traceId=6aacf0d2c3ae27d88507685163e28a8e,spanId=8507685163e28a8e] [MessageBroker-4] c.s.w.service.PlayerStatusHandler - Total Online Players: 0
2026-09-18 13:35:38 INFO  [WEBSOCKET,traceId=6aacf0d2379a668e97c02d70f4f24cb8,spanId=97c02d70f4f24cb8] [MessageBroker-4] c.s.w.service.PlayerStatusHandler - Total Online Players: 0
2026-09-18 13:35:38 INFO  [WEBSOCKET,traceId=6aacf0d28d35c9b88fe4a99a7f12e790,spanId=8fe4a99a7f12e790] [MessageBroker-4] c.s.w.service.PlayerStatusHandler - Total Online Players: 0
2026-09-18 13:35:38 INFO  [WEBSOCKET,traceId=6aacf0d26374e920dbd965326ce8484d,spanId=dbd965326ce8484d] [MessageBroker-4] c.s.w.service.PlayerStatusHandler - Total Online Players: 0
2026-09-18 13:35:38 INFO  [WEBSOCKET,traceId=6aacf0d2ee1e16b7fe375c34993b5ba0,spanId=fe375c34993b5ba0] [MessageBroker-4] c.s.w.service.PlayerStatusHandler - Total Online Players: 0
2026-09-18 13:35:38 INFO  [WEBSOCKET,traceId=6aacf0d20e3d05f16f109f2361338cc1,spanId=6f109f2361338cc1] [MessageBroker-4] c.s.w.service.PlayerStatusHandler - Total Online Players: 0
2026-09-18 13:35:38 INFO  [WEBSOCKET,traceId=6aacf0d23a007ba66f0a6718f8ad322c,spanId=6f0a6718f8ad322c] [MessageBroker-4] c.s.w.service.PlayerStatusHandler - Total Online Players: 0
2026-09-18 13:35:38 INFO  [WEBSOCKET,traceId=6aacf0d2a82ae6c26512afc01634f8d8,spanId=6512afc01634f8d8] [MessageBroker-4] c.s.w.service.PlayerStatusHandler - Total Online Players: 0
2026-09-18 13:35:38 INFO  [WEBSOCKET,traceId=6aacf0d265fe80ca5d84afaf487b102d,spanId=5d84afaf487b102d] [MessageBroker-4] c.s.w.service.PlayerStatusHandler - Total Online Players: 0
2026-09-18 13:35:38 INFO  [WEBSOCKET,traceId=6aacf0d2f54ca5eec720101040c0f275,spanId=c720101040c0f275] [MessageBroker-4] c.s.w.service.PlayerStatusHandler - Total Online Players: 0
2026-09-18 13:35:38 INFO  [WEBSOCKET,traceId=6aacf0d2e13d2093a458528e9eeb3a61,spanId=a458528e9eeb3a61] [MessageBroker-4] c.s.w.service.PlayerStatusHandler - Total Online Players: 0
2026-09-18 13:35:38 INFO  [WEBSOCKET,traceId=6aacf0d27bc3b61f37027f8594f1bdd3,spanId=37027f8594f1bdd3] [MessageBroker-4] c.s.w.service.PlayerStatusHandler - Total Online Players: 0
2026-09-18 13:35:38 INFO  [WEBSOCKET,traceId=6aacf0d2257ba313eba192dedfa57f32,spanId=eba192dedfa57f32] [MessageBroker-3] c.s.w.service.PlayerStatusHandler - Total Online Players: 0
2026-09-18 13:35:38 INFO  [WEBSOCKET,traceId=6aacf0d2c5536d33790d1035764a799b,spanId=790d1035764a799b] [MessageBroker-3] c.s.w.service.PlayerStatusHandler - Total Online Players: 0
2026-09-18 13:35:38 INFO  [WEBSOCKET,traceId=6aacf0d24f4ce49f5466f27862832f29,spanId=5466f27862832f29] [MessageBroker-3] c.s.w.service.PlayerStatusHandler - Total Online Players: 0
2026-09-18 13:35:38 INFO  [WEBSOCKET,traceId=6aacf0d25c583de1408b3ba71abdaf8a,spanId=408b3ba71abdaf8a] [MessageBroker-3] c.s.w.service.PlayerStatusHandler - Total Online Players: 0
2026-09-18 13:35:38 INFO  [WEBSOCKET,traceId=6aacf0d2588e2257d3dbcc8fc5ee8538,spanId=d3dbcc8fc5ee8538] [MessageBroker-3] c.s.w.service.PlayerStatusHandler - Total Online Players: 0
2026-09-18 13:35:38 INFO  [WEBSOCKET,traceId=6aacf0d20ef911268f5c38000eea155d,spanId=8f5c38000eea155d] [MessageBroker-3] c.s.w.service.PlayerStatusHandler - Total Online Players: 0
2026-09-18 13:35:38 INFO  [WEBSOCKET,traceId=6aacf0d287c5dbf9a101a11fa1420fb5,spanId=a101a11fa1420fb5] [MessageBroker-3] c.s.w.service.PlayerStatusHandler - Total Online Players: 0
2026-09-18 13:35:38 INFO  [WEBSOCKET,traceId=6aacf0d2316bf7e183058b3ea6d3f951,spanId=83058b3ea6d3f951] [MessageBroker-3] c.s.w.service.PlayerStatusHandler - Total Online Players: 0
2026-09-18 13:35:38 INFO  [WEBSOCKET,traceId=6aacf0d2a9ce19357412a8897b653e4a,spanId=7412a8897b653e4a] [MessageBroker-3] c.s.w.service.PlayerStatusHandler - Total Online Players: 0
2026-09-18 13:35:38 INFO  [WEBSOCKET,traceId=6aacf0d27f69b96545c522c7c6df396d,spanId=45c522c7c6df396d] [MessageBroker-3] c.s.w.service.PlayerStatusHandler - Total Online Players: 0
2026-09-18 13:35:38 INFO  [WEBSOCKET,traceId=6aacf0d2bb985bfada09cbef59288037,spanId=da09cbef59288037] [MessageBroker-3] c.s.w.service.PlayerStatusHandler - Total Online Players: 0
2026-09-18 13:35:38 INFO  [WEBSOCKET,traceId=6aacf0d20deef60eea4d47fd537e35db,spanId=ea4d47fd537e35db] [MessageBroker-3] c.s.w.service.PlayerStatusHandler - Total Online Players: 0
2026-09-18 13:35:38 INFO  [WEBSOCKET,traceId=6aacf0d2d52ed7ca9c39934085ddd220,spanId=9c39934085ddd220] [MessageBroker-3] c.s.w.service.PlayerStatusHandler - Total Online Players: 0
2026-09-18 13:35:38 INFO  [WEBSOCKET,traceId=6aacf0d2cc5b6854c3a5fdd01eb28423,spanId=c3a5fdd01eb28423] [MessageBroker-3] c.s.w.service.PlayerStatusHandler - Total Online Players: 0
2026-09-18 13:35:38 INFO  [WEBSOCKET,traceId=6aacf0d21192c6ea3e7f638e16695dfc,spanId=3e7f638e16695dfc] [MessageBroker-4] c.s.w.service.PlayerStatusHandler - Total Online Players: 0
2026-09-18 13:35:38 INFO  [WEBSOCKET,traceId=6aacf0d29b2449370117a435265bc85c,spanId=0117a435265bc85c] [MessageBroker-4] c.s.w.service.PlayerStatusHandler - Total Online Players: 0
2026-09-18 13:35:38 INFO  [WEBSOCKET,traceId=6aacf0d274016b721e55acef4141e9c3,spanId=1e55acef4141e9c3] [MessageBroker-4] c.s.w.service.PlayerStatusHandler - Total Online Players: 0
2026-09-18 13:35:38 INFO  [WEBSOCKET,traceId=6aacf0d2f9527db07d176abb5c8670a6,spanId=7d176abb5c8670a6] [MessageBroker-4] c.s.w.service.PlayerStatusHandler - Total Online Players: 0
2026-09-18 13:35:38 INFO  [WEBSOCKET,traceId=6aacf0d28c3522155edd8dbd46856230,spanId=5edd8dbd46856230] [MessageBroker-4] c.s.w.service.PlayerStatusHandler - Total Online Players: 0
2026-09-18 13:35:38 INFO  [WEBSOCKET,traceId=6aacf0d2dd3adda36b029cef196d88f0,spanId=6b029cef196d88f0] [MessageBroker-4] c.s.w.service.PlayerStatusHandler - Total Online Players: 0
2026-09-18 13:35:38 INFO  [WEBSOCKET,traceId=6aacf0d2d375a1588a11566a68ed9f4a,spanId=8a11566a68ed9f4a] [MessageBroker-4] c.s.w.service.PlayerStatusHandler - Total Online Players: 0
2026-09-18 13:35:38 INFO  [WEBSOCKET,traceId=6aacf0d27ae0b902da465c128f3b0cae,spanId=da465c128f3b0cae] [MessageBroker-4] c.s.w.service.PlayerStatusHandler - Total Online Players: 0
2026-09-18 13:35:38 INFO  [WEBSOCKET,traceId=6aacf0d21e953e90bc9768b779df7db8,spanId=bc9768b779df7db8] [MessageBroker-4] c.s.w.service.PlayerStatusHandler - Total Online Players: 0
2026-09-18 13:35:38 INFO  [WEBSOCKET,traceId=6aacf0d288525af9c7767eb0fa3089f7,spanId=c7767eb0fa3089f7] [MessageBroker-4] c.s.w.service.PlayerStatusHandler - Total Online Players: 0
2026-09-18 13:35:38 INFO  [WEBSOCKET,traceId=6aacf0d2f8225afdc8f0e16a93054074,spanId=c8f0e16a93054074] [MessageBroker-4] c.s.w.service.PlayerStatusHandler - Total Online Players: 0
2026-09-18 13:35:38 INFO  [WEBSOCKET,traceId=6aacf0d2eb63ca8a68e497991cb7646e,spanId=68e497991cb7646e] [MessageBroker-4] c.s.w.service.PlayerStatusHandler - Total Online Players: 0
2026-09-18 13:35:38 INFO  [WEBSOCKET,traceId=6aacf0d2c6a388354befda086b84a8c4,spanId=4befda086b84a8c4] [MessageBroker-4] c.s.w.service.PlayerStatusHandler - Total Online Players: 0
2026-09-18 13:35:38 INFO  [WEBSOCKET,traceId=6aacf0d29af4584f8896becfd2f71fb5,spanId=8896becfd2f71fb5] [MessageBroker-4] c.s.w.service.PlayerStatusHandler - Total Online Players: 0
2026-09-18 13:35:38 INFO  [WEBSOCKET,traceId=6aacf0d22faa55962436f30d9eba0a77,spanId=2436f30d9eba0a77] [MessageBroker-4] c.s.w.service.PlayerStatusHandler - Total Online Players: 0
2026-09-18 13:35:38 INFO  [WEBSOCKET,traceId=6aacf0d29c0ca341a70fee8b64fc351f,spanId=a70fee8b64fc351f] [MessageBroker-4] c.s.w.service.PlayerStatusHandler - Total Online Players: 0
2026-09-18 13:35:38 INFO  [WEBSOCKET,traceId=6aacf0d2e76304df0f0885f116f5fb1e,spanId=0f0885f116f5fb1e] [MessageBroker-1] c.s.w.service.PlayerStatusHandler - Total Online Players: 0
2026-09-18 13:35:38 INFO  [WEBSOCKET,traceId=6aacf0d23de4bf679f4a8a974b41c707,spanId=9f4a8a974b41c707] [MessageBroker-1] c.s.w.service.PlayerStatusHandler - Total Online Players: 0
2026-09-18 13:35:38 INFO  [WEBSOCKET,traceId=6aacf0d21ff3cb48ce1d25037ae336e2,spanId=ce1d25037ae336e2] [MessageBroker-1] c.s.w.service.PlayerStatusHandler - Total Online Players: 0
2026-09-18 13:35:38 INFO  [WEBSOCKET,traceId=6aacf0d2c70c492d2ddba424fe94abb9,spanId=2ddba424fe94abb9] [MessageBroker-1] c.s.w.service.PlayerStatusHandler - Total Online Players: 0
2026-09-18 13:35:38 INFO  [WEBSOCKET,traceId=6aacf0d244ba25b8489d51f1777dd6cf,spanId=489d51f1777dd6cf] [MessageBroker-1] c.s.w.service.PlayerStatusHandler - Total Online Players: 0
2026-09-18 13:35:38 INFO  [WEBSOCKET,traceId=6aacf0d27a9f254acade68a5f8a055dc,spanId=cade68a5f8a055dc] [MessageBroker-1] c.s.w.service.PlayerStatusHandler - Total Online Players: 0
2026-09-18 13:35:38 INFO  [WEBSOCKET,traceId=6aacf0d2b161f1fca739715afcb869b0,spanId=a739715afcb869b0] [MessageBroker-1] c.s.w.service.PlayerStatusHandler - Total Online Players: 0
2026-09-18 13:35:38 INFO  [WEBSOCKET,traceId=6aacf0d2f28eba628e7937671d6bdeaa,spanId=8e7937671d6bdeaa] [MessageBroker-1] c.s.w.service.PlayerStatusHandler - Total Online Players: 0
2026-09-18 13:35:38 INFO  [WEBSOCKET,traceId=6aacf0d23c5c31986fdbd0731dba3a6b,spanId=6fdbd0731dba3a6b] [MessageBroker-3] c.s.w.service.PlayerStatusHandler - Total Online Players: 0
2026-09-18 13:35:38 INFO  [WEBSOCKET,traceId=6aacf0d2c12ea2bf3a3f32f7969eeb2f,spanId=3a3f32f7969eeb2f] [MessageBroker-3] c.s.w.service.PlayerStatusHandler - Total Online Players: 0
2026-09-18 13:35:38 INFO  [WEBSOCKET,traceId=6aacf0d295a3990bdf8fbf7537a39f97,spanId=df8fbf7537a39f97] [MessageBroker-3] c.s.w.service.PlayerStatusHandler - Total Online Players: 0
2026-09-18 13:35:38 INFO  [WEBSOCKET,traceId=6aacf0d2205c91b8c5b21f6d0e0eee6d,spanId=c5b21f6d0e0eee6d] [MessageBroker-3] c.s.w.service.PlayerStatusHandler - Total Online Players: 0
2026-09-18 13:35:38 INFO  [WEBSOCKET,traceId=6aacf0d2b7913a790b63692590d963b2,spanId=0b63692590d963b2] [MessageBroker-3] c.s.w.service.PlayerStatusHandler - Total Online Players: 0
2026-09-18 13:35:38 INFO  [WEBSOCKET,traceId=6aacf0d2f9a50a80c62ea62a57339869,spanId=c62ea62a57339869] [MessageBroker-3] c.s.w.service.PlayerStatusHandler - Total Online Players: 0
2026-09-18 13:35:38 INFO  [WEBSOCKET,traceId=6aacf0d25d2bfba01433dd03c99e5b58,spanId=1433dd03c99e5b58] [MessageBroker-3] c.s.w.service.PlayerStatusHandler - Total Online Players: 0
2026-09-18 13:35:38 INFO  [WEBSOCKET,traceId=6aacf0d272d8fc01689f491b48374dd8,spanId=689f491b48374dd8] [MessageBroker-3] c.s.w.service.PlayerStatusHandler - Total Online Players: 0
2026-09-18 13:35:38 INFO  [WEBSOCKET,traceId=6aacf0d29658e66b941c3e8c6e145bec,spanId=941c3e8c6e145bec] [MessageBroker-3] c.s.w.service.PlayerStatusHandler - Total Online Players: 0
2026-09-18 13:35:38 INFO  [WEBSOCKET,traceId=6aacf0d2afea8d1b8cf3cd527076f92e,spanId=8cf3cd527076f92e] [MessageBroker-3] c.s.w.service.PlayerStatusHandler - Total Online Players: 0
2026-09-18 13:35:38 INFO  [WEBSOCKET,traceId=6aacf0d2e1006c24d99fb2f52b029ce3,spanId=d99fb2f52b029ce3] [MessageBroker-3] c.s.w.service.PlayerStatusHandler - Total Online Players: 0
2026-09-18 13:35:38 INFO  [WEBSOCKET,traceId=6aacf0d2a7be350d84d4077c71cd9888,spanId=84d4077c71cd9888] [MessageBroker-3] c.s.w.service.PlayerStatusHandler - Total Online Players: 0
2026-09-18 13:35:38 INFO  [WEBSOCKET,traceId=6aacf0d2a8e995bb02372f83b9794ef5,spanId=02372f83b9794ef5] [MessageBroker-3] c.s.w.service.PlayerStatusHandler - Total Online Players: 0
2026-09-18 13:35:38 INFO  [WEBSOCKET,traceId=6aacf0d24e3e13576ef0d501d47e6cb5,spanId=6ef0d501d47e6cb5] [MessageBroker-3] c.s.w.service.PlayerStatusHandler - Total Online Players: 0
2026-09-18 13:35:38 INFO  [WEBSOCKET,traceId=6aacf0d2c64cc632dd55605a7b79c467,spanId=dd55605a7b79c467] [MessageBroker-3] c.s.w.service.PlayerStatusHandler - Total Online Players: 0
2026-09-18 13:35:38 INFO  [WEBSOCKET,traceId=6aacf0d2de9e6db543ecc557c3e29530,spanId=43ecc557c3e29530] [MessageBroker-3] c.s.w.service.PlayerStatusHandler - Total Online Players: 0
2026-09-18 13:35:38 INFO  [WEBSOCKET,traceId=6aacf0d2b99455953f0ce4664661dfe7,spanId=3f0ce4664661dfe7] [MessageBroker-3] c.s.w.service.PlayerStatusHandler - Total Online Players: 0
2026-09-18 13:35:38 INFO  [WEBSOCKET,traceId=6aacf0d23f42f7108ee9c6d54550bb63,spanId=8ee9c6d54550bb63] [MessageBroker-3] c.s.w.service.PlayerStatusHandler - Total Online Players: 0
2026-09-18 13:35:38 INFO  [WEBSOCKET,traceId=6aacf0d23ab1be199bc7e54d7535f1f6,spanId=9bc7e54d7535f1f6] [MessageBroker-1] c.s.w.service.PlayerStatusHandler - Total Online Players: 0
2026-09-18 13:35:38 INFO  [WEBSOCKET,traceId=6aacf0d2a5d686b8d6a181737add9c96,spanId=d6a181737add9c96] [MessageBroker-1] c.s.w.service.PlayerStatusHandler - Total Online Players: 0
2026-09-18 13:35:38 INFO  [WEBSOCKET,traceId=6aacf0d2ab13ec4c625971959d257aeb,spanId=625971959d257aeb] [MessageBroker-1] c.s.w.service.PlayerStatusHandler - Total Online Players: 0
2026-09-18 13:35:38 INFO  [WEBSOCKET,traceId=6aacf0d2f3de4fa428cd26433b2564dd,spanId=28cd26433b2564dd] [MessageBroker-1] c.s.w.service.PlayerStatusHandler - Total Online Players: 0
2026-09-18 13:35:38 INFO  [WEBSOCKET,traceId=6aacf0d2782f78428dab3e2b27a48215,spanId=8dab3e2b27a48215] [MessageBroker-1] c.s.w.service.PlayerStatusHandler - Total Online Players: 0
2026-09-18 13:35:38 INFO  [WEBSOCKET,traceId=6aacf0d2004b7137292db1dba99a0868,spanId=292db1dba99a0868] [MessageBroker-1] c.s.w.service.PlayerStatusHandler - Total Online Players: 0
2026-09-18 13:35:38 INFO  [WEBSOCKET,traceId=6aacf0d26c37d16bdcf58809b56b72ea,spanId=dcf58809b56b72ea] [MessageBroker-1] c.s.w.service.PlayerStatusHandler - Total Online Players: 0
2026-09-18 13:35:38 INFO  [WEBSOCKET,traceId=6aacf0d28ab5a8b1f33cea906a14d879,spanId=f33cea906a14d879] [MessageBroker-1] c.s.w.service.PlayerStatusHandler - Total Online Players: 0
2026-09-18 13:35:38 INFO  [WEBSOCKET,traceId=6aacf0d283cc60e91d41ea98b0b6cb1a,spanId=1d41ea98b0b6cb1a] [MessageBroker-1] c.s.w.service.PlayerStatusHandler - Total Online Players: 0
2026-09-18 13:35:38 INFO  [WEBSOCKET,traceId=6aacf0d2eaaec49472484dc8d70c5c9d,spanId=72484dc8d70c5c9d] [MessageBroker-1] c.s.w.service.PlayerStatusHandler - Total Online Players: 0
2026-09-18 13:35:38 INFO  [WEBSOCKET,traceId=6aacf0d2186f93fc2358ac73206fac5c,spanId=2358ac73206fac5c] [MessageBroker-1] c.s.w.service.PlayerStatusHandler - Total Online Players: 0
2026-09-18 13:35:38 INFO  [WEBSOCKET,traceId=6aacf0d2c135f43734a735c0ca387ef1,spanId=34a735c0ca387ef1] [MessageBroker-1] c.s.w.service.PlayerStatusHandler - Total Online Players: 0
2026-09-18 13:35:38 INFO  [WEBSOCKET,traceId=6aacf0d2e27148a2182096b6d891ee5f,spanId=182096b6d891ee5f] [MessageBroker-3] c.s.w.service.PlayerStatusHandler - Total Online Players: 0
2026-09-18 13:35:38 INFO  [WEBSOCKET,traceId=6aacf0d22730efb9cc4eb7610313eb52,spanId=cc4eb7610313eb52] [MessageBroker-3] c.s.w.service.PlayerStatusHandler - Total Online Players: 0
2026-09-18 13:35:38 INFO  [WEBSOCKET,traceId=6aacf0d2154b928e3f9f995de7a76b33,spanId=3f9f995de7a76b33] [MessageBroker-3] c.s.w.service.PlayerStatusHandler - Total Online Players: 0
2026-09-18 13:35:38 INFO  [WEBSOCKET,traceId=6aacf0d26a2b722fee3461459928372f,spanId=ee3461459928372f] [MessageBroker-3] c.s.w.service.PlayerStatusHandler - Total Online Players: 0
2026-09-18 13:35:38 INFO  [WEBSOCKET,traceId=6aacf0d2a9a7ba7f92b0a49da00c5fff,spanId=92b0a49da00c5fff] [MessageBroker-3] c.s.w.service.PlayerStatusHandler - Total Online Players: 0
2026-09-18 13:35:38 INFO  [WEBSOCKET,traceId=6aacf0d22e660afaf75ec5043714935f,spanId=f75ec5043714935f] [MessageBroker-3] c.s.w.service.PlayerStatusHandler - Total Online Players: 0
2026-09-18 13:35:38 INFO  [WEBSOCKET,traceId=6aacf0d2f0ca5f147b79fa75dffc3553,spanId=7b79fa75dffc3553] [MessageBroker-3] c.s.w.service.PlayerStatusHandler - Total Online Players: 0
2026-09-18 13:35:38 INFO  [WEBSOCKET,traceId=6aacf0d2046c02685e67a716177b491c,spanId=5e67a716177b491c] [MessageBroker-3] c.s.w.service.PlayerStatusHandler - Total Online Players: 0
2026-09-18 13:35:38 INFO  [WEBSOCKET,traceId=6aacf0d27ed4ee9c0810460607c447b4,spanId=0810460607c447b4] [MessageBroker-3] c.s.w.service.PlayerStatusHandler - Total Online Players: 0
2026-09-18 13:35:38 INFO  [WEBSOCKET,traceId=6aacf0d22b4b455acc6c058f8eb6402e,spanId=cc6c058f8eb6402e] [MessageBroker-3] c.s.w.service.PlayerStatusHandler - Total Online Players: 0
2026-09-18 13:35:38 INFO  [WEBSOCKET,traceId=6aacf0d2ce5806afd2ebea0e7dbd9a7d,spanId=d2ebea0e7dbd9a7d] [MessageBroker-3] c.s.w.service.PlayerStatusHandler - Total Online Players: 0
2026-09-18 13:35:38 INFO  [WEBSOCKET,traceId=6aacf0d2dbc5db46584007ff124e5cec,spanId=584007ff124e5cec] [MessageBroker-3] c.s.w.service.PlayerStatusHandler - Total Online Players: 0
2026-09-18 13:35:38 INFO  [WEBSOCKET,traceId=6aacf0d29dfdbd8c28af38ca78f32f13,spanId=28af38ca78f32f13] [MessageBroker-3] c.s.w.service.PlayerStatusHandler - Total Online Players: 0
2026-09-18 13:35:38 INFO  [WEBSOCKET,traceId=6aacf0d25bfc15a9ddd0799f92d3eb2f,spanId=ddd0799f92d3eb2f] [MessageBroker-3] c.s.w.service.PlayerStatusHandler - Total Online Players: 0
2026-09-18 13:35:38 INFO  [WEBSOCKET,traceId=6aacf0d215dc4edccd87dff0579ead53,spanId=cd87dff0579ead53] [MessageBroker-3] c.s.w.service.PlayerStatusHandler - Total Online Players: 0
2026-09-18 13:35:38 INFO  [WEBSOCKET,traceId=6aacf0d2f3d13232f1946c218cfa4106,spanId=f1946c218cfa4106] [MessageBroker-3] c.s.w.service.PlayerStatusHandler - Total Online Players: 0
2026-09-18 13:35:38 INFO  [WEBSOCKET,traceId=6aacf0d2e187ee84e1fe898fa3a3e176,spanId=e1fe898fa3a3e176] [MessageBroker-3] c.s.w.service.PlayerStatusHandler - Total Online Players: 0
2026-09-18 13:35:38 INFO  [WEBSOCKET,traceId=6aacf0d263e0717957e651115632ab15,spanId=57e651115632ab15] [MessageBroker-3] c.s.w.service.PlayerStatusHandler - Total Online Players: 0
2026-09-18 13:35:38 INFO  [WEBSOCKET,traceId=6aacf0d22d5d049b15618545ef302595,spanId=15618545ef302595] [MessageBroker-4] c.s.w.service.PlayerStatusHandler - Total Online Players: 0
2026-09-18 13:35:38 INFO  [WEBSOCKET,traceId=6aacf0d2af220a48ec145798bf3f1286,spanId=ec145798bf3f1286] [MessageBroker-4] c.s.w.service.PlayerStatusHandler - Total Online Players: 0
2026-09-18 13:35:38 INFO  [WEBSOCKET,traceId=6aacf0d2f92ffa01232bed74f5dffdc7,spanId=232bed74f5dffdc7] [MessageBroker-4] c.s.w.service.PlayerStatusHandler - Total Online Players: 0
2026-09-18 13:35:38 INFO  [WEBSOCKET,traceId=6aacf0d290d040a2ef292c0ac890e886,spanId=ef292c0ac890e886] [MessageBroker-4] c.s.w.service.PlayerStatusHandler - Total Online Players: 0
2026-09-18 13:35:38 INFO  [WEBSOCKET,traceId=6aacf0d26b7972146817e7751a523efc,spanId=6817e7751a523efc] [MessageBroker-4] c.s.w.service.PlayerStatusHandler - Total Online Players: 0
2026-09-18 13:35:38 INFO  [WEBSOCKET,traceId=6aacf0d2ba746c28987e8ae8bf8a508d,spanId=987e8ae8bf8a508d] [MessageBroker-4] c.s.w.service.PlayerStatusHandler - Total Online Players: 0
2026-09-18 13:35:38 INFO  [WEBSOCKET,traceId=6aacf0d2015d9e2029f6a2982abbeef8,spanId=29f6a2982abbeef8] [MessageBroker-4] c.s.w.service.PlayerStatusHandler - Total Online Players: 0
2026-09-18 13:35:38 INFO  [WEBSOCKET,traceId=6aacf0d2092f785121ff17595aec4406,spanId=21ff17595aec4406] [MessageBroker-4] c.s.w.service.PlayerStatusHandler - Total Online Players: 0
2026-09-18 13:35:38 INFO  [WEBSOCKET,traceId=6aacf0d277569f33aa1df3c4d54f5503,spanId=aa1df3c4d54f5503] [MessageBroker-4] c.s.w.service.PlayerStatusHandler - Total Online Players: 0
2026-09-18 13:35:38 INFO  [WEBSOCKET,traceId=6aacf0d2634bbcbb826b1945005379b7,spanId=826b1945005379b7] [MessageBroker-4] c.s.w.service.PlayerStatusHandler - Total Online Players: 0
2026-09-18 13:35:38 INFO  [WEBSOCKET,traceId=6aacf0d222338d4afc41d3118460ae15,spanId=fc41d3118460ae15] [MessageBroker-4] c.s.w.service.PlayerStatusHandler - Total Online Players: 0
2026-09-18 13:35:38 INFO  [WEBSOCKET,traceId=6aacf0d29172e7915da23ad45e1953ec,spanId=5da23ad45e1953ec] [MessageBroker-4] c.s.w.service.PlayerStatusHandler - Total Online Players: 0
2026-09-18 13:35:38 INFO  [WEBSOCKET,traceId=6aacf0d28a266ece497ffdc2e0077d7d,spanId=497ffdc2e0077d7d] [MessageBroker-4] c.s.w.service.PlayerStatusHandler - Total Online Players: 0
2026-09-18 13:35:38 INFO  [WEBSOCKET,traceId=6aacf0d21e71ffe231227ec6c4a8eb3a,spanId=31227ec6c4a8eb3a] [MessageBroker-4] c.s.w.service.PlayerStatusHandler - Total Online Players: 0
2026-09-18 13:35:38 INFO  [WEBSOCKET,traceId=6aacf0d246082d574b4b5bf61229fea5,spanId=4b4b5bf61229fea5] [MessageBroker-4] c.s.w.service.PlayerStatusHandler - Total Online Players: 0
2026-09-18 13:35:38 INFO  [WEBSOCKET,traceId=6aacf0d2a2ab48f575f6d41aa8ecd67f,spanId=75f6d41aa8ecd67f] [MessageBroker-4] c.s.w.service.PlayerStatusHandler - Total Online Players: 0
2026-09-18 13:35:38 INFO  [WEBSOCKET,traceId=6aacf0d2c3f00f0301ce64c490d99eac,spanId=01ce64c490d99eac] [MessageBroker-2] c.s.w.service.PlayerStatusHandler - Total Online Players: 0
2026-09-18 13:35:38 INFO  [WEBSOCKET,traceId=6aacf0d23a3f11516d127999d7ceeda6,spanId=6d127999d7ceeda6] [MessageBroker-2] c.s.w.service.PlayerStatusHandler - Total Online Players: 0
2026-09-18 13:35:38 INFO  [WEBSOCKET,traceId=6aacf0d2b534757a499103a2f47dbd41,spanId=499103a2f47dbd41] [MessageBroker-2] c.s.w.service.PlayerStatusHandler - Total Online Players: 0
2026-09-18 13:35:38 INFO  [WEBSOCKET,traceId=6aacf0d282b6e6ef7c48513bb07b96ea,spanId=7c48513bb07b96ea] [MessageBroker-2] c.s.w.service.PlayerStatusHandler - Total Online Players: 0
2026-09-18 13:35:38 INFO  [WEBSOCKET,traceId=6aacf0d25c59c2877b591ce77e60fffb,spanId=7b591ce77e60fffb] [MessageBroker-2] c.s.w.service.PlayerStatusHandler - Total Online Players: 0
2026-09-18 13:35:38 INFO  [WEBSOCKET,traceId=6aacf0d209b34d2f5a10d6572a8ea9d7,spanId=5a10d6572a8ea9d7] [MessageBroker-2] c.s.w.service.PlayerStatusHandler - Total Online Players: 0
2026-09-18 13:35:38 INFO  [WEBSOCKET,traceId=6aacf0d28237cb40e98289e02b905bbb,spanId=e98289e02b905bbb] [MessageBroker-2] c.s.w.service.PlayerStatusHandler - Total Online Players: 0
2026-09-18 13:35:38 INFO  [WEBSOCKET,traceId=6aacf0d2f8e9761047e44c3bdccc4705,spanId=47e44c3bdccc4705] [MessageBroker-2] c.s.w.service.PlayerStatusHandler - Total Online Players: 0
2026-09-18 13:35:38 INFO  [WEBSOCKET,traceId=6aacf0d2dc64b95986115bf34f6d1159,spanId=86115bf34f6d1159] [MessageBroker-2] c.s.w.service.PlayerStatusHandler - Total Online Players: 0
2026-09-18 13:35:38 INFO  [WEBSOCKET,traceId=6aacf0d2c6f9f1d392c22a6da3993117,spanId=92c22a6da3993117] [MessageBroker-2] c.s.w.service.PlayerStatusHandler - Total Online Players: 0
2026-09-18 13:35:38 INFO  [WEBSOCKET,traceId=6aacf0d249e69f7ee623bdd3f2a6097b,spanId=e623bdd3f2a6097b] [MessageBroker-2] c.s.w.service.PlayerStatusHandler - Total Online Players: 0
2026-09-18 13:35:38 INFO  [WEBSOCKET,traceId=6aacf0d2bb74f1734739d854375b9b72,spanId=4739d854375b9b72] [MessageBroker-2] c.s.w.service.PlayerStatusHandler - Total Online Players: 0
2026-09-18 13:35:38 INFO  [WEBSOCKET,traceId=6aacf0d2a7037bd307755ed96aef18e5,spanId=07755ed96aef18e5] [MessageBroker-2] c.s.w.service.PlayerStatusHandler - Total Online Players: 0
2026-09-18 13:35:38 INFO  [WEBSOCKET,traceId=6aacf0d242a1e1aeb6cad82ebde5bc6d,spanId=b6cad82ebde5bc6d] [MessageBroker-2] c.s.w.service.PlayerStatusHandler - Total Online Players: 0
2026-09-18 13:35:38 INFO  [WEBSOCKET,traceId=6aacf0d2d1690fbb6cadf726f829d41e,spanId=6cadf726f829d41e] [MessageBroker-2] c.s.w.service.PlayerStatusHandler - Total Online Players: 0
2026-09-18 13:35:38 INFO  [WEBSOCKET,traceId=6aacf0d2e482d4886e09fd6510f2f0c1,spanId=6e09fd6510f2f0c1] [MessageBroker-2] c.s.w.service.PlayerStatusHandler - Total Online Players: 0
2026-09-18 13:35:38 INFO  [WEBSOCKET,traceId=6aacf0d2a1001b61cc313030e62c804e,spanId=cc313030e62c804e] [MessageBroker-2] c.s.w.service.PlayerStatusHandler - Total Online Players: 0
2026-09-18 13:35:38 INFO  [WEBSOCKET,traceId=6aacf0d2047e79c016ec111abd590b3a,spanId=16ec111abd590b3a] [MessageBroker-2] c.s.w.service.PlayerStatusHandler - Total Online Players: 0
2026-09-18 13:35:38 INFO  [WEBSOCKET,traceId=6aacf0d27f3628b87c82f51d962de1ed,spanId=7c82f51d962de1ed] [MessageBroker-2] c.s.w.service.PlayerStatusHandler - Total Online Players: 0
2026-09-18 13:35:38 INFO  [WEBSOCKET,traceId=6aacf0d2537a376fb55128ecece149ab,spanId=b55128ecece149ab] [MessageBroker-2] c.s.w.service.PlayerStatusHandler - Total Online Players: 0
2026-09-18 13:35:38 INFO  [WEBSOCKET,traceId=6aacf0d279e97acbeeee8fe83f1b9c96,spanId=eeee8fe83f1b9c96] [MessageBroker-2] c.s.w.service.PlayerStatusHandler - Total Online Players: 0
2026-09-18 13:35:38 INFO  [WEBSOCKET,traceId=6aacf0d2363e2c74018c98279f89e9bb,spanId=018c98279f89e9bb] [MessageBroker-2] c.s.w.service.PlayerStatusHandler - Total Online Players: 0
2026-09-18 13:35:38 INFO  [WEBSOCKET,traceId=6aacf0d2c0d126da8796ca6f9fc3321e,spanId=8796ca6f9fc3321e] [MessageBroker-2] c.s.w.service.PlayerStatusHandler - Total Online Players: 0
2026-09-18 13:35:38 INFO  [WEBSOCKET,traceId=6aacf0d2466da1f764a4dc54e25f6a20,spanId=64a4dc54e25f6a20] [MessageBroker-2] c.s.w.service.PlayerStatusHandler - Total Online Players: 0
2026-09-18 13:35:38 INFO  [WEBSOCKET,traceId=6aacf0d224a5db5d8447346ec911e13b,spanId=8447346ec911e13b] [MessageBroker-2] c.s.w.service.PlayerStatusHandler - Total Online Players: 0
2026-09-18 13:35:38 INFO  [WEBSOCKET,traceId=6aacf0d2942ce3e6832727d98ce8158e,spanId=832727d98ce8158e] [MessageBroker-2] c.s.w.service.PlayerStatusHandler - Total Online Players: 0
2026-09-18 13:35:38 INFO  [WEBSOCKET,traceId=6aacf0d258b27e2ef385d36c3a8bdb73,spanId=f385d36c3a8bdb73] [MessageBroker-2] c.s.w.service.PlayerStatusHandler - Total Online Players: 0
2026-09-18 13:35:38 INFO  [WEBSOCKET,traceId=6aacf0d26c2568d1e56f43f34c582208,spanId=e56f43f34c582208] [MessageBroker-2] c.s.w.service.PlayerStatusHandler - Total Online Players: 0
2026-09-18 13:35:38 INFO  [WEBSOCKET,traceId=6aacf0d2fbb1366959e8a7df3c24d43c,spanId=59e8a7df3c24d43c] [MessageBroker-2] c.s.w.service.PlayerStatusHandler - Total Online Players: 0
2026-09-18 13:35:38 INFO  [WEBSOCKET,traceId=6aacf0d260fced4bdc8c6aa9f648e06f,spanId=dc8c6aa9f648e06f] [MessageBroker-2] c.s.w.service.PlayerStatusHandler - Total Online Players: 0
2026-09-18 13:35:38 INFO  [WEBSOCKET,traceId=6aacf0d25867346b9655fac0493f9ed4,spanId=9655fac0493f9ed4] [MessageBroker-2] c.s.w.service.PlayerStatusHandler - Total Online Players: 0
2026-09-18 13:35:38 INFO  [WEBSOCKET,traceId=6aacf0d24b32246a4fcdbce57ee87113,spanId=4fcdbce57ee87113] [MessageBroker-2] c.s.w.service.PlayerStatusHandler - Total Online Players: 0
2026-09-18 13:35:38 INFO  [WEBSOCKET,traceId=6aacf0d27a7fa60232c94ba61021f44a,spanId=32c94ba61021f44a] [MessageBroker-2] c.s.w.service.PlayerStatusHandler - Total Online Players: 0
2026-09-18 13:35:38 INFO  [WEBSOCKET,traceId=6aacf0d2deec342bc755c1652de514c9,spanId=c755c1652de514c9] [MessageBroker-2] c.s.w.service.PlayerStatusHandler - Total Online Players: 0
2026-09-18 13:35:38 INFO  [WEBSOCKET,traceId=6aacf0d225858144351e78b440ee3bda,spanId=351e78b440ee3bda] [MessageBroker-2] c.s.w.service.PlayerStatusHandler - Total Online Players: 0
2026-09-18 13:35:38 INFO  [WEBSOCKET,traceId=6aacf0d2858c9b98c2220c5612931a09,spanId=c2220c5612931a09] [MessageBroker-2] c.s.w.service.PlayerStatusHandler - Total Online Players: 0
2026-09-18 13:35:38 INFO  [WEBSOCKET,traceId=6aacf0d27a59fba80afc157829e19a21,spanId=0afc157829e19a21] [MessageBroker-2] c.s.w.service.PlayerStatusHandler - Total Online Players: 0
2026-09-18 13:35:38 INFO  [WEBSOCKET,traceId=6aacf0d20a2525ba2fe5460732cfe04e,spanId=2fe5460732cfe04e] [MessageBroker-1] c.s.w.service.PlayerStatusHandler - Total Online Players: 0
2026-09-18 13:35:38 INFO  [WEBSOCKET,traceId=6aacf0d21fc8f1cd7b781dec913d7e12,spanId=7b781dec913d7e12] [MessageBroker-1] c.s.w.service.PlayerStatusHandler - Total Online Players: 0
2026-09-18 13:35:38 INFO  [WEBSOCKET,traceId=6aacf0d263e253564fbbfcafd0a19954,spanId=4fbbfcafd0a19954] [MessageBroker-1] c.s.w.service.PlayerStatusHandler - Total Online Players: 0
2026-09-18 13:35:38 INFO  [WEBSOCKET,traceId=6aacf0d268f1e6b4ef22d394672c7fa8,spanId=ef22d394672c7fa8] [MessageBroker-1] c.s.w.service.PlayerStatusHandler - Total Online Players: 0
2026-09-18 13:35:38 INFO  [WEBSOCKET,traceId=6aacf0d2ef46520be5c503273737a9ae,spanId=e5c503273737a9ae] [MessageBroker-1] c.s.w.service.PlayerStatusHandler - Total Online Players: 0
2026-09-18 13:35:38 INFO  [WEBSOCKET,traceId=6aacf0d28380b33c0fd2af7c9f75ed07,spanId=0fd2af7c9f75ed07] [MessageBroker-1] c.s.w.service.PlayerStatusHandler - Total Online Players: 0
2026-09-18 13:35:38 INFO  [WEBSOCKET,traceId=6aacf0d2d44e91fbebc80a62ec851077,spanId=ebc80a62ec851077] [MessageBroker-1] c.s.w.service.PlayerStatusHandler - Total Online Players: 0
2026-09-18 13:35:38 INFO  [WEBSOCKET,traceId=6aacf0d20567315cf3b1afdc2d40987b,spanId=f3b1afdc2d40987b] [MessageBroker-1] c.s.w.service.PlayerStatusHandler - Total Online Players: 0
2026-09-18 13:35:38 INFO  [WEBSOCKET,traceId=6aacf0d24a9f3a910c66cab7801755a4,spanId=0c66cab7801755a4] [MessageBroker-1] c.s.w.service.PlayerStatusHandler - Total Online Players: 0
2026-09-18 13:35:38 INFO  [WEBSOCKET,traceId=6aacf0d240bab4d4df15bb1350a3c930,spanId=df15bb1350a3c930] [MessageBroker-1] c.s.w.service.PlayerStatusHandler - Total Online Players: 0
2026-09-18 13:35:38 INFO  [WEBSOCKET,traceId=6aacf0d22d66bbd0c1d2c28a88572a13,spanId=c1d2c28a88572a13] [MessageBroker-1] c.s.w.service.PlayerStatusHandler - Total Online Players: 0
2026-09-18 13:35:38 INFO  [WEBSOCKET,traceId=6aacf0d24e4623fa3f796bf468a873eb,spanId=3f796bf468a873eb] [MessageBroker-1] c.s.w.service.PlayerStatusHandler - Total Online Players: 0
2026-09-18 13:35:38 INFO  [WEBSOCKET,traceId=6aacf0d20370ac56042bfda3bff3c722,spanId=042bfda3bff3c722] [MessageBroker-1] c.s.w.service.PlayerStatusHandler - Total Online Players: 0
2026-09-18 13:35:38 INFO  [WEBSOCKET,traceId=6aacf0d2c7701d14cbe46ba9f129b90c,spanId=cbe46ba9f129b90c] [MessageBroker-1] c.s.w.service.PlayerStatusHandler - Total Online Players: 0
2026-09-18 13:35:38 INFO  [WEBSOCKET,traceId=6aacf0d2fffde4e3e85dce1084fb1cfe,spanId=e85dce1084fb1cfe] [MessageBroker-1] c.s.w.service.PlayerStatusHandler - Total Online Players: 0
2026-09-18 13:35:38 INFO  [WEBSOCKET,traceId=6aacf0d21c6f203dbae932ae065e5418,spanId=bae932ae065e5418] [MessageBroker-4] c.s.w.service.PlayerStatusHandler - Total Online Players: 0
2026-09-18 13:35:38 INFO  [WEBSOCKET,traceId=6aacf0d2f9491041a926004bb841b363,spanId=a926004bb841b363] [MessageBroker-4] c.s.w.service.PlayerStatusHandler - Total Online Players: 0
2026-09-18 13:35:38 INFO  [WEBSOCKET,traceId=6aacf0d20f3ff0b2d52c2c7d7ccb98cf,spanId=d52c2c7d7ccb98cf] [MessageBroker-4] c.s.w.service.PlayerStatusHandler - Total Online Players: 0
2026-09-18 13:35:38 INFO  [WEBSOCKET,traceId=6aacf0d2b4fdcc37ce4d2fdf061c47b3,spanId=ce4d2fdf061c47b3] [MessageBroker-4] c.s.w.service.PlayerStatusHandler - Total Online Players: 0
2026-09-18 13:35:38 INFO  [WEBSOCKET,traceId=6aacf0d253f9bf2eb88774cc6b39087f,spanId=b88774cc6b39087f] [MessageBroker-4] c.s.w.service.PlayerStatusHandler - Total Online Players: 0
2026-09-18 13:35:49 INFO  [WEBSOCKET,traceId=6aacf0dd071261a8ac04679a10b05fd7,spanId=ac04679a10b05fd7] [MessageBroker-4] c.s.w.service.PlayerStatusHandler - Total Online Players: 0
2026-09-18 13:36:19 INFO  [WEBSOCKET,traceId=6aacf0fb2eb58834c5441c40972fefad,spanId=c5441c40972fefad] [MessageBroker-2] c.s.w.service.PlayerStatusHandler - Total Online Players: 0
2026-09-18 13:36:27 INFO  [WEBSOCKET,traceId=,spanId=] [cluster-ClusterId{value='6aac1d5834db5b549a8c3f89', description='Cluster0'}-ac-2s659uf-shard-00-00.pvohmlz.mongodb.net:27017] org.mongodb.driver.cluster - Exception in monitor thread while connecting to server ac-2s659uf-shard-00-00.pvohmlz.mongodb.net:27017
com.mongodb.MongoSocketException: No such host is known (ac-2s659uf-shard-00-00.pvohmlz.mongodb.net)
	at com.mongodb.internal.connection.ServerAddressHelper.getSocketAddresses(ServerAddressHelper.java:75)
	at com.mongodb.internal.connection.SocketStream.initializeSocket(SocketStream.java:100)
	at com.mongodb.internal.connection.SocketStream.open(SocketStream.java:79)
	at com.mongodb.internal.connection.InternalStreamConnection.open(InternalStreamConnection.java:233)
	at com.mongodb.internal.connection.DefaultServerMonitor$ServerMonitor.lookupServerDescription(DefaultServerMonitor.java:219)
	at com.mongodb.internal.connection.DefaultServerMonitor$ServerMonitor.run(DefaultServerMonitor.java:176)
Caused by: java.net.UnknownHostException: No such host is known (ac-2s659uf-shard-00-00.pvohmlz.mongodb.net)
	at java.base/java.net.Inet6AddressImpl.lookupAllHostAddr(Native Method)
	at java.base/java.net.Inet6AddressImpl.lookupAllHostAddr(Inet6AddressImpl.java:52)
	at java.base/java.net.InetAddress$PlatformResolver.lookupByName(InetAddress.java:1211)
	at java.base/java.net.InetAddress.getAddressesFromNameService(InetAddress.java:1828)
	at java.base/java.net.InetAddress$NameServiceAddresses.get(InetAddress.java:1139)
	at java.base/java.net.InetAddress.getAllByName0(InetAddress.java:1818)
	at java.base/java.net.InetAddress.getAllByName(InetAddress.java:1688)
	at com.mongodb.internal.connection.DefaultInetAddressResolver.lookupByName(DefaultInetAddressResolver.java:34)
	at com.mongodb.internal.connection.ServerAddressHelper.getSocketAddresses(ServerAddressHelper.java:71)
	... 5 common frames omitted
2026-09-18 13:36:27 INFO  [WEBSOCKET,traceId=,spanId=] [cluster-ClusterId{value='6aac1d5834db5b549a8c3f89', description='Cluster0'}-ac-2s659uf-shard-00-02.pvohmlz.mongodb.net:27017] org.mongodb.driver.cluster - Exception in monitor thread while connecting to server ac-2s659uf-shard-00-02.pvohmlz.mongodb.net:27017
com.mongodb.MongoSocketException: No such host is known (ac-2s659uf-shard-00-02.pvohmlz.mongodb.net)
	at com.mongodb.internal.connection.ServerAddressHelper.getSocketAddresses(ServerAddressHelper.java:75)
	at com.mongodb.internal.connection.SocketStream.initializeSocket(SocketStream.java:100)
	at com.mongodb.internal.connection.SocketStream.open(SocketStream.java:79)
	at com.mongodb.internal.connection.InternalStreamConnection.open(InternalStreamConnection.java:233)
	at com.mongodb.internal.connection.DefaultServerMonitor$ServerMonitor.lookupServerDescription(DefaultServerMonitor.java:219)
	at com.mongodb.internal.connection.DefaultServerMonitor$ServerMonitor.run(DefaultServerMonitor.java:176)
Caused by: java.net.UnknownHostException: No such host is known (ac-2s659uf-shard-00-02.pvohmlz.mongodb.net)
	at java.base/java.net.Inet6AddressImpl.lookupAllHostAddr(Native Method)
	at java.base/java.net.Inet6AddressImpl.lookupAllHostAddr(Inet6AddressImpl.java:52)
	at java.base/java.net.InetAddress$PlatformResolver.lookupByName(InetAddress.java:1211)
	at java.base/java.net.InetAddress.getAddressesFromNameService(InetAddress.java:1828)
	at java.base/java.net.InetAddress$NameServiceAddresses.get(InetAddress.java:1139)
	at java.base/java.net.InetAddress.getAllByName0(InetAddress.java:1818)
	at java.base/java.net.InetAddress.getAllByName(InetAddress.java:1688)
	at com.mongodb.internal.connection.DefaultInetAddressResolver.lookupByName(DefaultInetAddressResolver.java:34)
	at com.mongodb.internal.connection.ServerAddressHelper.getSocketAddresses(ServerAddressHelper.java:71)
	... 5 common frames omitted
2026-09-18 13:36:47 INFO  [WEBSOCKET,traceId=,spanId=] [cluster-ClusterId{value='6aac1d5834db5b549a8c3f89', description='Cluster0'}-ac-2s659uf-shard-00-02.pvohmlz.mongodb.net:27017] org.mongodb.driver.cluster - Exception in monitor thread while connecting to server ac-2s659uf-shard-00-02.pvohmlz.mongodb.net:27017
com.mongodb.MongoSocketException: ac-2s659uf-shard-00-02.pvohmlz.mongodb.net
	at com.mongodb.internal.connection.ServerAddressHelper.getSocketAddresses(ServerAddressHelper.java:75)
	at com.mongodb.internal.connection.SocketStream.initializeSocket(SocketStream.java:100)
	at com.mongodb.internal.connection.SocketStream.open(SocketStream.java:79)
	at com.mongodb.internal.connection.InternalStreamConnection.open(InternalStreamConnection.java:233)
	at com.mongodb.internal.connection.DefaultServerMonitor$ServerMonitor.lookupServerDescription(DefaultServerMonitor.java:219)
	at com.mongodb.internal.connection.DefaultServerMonitor$ServerMonitor.run(DefaultServerMonitor.java:176)
Caused by: java.net.UnknownHostException: ac-2s659uf-shard-00-02.pvohmlz.mongodb.net
	at java.base/java.net.InetAddress$CachedLookup.get(InetAddress.java:988)
	at java.base/java.net.InetAddress$NameServiceAddresses.get(InetAddress.java:1191)
	at java.base/java.net.InetAddress.getAllByName0(InetAddress.java:1818)
	at java.base/java.net.InetAddress.getAllByName(InetAddress.java:1688)
	at com.mongodb.internal.connection.DefaultInetAddressResolver.lookupByName(DefaultInetAddressResolver.java:34)
	at com.mongodb.internal.connection.ServerAddressHelper.getSocketAddresses(ServerAddressHelper.java:71)
	... 5 common frames omitted
2026-09-18 13:36:47 INFO  [WEBSOCKET,traceId=,spanId=] [cluster-ClusterId{value='6aac1d5834db5b549a8c3f89', description='Cluster0'}-ac-2s659uf-shard-00-00.pvohmlz.mongodb.net:27017] org.mongodb.driver.cluster - Exception in monitor thread while connecting to server ac-2s659uf-shard-00-00.pvohmlz.mongodb.net:27017
com.mongodb.MongoSocketException: ac-2s659uf-shard-00-00.pvohmlz.mongodb.net
	at com.mongodb.internal.connection.ServerAddressHelper.getSocketAddresses(ServerAddressHelper.java:75)
	at com.mongodb.internal.connection.SocketStream.initializeSocket(SocketStream.java:100)
	at com.mongodb.internal.connection.SocketStream.open(SocketStream.java:79)
	at com.mongodb.internal.connection.InternalStreamConnection.open(InternalStreamConnection.java:233)
	at com.mongodb.internal.connection.DefaultServerMonitor$ServerMonitor.lookupServerDescription(DefaultServerMonitor.java:219)
	at com.mongodb.internal.connection.DefaultServerMonitor$ServerMonitor.run(DefaultServerMonitor.java:176)
Caused by: java.net.UnknownHostException: ac-2s659uf-shard-00-00.pvohmlz.mongodb.net
	at java.base/java.net.InetAddress$CachedLookup.get(InetAddress.java:988)
	at java.base/java.net.InetAddress$NameServiceAddresses.get(InetAddress.java:1191)
	at java.base/java.net.InetAddress.getAllByName0(InetAddress.java:1818)
	at java.base/java.net.InetAddress.getAllByName(InetAddress.java:1688)
	at com.mongodb.internal.connection.DefaultInetAddressResolver.lookupByName(DefaultInetAddressResolver.java:34)
	at com.mongodb.internal.connection.ServerAddressHelper.getSocketAddresses(ServerAddressHelper.java:71)
	... 5 common frames omitted
2026-09-18 13:36:49 INFO  [WEBSOCKET,traceId=6aacf119246fa952ce5c40baa516f72f,spanId=ce5c40baa516f72f] [MessageBroker-3] c.s.w.service.PlayerStatusHandler - Total Online Players: 0
2026-09-18 13:36:57 INFO  [WEBSOCKET,traceId=,spanId=] [cluster-ClusterId{value='6aac1d5834db5b549a8c3f89', description='Cluster0'}-ac-2s659uf-shard-00-02.pvohmlz.mongodb.net:27017] org.mongodb.driver.cluster - Exception in monitor thread while connecting to server ac-2s659uf-shard-00-02.pvohmlz.mongodb.net:27017
com.mongodb.MongoSocketException: No such host is known (ac-2s659uf-shard-00-02.pvohmlz.mongodb.net)
	at com.mongodb.internal.connection.ServerAddressHelper.getSocketAddresses(ServerAddressHelper.java:75)
	at com.mongodb.internal.connection.SocketStream.initializeSocket(SocketStream.java:100)
	at com.mongodb.internal.connection.SocketStream.open(SocketStream.java:79)
	at com.mongodb.internal.connection.InternalStreamConnection.open(InternalStreamConnection.java:233)
	at com.mongodb.internal.connection.DefaultServerMonitor$ServerMonitor.lookupServerDescription(DefaultServerMonitor.java:219)
	at com.mongodb.internal.connection.DefaultServerMonitor$ServerMonitor.run(DefaultServerMonitor.java:176)
Caused by: java.net.UnknownHostException: No such host is known (ac-2s659uf-shard-00-02.pvohmlz.mongodb.net)
	at java.base/java.net.Inet6AddressImpl.lookupAllHostAddr(Native Method)
	at java.base/java.net.Inet6AddressImpl.lookupAllHostAddr(Inet6AddressImpl.java:52)
	at java.base/java.net.InetAddress$PlatformResolver.lookupByName(InetAddress.java:1211)
	at java.base/java.net.InetAddress.getAddressesFromNameService(InetAddress.java:1828)
	at java.base/java.net.InetAddress$NameServiceAddresses.get(InetAddress.java:1139)
	at java.base/java.net.InetAddress.getAllByName0(InetAddress.java:1818)
	at java.base/java.net.InetAddress.getAllByName(InetAddress.java:1688)
	at com.mongodb.internal.connection.DefaultInetAddressResolver.lookupByName(DefaultInetAddressResolver.java:34)
	at com.mongodb.internal.connection.ServerAddressHelper.getSocketAddresses(ServerAddressHelper.java:71)
	... 5 common frames omitted
2026-09-18 13:37:07 INFO  [WEBSOCKET,traceId=,spanId=] [cluster-ClusterId{value='6aac1d5834db5b549a8c3f89', description='Cluster0'}-ac-2s659uf-shard-00-02.pvohmlz.mongodb.net:27017] org.mongodb.driver.cluster - Exception in monitor thread while connecting to server ac-2s659uf-shard-00-02.pvohmlz.mongodb.net:27017
com.mongodb.MongoSocketException: ac-2s659uf-shard-00-02.pvohmlz.mongodb.net
	at com.mongodb.internal.connection.ServerAddressHelper.getSocketAddresses(ServerAddressHelper.java:75)
	at com.mongodb.internal.connection.SocketStream.initializeSocket(SocketStream.java:100)
	at com.mongodb.internal.connection.SocketStream.open(SocketStream.java:79)
	at com.mongodb.internal.connection.InternalStreamConnection.open(InternalStreamConnection.java:233)
	at com.mongodb.internal.connection.DefaultServerMonitor$ServerMonitor.lookupServerDescription(DefaultServerMonitor.java:219)
	at com.mongodb.internal.connection.DefaultServerMonitor$ServerMonitor.run(DefaultServerMonitor.java:176)
Caused by: java.net.UnknownHostException: ac-2s659uf-shard-00-02.pvohmlz.mongodb.net
	at java.base/java.net.InetAddress$CachedLookup.get(InetAddress.java:988)
	at java.base/java.net.InetAddress$NameServiceAddresses.get(InetAddress.java:1191)
	at java.base/java.net.InetAddress.getAllByName0(InetAddress.java:1818)
	at java.base/java.net.InetAddress.getAllByName(InetAddress.java:1688)
	at com.mongodb.internal.connection.DefaultInetAddressResolver.lookupByName(DefaultInetAddressResolver.java:34)
	at com.mongodb.internal.connection.ServerAddressHelper.getSocketAddresses(ServerAddressHelper.java:71)
	... 5 common frames omitted
2026-09-18 13:37:18 INFO  [WEBSOCKET,traceId=,spanId=] [cluster-ClusterId{value='6aac1d5834db5b549a8c3f89', description='Cluster0'}-ac-2s659uf-shard-00-00.pvohmlz.mongodb.net:27017] org.mongodb.driver.cluster - Monitor thread successfully connected to server with description ServerDescription{address=ac-2s659uf-shard-00-00.pvohmlz.mongodb.net:27017, type=REPLICA_SET_SECONDARY, cryptd=false, state=CONNECTED, ok=true, minWireVersion=0, maxWireVersion=25, maxDocumentSize=16777216, logicalSessionTimeoutMinutes=30, roundTripTimeNanos=362266200, minRoundTripTimeNanos=0, setName='atlas-cyb1qj-shard-0', canonicalAddress=ac-2s659uf-shard-00-00.pvohmlz.mongodb.net:27017, hosts=[ac-2s659uf-shard-00-00.pvohmlz.mongodb.net:27017, ac-2s659uf-shard-00-01.pvohmlz.mongodb.net:27017, ac-2s659uf-shard-00-02.pvohmlz.mongodb.net:27017], passives=[], arbiters=[], primary='ac-2s659uf-shard-00-01.pvohmlz.mongodb.net:27017', tagSet=TagSet{[Tag{name='availabilityZone', value='aps1-az1'}, Tag{name='cacheState', value='READY'}, Tag{name='diskState', value='READY'}, Tag{name='nodeType', value='ELECTABLE'}, Tag{name='provider', value='AWS'}, Tag{name='region', value='AP_SOUTH_1'}, Tag{name='workloadType', value='OPERATIONAL'}]}, electionId=null, setVersion=243, topologyVersion=TopologyVersion{processId=6aa03408de4fa51023b14665, counter=10}, lastWriteDate=Fri Sep 18 13:37:18 IST 2026, lastUpdateTimeNanos=54592479414700}
2026-09-18 13:37:18 INFO  [WEBSOCKET,traceId=,spanId=] [cluster-ClusterId{value='6aac1d5834db5b549a8c3f89', description='Cluster0'}-ac-2s659uf-shard-00-02.pvohmlz.mongodb.net:27017] org.mongodb.driver.cluster - Monitor thread successfully connected to server with description ServerDescription{address=ac-2s659uf-shard-00-02.pvohmlz.mongodb.net:27017, type=REPLICA_SET_SECONDARY, cryptd=false, state=CONNECTED, ok=true, minWireVersion=0, maxWireVersion=25, maxDocumentSize=16777216, logicalSessionTimeoutMinutes=30, roundTripTimeNanos=378937000, minRoundTripTimeNanos=0, setName='atlas-cyb1qj-shard-0', canonicalAddress=ac-2s659uf-shard-00-02.pvohmlz.mongodb.net:27017, hosts=[ac-2s659uf-shard-00-00.pvohmlz.mongodb.net:27017, ac-2s659uf-shard-00-01.pvohmlz.mongodb.net:27017, ac-2s659uf-shard-00-02.pvohmlz.mongodb.net:27017], passives=[], arbiters=[], primary='ac-2s659uf-shard-00-01.pvohmlz.mongodb.net:27017', tagSet=TagSet{[Tag{name='availabilityZone', value='aps1-az2'}, Tag{name='cacheState', value='READY'}, Tag{name='diskState', value='READY'}, Tag{name='nodeType', value='ELECTABLE'}, Tag{name='provider', value='AWS'}, Tag{name='region', value='AP_SOUTH_1'}, Tag{name='workloadType', value='OPERATIONAL'}]}, electionId=null, setVersion=243, topologyVersion=TopologyVersion{processId=6aa03a0e28f9005065e8fbae, counter=5}, lastWriteDate=Fri Sep 18 13:37:18 IST 2026, lastUpdateTimeNanos=54592490238900}
2026-09-18 13:37:19 INFO  [WEBSOCKET,traceId=6aacf137955718ff194d057ab994b30d,spanId=194d057ab994b30d] [MessageBroker-3] c.s.w.service.PlayerStatusHandler - Total Online Players: 0
2026-09-18 13:37:25 INFO  [WEBSOCKET,traceId=,spanId=] [cluster-ClusterId{value='6aac1d5834db5b549a8c3f89', description='Cluster0'}-ac-2s659uf-shard-00-01.pvohmlz.mongodb.net:27017] org.mongodb.driver.cluster - Monitor thread successfully connected to server with description ServerDescription{address=ac-2s659uf-shard-00-01.pvohmlz.mongodb.net:27017, type=REPLICA_SET_PRIMARY, cryptd=false, state=CONNECTED, ok=true, minWireVersion=0, maxWireVersion=25, maxDocumentSize=16777216, logicalSessionTimeoutMinutes=30, roundTripTimeNanos=164491500, minRoundTripTimeNanos=0, setName='atlas-cyb1qj-shard-0', canonicalAddress=ac-2s659uf-shard-00-01.pvohmlz.mongodb.net:27017, hosts=[ac-2s659uf-shard-00-00.pvohmlz.mongodb.net:27017, ac-2s659uf-shard-00-01.pvohmlz.mongodb.net:27017, ac-2s659uf-shard-00-02.pvohmlz.mongodb.net:27017], passives=[], arbiters=[], primary='ac-2s659uf-shard-00-01.pvohmlz.mongodb.net:27017', tagSet=TagSet{[Tag{name='availabilityZone', value='aps1-az3'}, Tag{name='cacheState', value='READY'}, Tag{name='diskState', value='READY'}, Tag{name='nodeType', value='ELECTABLE'}, Tag{name='provider', value='AWS'}, Tag{name='region', value='AP_SOUTH_1'}, Tag{name='workloadType', value='OPERATIONAL'}]}, electionId=7fffffff000000000000029c, setVersion=243, topologyVersion=TopologyVersion{processId=6aa036cfe4fd87c4b852bc68, counter=10}, lastWriteDate=Fri Sep 18 13:37:25 IST 2026, lastUpdateTimeNanos=54599160733200}
2026-09-18 13:37:25 INFO  [WEBSOCKET,traceId=,spanId=] [cluster-ClusterId{value='6aac1d5834db5b549a8c3f89', description='Cluster0'}-ac-2s659uf-shard-00-01.pvohmlz.mongodb.net:27017] org.mongodb.driver.cluster - Discovered replica set primary ac-2s659uf-shard-00-01.pvohmlz.mongodb.net:27017 with max election id 7fffffff000000000000029c and max set version 243
2026-09-18 13:37:49 INFO  [WEBSOCKET,traceId=6aacf155357bdac64b391f22bf9596ea,spanId=4b391f22bf9596ea] [MessageBroker-4] c.s.w.service.PlayerStatusHandler - Total Online Players: 0
2026-09-18 13:38:19 INFO  [WEBSOCKET,traceId=6aacf1738e8bd83127c035715a7bed5f,spanId=27c035715a7bed5f] [MessageBroker-4] c.s.w.service.PlayerStatusHandler - Total Online Players: 0
2026-09-18 13:38:49 INFO  [WEBSOCKET,traceId=6aacf191c340216d25d98c237469862b,spanId=25d98c237469862b] [MessageBroker-4] c.s.w.service.PlayerStatusHandler - Total Online Players: 0
2026-09-18 13:39:19 INFO  [WEBSOCKET,traceId=6aacf1af8faaa3e4f642a35d40e21b4f,spanId=f642a35d40e21b4f] [MessageBroker-3] c.s.w.service.PlayerStatusHandler - Total Online Players: 0
2026-09-18 13:39:49 INFO  [WEBSOCKET,traceId=6aacf1cdf680ff9d06d8257c01972cc0,spanId=06d8257c01972cc0] [MessageBroker-3] c.s.w.service.PlayerStatusHandler - Total Online Players: 0
2026-09-18 13:40:07 INFO  [WEBSOCKET,traceId=,spanId=] [AsyncResolver-bootstrap-executor-%d] c.n.d.s.r.aws.ConfigClusterResolver - Resolving eureka endpoints via configuration
2026-09-18 13:40:19 INFO  [WEBSOCKET,traceId=6aacf1eb3e6e3e74335bff606030e7a9,spanId=335bff606030e7a9] [MessageBroker-3] c.s.w.service.PlayerStatusHandler - Total Online Players: 0
2026-09-18 13:40:49 INFO  [WEBSOCKET,traceId=6aacf209c83cccc64489fca1417e1e3a,spanId=4489fca1417e1e3a] [MessageBroker-3] c.s.w.service.PlayerStatusHandler - Total Online Players: 0
2026-09-18 13:41:19 INFO  [WEBSOCKET,traceId=6aacf2270be07650c211b0fa41ffba94,spanId=c211b0fa41ffba94] [MessageBroker-2] c.s.w.service.PlayerStatusHandler - Total Online Players: 0
2026-09-18 13:41:49 INFO  [WEBSOCKET,traceId=6aacf2454c8eaa6f53fa58c7b39f8281,spanId=53fa58c7b39f8281] [MessageBroker-2] c.s.w.service.PlayerStatusHandler - Total Online Players: 0
2026-09-18 13:42:19 INFO  [WEBSOCKET,traceId=6aacf2633537508589fada9332abdfb1,spanId=89fada9332abdfb1] [MessageBroker-4] c.s.w.service.PlayerStatusHandler - Total Online Players: 0
2026-09-18 13:42:49 INFO  [WEBSOCKET,traceId=6aacf28126ccb8919119c22e0eb3a138,spanId=9119c22e0eb3a138] [MessageBroker-4] c.s.w.service.PlayerStatusHandler - Total Online Players: 0
2026-09-18 13:43:19 INFO  [WEBSOCKET,traceId=6aacf29f6a2dc56e3f738392a8a1d487,spanId=3f738392a8a1d487] [MessageBroker-1] c.s.w.service.PlayerStatusHandler - Total Online Players: 0
2026-09-18 13:43:49 INFO  [WEBSOCKET,traceId=6aacf2bdc50b4f52c73e1dae25fb7140,spanId=c73e1dae25fb7140] [MessageBroker-1] c.s.w.service.PlayerStatusHandler - Total Online Players: 0
2026-09-18 13:44:19 INFO  [WEBSOCKET,traceId=6aacf2db6b5d3032992aabab330c7a5c,spanId=992aabab330c7a5c] [MessageBroker-1] c.s.w.service.PlayerStatusHandler - Total Online Players: 0
2026-09-18 13:44:49 INFO  [WEBSOCKET,traceId=6aacf2f9a335e927827c55cbf620c520,spanId=827c55cbf620c520] [MessageBroker-1] c.s.w.service.PlayerStatusHandler - Total Online Players: 0
2026-09-18 13:45:07 INFO  [WEBSOCKET,traceId=,spanId=] [AsyncResolver-bootstrap-executor-%d] c.n.d.s.r.aws.ConfigClusterResolver - Resolving eureka endpoints via configuration
2026-09-18 13:45:19 INFO  [WEBSOCKET,traceId=6aacf31731c8ebd7e8a23b82a1a18c2b,spanId=e8a23b82a1a18c2b] [MessageBroker-1] c.s.w.service.PlayerStatusHandler - Total Online Players: 0
2026-09-18 13:45:49 INFO  [WEBSOCKET,traceId=6aacf335cd7c1ddb424eb20074f594b4,spanId=424eb20074f594b4] [MessageBroker-1] c.s.w.service.PlayerStatusHandler - Total Online Players: 0
2026-09-18 13:46:19 INFO  [WEBSOCKET,traceId=6aacf35302049e79439d28474065fd96,spanId=439d28474065fd96] [MessageBroker-1] c.s.w.service.PlayerStatusHandler - Total Online Players: 0
2026-09-18 13:46:49 INFO  [WEBSOCKET,traceId=6aacf3710687ee303e63f235b94a63b0,spanId=3e63f235b94a63b0] [MessageBroker-1] c.s.w.service.PlayerStatusHandler - Total Online Players: 0
2026-09-18 13:47:19 INFO  [WEBSOCKET,traceId=6aacf38f057da38371ceca963f07e152,spanId=71ceca963f07e152] [MessageBroker-1] c.s.w.service.PlayerStatusHandler - Total Online Players: 0
2026-09-18 13:47:49 INFO  [WEBSOCKET,traceId=6aacf3ad8e1ed8e684dd503d113e7e37,spanId=84dd503d113e7e37] [MessageBroker-1] c.s.w.service.PlayerStatusHandler - Total Online Players: 0
2026-09-18 13:48:19 INFO  [WEBSOCKET,traceId=6aacf3cb138f5d74572ab3c0dda41cde,spanId=572ab3c0dda41cde] [MessageBroker-2] c.s.w.service.PlayerStatusHandler - Total Online Players: 0
2026-09-18 13:48:49 INFO  [WEBSOCKET,traceId=6aacf3e940f9ca5337b3212aff235d00,spanId=37b3212aff235d00] [MessageBroker-3] c.s.w.service.PlayerStatusHandler - Total Online Players: 0
2026-09-18 13:49:19 INFO  [WEBSOCKET,traceId=6aacf407c983e97e53aee1e154d647c7,spanId=53aee1e154d647c7] [MessageBroker-4] c.s.w.service.PlayerStatusHandler - Total Online Players: 0
2026-09-18 13:49:49 INFO  [WEBSOCKET,traceId=6aacf425d973df155ce0fe52f1d7bf44,spanId=5ce0fe52f1d7bf44] [MessageBroker-1] c.s.w.service.PlayerStatusHandler - Total Online Players: 0
2026-09-18 13:50:07 INFO  [WEBSOCKET,traceId=,spanId=] [AsyncResolver-bootstrap-executor-%d] c.n.d.s.r.aws.ConfigClusterResolver - Resolving eureka endpoints via configuration
2026-09-18 13:50:19 INFO  [WEBSOCKET,traceId=6aacf4436772f3e0d8748a9ec3996df4,spanId=d8748a9ec3996df4] [MessageBroker-1] c.s.w.service.PlayerStatusHandler - Total Online Players: 0
2026-09-18 13:50:49 INFO  [WEBSOCKET,traceId=6aacf46199232380a1bb6e17697cff2c,spanId=a1bb6e17697cff2c] [MessageBroker-1] c.s.w.service.PlayerStatusHandler - Total Online Players: 0
2026-09-18 13:51:19 INFO  [WEBSOCKET,traceId=6aacf47f4dc75c9953b153caf8482fd7,spanId=53b153caf8482fd7] [MessageBroker-4] c.s.w.service.PlayerStatusHandler - Total Online Players: 0
2026-09-18 13:51:49 INFO  [WEBSOCKET,traceId=6aacf49ddfa522de11932265c0e6a562,spanId=11932265c0e6a562] [MessageBroker-4] c.s.w.service.PlayerStatusHandler - Total Online Players: 0
2026-09-18 13:52:19 INFO  [WEBSOCKET,traceId=6aacf4bbf844483dbd066694056cd12a,spanId=bd066694056cd12a] [MessageBroker-4] c.s.w.service.PlayerStatusHandler - Total Online Players: 0
2026-09-18 13:52:49 INFO  [WEBSOCKET,traceId=6aacf4d9184ed2076bd45d020cd909f2,spanId=6bd45d020cd909f2] [MessageBroker-1] c.s.w.service.PlayerStatusHandler - Total Online Players: 0
2026-09-18 13:53:19 INFO  [WEBSOCKET,traceId=6aacf4f732ca703984b282ddda52f117,spanId=84b282ddda52f117] [MessageBroker-2] c.s.w.service.PlayerStatusHandler - Total Online Players: 0
2026-09-18 13:53:49 INFO  [WEBSOCKET,traceId=6aacf5151c689d9697e5e5e016e083ab,spanId=97e5e5e016e083ab] [MessageBroker-3] c.s.w.service.PlayerStatusHandler - Total Online Players: 0
2026-09-18 13:54:19 INFO  [WEBSOCKET,traceId=6aacf533efeff1fb1e39212610901617,spanId=1e39212610901617] [MessageBroker-4] c.s.w.service.PlayerStatusHandler - Total Online Players: 0
2026-09-18 13:54:49 INFO  [WEBSOCKET,traceId=6aacf551809de66c74c2dbd52e654e42,spanId=74c2dbd52e654e42] [MessageBroker-1] c.s.w.service.PlayerStatusHandler - Total Online Players: 0
2026-09-18 13:55:07 INFO  [WEBSOCKET,traceId=,spanId=] [AsyncResolver-bootstrap-executor-%d] c.n.d.s.r.aws.ConfigClusterResolver - Resolving eureka endpoints via configuration
2026-09-18 13:55:19 INFO  [WEBSOCKET,traceId=6aacf56fcf61f9aa1e02d463a59a54ab,spanId=1e02d463a59a54ab] [MessageBroker-2] c.s.w.service.PlayerStatusHandler - Total Online Players: 0
2026-09-18 13:55:49 INFO  [WEBSOCKET,traceId=6aacf58d43b8d73cd428c4e991bff1d4,spanId=d428c4e991bff1d4] [MessageBroker-2] c.s.w.service.PlayerStatusHandler - Total Online Players: 0
2026-09-18 13:56:19 INFO  [WEBSOCKET,traceId=6aacf5ab4b42a816365fb70466b4fa71,spanId=365fb70466b4fa71] [MessageBroker-2] c.s.w.service.PlayerStatusHandler - Total Online Players: 0
2026-09-18 13:56:49 INFO  [WEBSOCKET,traceId=6aacf5c93eae76fabee9c6e66c93104f,spanId=bee9c6e66c93104f] [MessageBroker-2] c.s.w.service.PlayerStatusHandler - Total Online Players: 0
2026-09-18 13:57:19 INFO  [WEBSOCKET,traceId=6aacf5e7b1f0bf73dbe5f4601465dbde,spanId=dbe5f4601465dbde] [MessageBroker-2] c.s.w.service.PlayerStatusHandler - Total Online Players: 0
2026-09-18 13:57:49 INFO  [WEBSOCKET,traceId=6aacf6057aee47f109f8012dd328d1ce,spanId=09f8012dd328d1ce] [MessageBroker-4] c.s.w.service.PlayerStatusHandler - Total Online Players: 0
2026-09-18 13:58:19 INFO  [WEBSOCKET,traceId=6aacf623eadb1e7b11d481476dbf7263,spanId=11d481476dbf7263] [MessageBroker-1] c.s.w.service.PlayerStatusHandler - Total Online Players: 0
2026-09-18 13:58:49 INFO  [WEBSOCKET,traceId=6aacf641d81af670baa65576d856453b,spanId=baa65576d856453b] [MessageBroker-3] c.s.w.service.PlayerStatusHandler - Total Online Players: 0
2026-09-18 13:59:19 INFO  [WEBSOCKET,traceId=6aacf65f4a834fcb9ba1b42f1dc8f36e,spanId=9ba1b42f1dc8f36e] [MessageBroker-2] c.s.w.service.PlayerStatusHandler - Total Online Players: 0
2026-09-18 13:59:49 INFO  [WEBSOCKET,traceId=6aacf67d979daba100fb088822312c69,spanId=00fb088822312c69] [MessageBroker-2] c.s.w.service.PlayerStatusHandler - Total Online Players: 0
2026-09-18 14:00:07 INFO  [WEBSOCKET,traceId=,spanId=] [AsyncResolver-bootstrap-executor-%d] c.n.d.s.r.aws.ConfigClusterResolver - Resolving eureka endpoints via configuration
2026-09-18 14:00:19 INFO  [WEBSOCKET,traceId=6aacf69b95d49c018f4f719aeec1f81d,spanId=8f4f719aeec1f81d] [MessageBroker-1] c.s.w.service.PlayerStatusHandler - Total Online Players: 0
2026-09-18 14:00:49 INFO  [WEBSOCKET,traceId=6aacf6b940988d99d030e4d9179fde41,spanId=d030e4d9179fde41] [MessageBroker-3] c.s.w.service.PlayerStatusHandler - Total Online Players: 0
2026-09-18 14:01:19 INFO  [WEBSOCKET,traceId=6aacf6d76fa14bc8891a240bbe566a1e,spanId=891a240bbe566a1e] [MessageBroker-3] c.s.w.service.PlayerStatusHandler - Total Online Players: 0
2026-09-18 14:01:49 INFO  [WEBSOCKET,traceId=6aacf6f59572ee966bf33d350e8b6317,spanId=6bf33d350e8b6317] [MessageBroker-2] c.s.w.service.PlayerStatusHandler - Total Online Players: 0
2026-09-18 14:02:19 INFO  [WEBSOCKET,traceId=6aacf7136da2ad3d1df6200dfa6f6416,spanId=1df6200dfa6f6416] [MessageBroker-2] c.s.w.service.PlayerStatusHandler - Total Online Players: 0
2026-09-18 14:02:49 INFO  [WEBSOCKET,traceId=6aacf73128d25a2d94976deb069f75d6,spanId=94976deb069f75d6] [MessageBroker-2] c.s.w.service.PlayerStatusHandler - Total Online Players: 0
2026-09-18 14:03:19 INFO  [WEBSOCKET,traceId=6aacf74fc2f0fcf68e0d5065446d180e,spanId=8e0d5065446d180e] [MessageBroker-2] c.s.w.service.PlayerStatusHandler - Total Online Players: 0
2026-09-18 14:03:49 INFO  [WEBSOCKET,traceId=6aacf76d0e6bc247e1f7c6c278f47fce,spanId=e1f7c6c278f47fce] [MessageBroker-2] c.s.w.service.PlayerStatusHandler - Total Online Players: 0
2026-09-18 14:04:19 INFO  [WEBSOCKET,traceId=6aacf78b8ed0b522ee1f74853ae58782,spanId=ee1f74853ae58782] [MessageBroker-2] c.s.w.service.PlayerStatusHandler - Total Online Players: 0
2026-09-18 14:04:49 INFO  [WEBSOCKET,traceId=6aacf7a9de77daf014c1cfa3b16ddfa8,spanId=14c1cfa3b16ddfa8] [MessageBroker-2] c.s.w.service.PlayerStatusHandler - Total Online Players: 0
2026-09-18 14:05:07 INFO  [WEBSOCKET,traceId=,spanId=] [AsyncResolver-bootstrap-executor-%d] c.n.d.s.r.aws.ConfigClusterResolver - Resolving eureka endpoints via configuration
2026-09-18 14:05:19 INFO  [WEBSOCKET,traceId=6aacf7c77e3106ab8a2ed8ad7782f93f,spanId=8a2ed8ad7782f93f] [MessageBroker-1] c.s.w.service.PlayerStatusHandler - Total Online Players: 0
2026-09-18 14:05:36 INFO  [WEBSOCKET,traceId=,spanId=] [MessageBroker-4] o.s.w.s.c.WebSocketMessageBrokerStats - WebSocketSession[0 current WS(0)-HttpStream(0)-HttpPoll(0), 0 total, 0 closed abnormally (0 connect failure, 0 send limit, 0 transport error)], stompSubProtocol[processed CONNECT(0)-CONNECTED(0)-DISCONNECT(0)], stompBrokerRelay[null], inboundChannel[pool size = 0, active threads = 0, queued tasks = 0, completed tasks = 0], outboundChannel[pool size = 0, active threads = 0, queued tasks = 0, completed tasks = 0], sockJsScheduler[pool size = 4, active threads = 1, queued tasks = 1, completed tasks = 1870]
2026-09-18 14:05:49 INFO  [WEBSOCKET,traceId=6aacf7e525be6a89837a3f864848b3cb,spanId=837a3f864848b3cb] [MessageBroker-3] c.s.w.service.PlayerStatusHandler - Total Online Players: 0
2026-09-18 14:06:19 INFO  [WEBSOCKET,traceId=6aacf803ecb71f2833e881078a893b0b,spanId=33e881078a893b0b] [MessageBroker-3] c.s.w.service.PlayerStatusHandler - Total Online Players: 0
2026-09-18 14:06:49 INFO  [WEBSOCKET,traceId=6aacf8219fd48ed9da4f647dfc695b67,spanId=da4f647dfc695b67] [MessageBroker-2] c.s.w.service.PlayerStatusHandler - Total Online Players: 0
2026-09-18 14:07:19 INFO  [WEBSOCKET,traceId=6aacf83f004070462d4c9a5b31cb949a,spanId=2d4c9a5b31cb949a] [MessageBroker-2] c.s.w.service.PlayerStatusHandler - Total Online Players: 0
2026-09-18 14:07:49 INFO  [WEBSOCKET,traceId=6aacf85d7d35cad590cebba5738b74fe,spanId=90cebba5738b74fe] [MessageBroker-1] c.s.w.service.PlayerStatusHandler - Total Online Players: 0
2026-09-18 14:08:19 INFO  [WEBSOCKET,traceId=6aacf87b0392113fa36f5d5761bc0c78,spanId=a36f5d5761bc0c78] [MessageBroker-3] c.s.w.service.PlayerStatusHandler - Total Online Players: 0
2026-09-18 14:08:49 INFO  [WEBSOCKET,traceId=6aacf8992f58a9b427a09fa7afd4d344,spanId=27a09fa7afd4d344] [MessageBroker-4] c.s.w.service.PlayerStatusHandler - Total Online Players: 0
2026-09-18 14:09:19 INFO  [WEBSOCKET,traceId=6aacf8b7828cfc4cc36ff9a53ede6c03,spanId=c36ff9a53ede6c03] [MessageBroker-2] c.s.w.service.PlayerStatusHandler - Total Online Players: 0
2026-09-18 14:09:49 INFO  [WEBSOCKET,traceId=6aacf8d5fe3d813d3700fe6d225536b5,spanId=3700fe6d225536b5] [MessageBroker-1] c.s.w.service.PlayerStatusHandler - Total Online Players: 0
2026-09-18 14:10:07 INFO  [WEBSOCKET,traceId=,spanId=] [AsyncResolver-bootstrap-executor-%d] c.n.d.s.r.aws.ConfigClusterResolver - Resolving eureka endpoints via configuration
2026-09-18 14:10:19 INFO  [WEBSOCKET,traceId=6aacf8f3b92557fd74211f1a7a067bfe,spanId=74211f1a7a067bfe] [MessageBroker-3] c.s.w.service.PlayerStatusHandler - Total Online Players: 0
2026-09-18 14:10:49 INFO  [WEBSOCKET,traceId=6aacf911740f7cef1efde4dc6e84d3dc,spanId=1efde4dc6e84d3dc] [MessageBroker-4] c.s.w.service.PlayerStatusHandler - Total Online Players: 0
2026-09-18 14:11:19 INFO  [WEBSOCKET,traceId=6aacf92f1eaee83fe1dba0f3ff8029d9,spanId=e1dba0f3ff8029d9] [MessageBroker-4] c.s.w.service.PlayerStatusHandler - Total Online Players: 0
2026-09-18 14:11:49 INFO  [WEBSOCKET,traceId=6aacf94d4945c784d1a5b92b71e9f250,spanId=d1a5b92b71e9f250] [MessageBroker-4] c.s.w.service.PlayerStatusHandler - Total Online Players: 0
2026-09-18 14:12:19 INFO  [WEBSOCKET,traceId=6aacf96bcd2b69c457b1613d8051b55b,spanId=57b1613d8051b55b] [MessageBroker-4] c.s.w.service.PlayerStatusHandler - Total Online Players: 0
2026-09-18 14:12:49 INFO  [WEBSOCKET,traceId=6aacf989d0f790ff33b99a09d16bbc6b,spanId=33b99a09d16bbc6b] [MessageBroker-4] c.s.w.service.PlayerStatusHandler - Total Online Players: 0
2026-09-18 14:13:19 INFO  [WEBSOCKET,traceId=6aacf9a75a1e7b3a28e1c857e62e526e,spanId=28e1c857e62e526e] [MessageBroker-1] c.s.w.service.PlayerStatusHandler - Total Online Players: 0
2026-09-18 14:13:49 INFO  [WEBSOCKET,traceId=6aacf9c59bf0758c45dfe5269d0e605d,spanId=45dfe5269d0e605d] [MessageBroker-3] c.s.w.service.PlayerStatusHandler - Total Online Players: 0
2026-09-18 14:14:19 INFO  [WEBSOCKET,traceId=6aacf9e30fdbfbf75bd99fee6d15c499,spanId=5bd99fee6d15c499] [MessageBroker-2] c.s.w.service.PlayerStatusHandler - Total Online Players: 0
2026-09-18 14:14:49 INFO  [WEBSOCKET,traceId=6aacfa01ab70f53d70cc56942ee66218,spanId=70cc56942ee66218] [MessageBroker-4] c.s.w.service.PlayerStatusHandler - Total Online Players: 0
2026-09-18 14:15:07 INFO  [WEBSOCKET,traceId=,spanId=] [AsyncResolver-bootstrap-executor-%d] c.n.d.s.r.aws.ConfigClusterResolver - Resolving eureka endpoints via configuration
2026-09-18 14:15:19 INFO  [WEBSOCKET,traceId=6aacfa1f3a5ccfc80fd115028b89916f,spanId=0fd115028b89916f] [MessageBroker-1] c.s.w.service.PlayerStatusHandler - Total Online Players: 0
2026-09-18 14:15:49 INFO  [WEBSOCKET,traceId=6aacfa3d2bf3a3529d4ed8ca3cc55788,spanId=9d4ed8ca3cc55788] [MessageBroker-3] c.s.w.service.PlayerStatusHandler - Total Online Players: 0
2026-09-18 14:16:19 INFO  [WEBSOCKET,traceId=6aacfa5b6baa215a3b888f2ab491dcb0,spanId=3b888f2ab491dcb0] [MessageBroker-3] c.s.w.service.PlayerStatusHandler - Total Online Players: 0
2026-09-18 14:16:49 INFO  [WEBSOCKET,traceId=6aacfa79c80030613d52e9b9beaaa448,spanId=3d52e9b9beaaa448] [MessageBroker-3] c.s.w.service.PlayerStatusHandler - Total Online Players: 0
2026-09-18 14:17:19 INFO  [WEBSOCKET,traceId=6aacfa9774d508664121ad9363f37297,spanId=4121ad9363f37297] [MessageBroker-1] c.s.w.service.PlayerStatusHandler - Total Online Players: 0
2026-09-18 14:17:49 INFO  [WEBSOCKET,traceId=6aacfab5baccdedaaa9b9a95c90d9675,spanId=aa9b9a95c90d9675] [MessageBroker-1] c.s.w.service.PlayerStatusHandler - Total Online Players: 0
2026-09-18 14:18:19 INFO  [WEBSOCKET,traceId=6aacfad3d20a57dcea49c04e58c255d9,spanId=ea49c04e58c255d9] [MessageBroker-1] c.s.w.service.PlayerStatusHandler - Total Online Players: 0
2026-09-18 14:18:49 INFO  [WEBSOCKET,traceId=6aacfaf12e6ffa7c084b0d8a4efcc834,spanId=084b0d8a4efcc834] [MessageBroker-1] c.s.w.service.PlayerStatusHandler - Total Online Players: 0
2026-09-18 14:19:19 INFO  [WEBSOCKET,traceId=6aacfb0fc5d8bf08751b8584b1305074,spanId=751b8584b1305074] [MessageBroker-2] c.s.w.service.PlayerStatusHandler - Total Online Players: 0
2026-09-18 14:19:49 INFO  [WEBSOCKET,traceId=6aacfb2d3b5beb9eede0461bd30fc884,spanId=ede0461bd30fc884] [MessageBroker-4] c.s.w.service.PlayerStatusHandler - Total Online Players: 0
2026-09-18 14:20:07 INFO  [WEBSOCKET,traceId=,spanId=] [AsyncResolver-bootstrap-executor-%d] c.n.d.s.r.aws.ConfigClusterResolver - Resolving eureka endpoints via configuration
2026-09-18 14:20:19 INFO  [WEBSOCKET,traceId=6aacfb4b7eea9f34caceb7bc35092068,spanId=caceb7bc35092068] [MessageBroker-4] c.s.w.service.PlayerStatusHandler - Total Online Players: 0
2026-09-18 14:20:49 INFO  [WEBSOCKET,traceId=6aacfb698a85dd8b0b6338a6506c5678,spanId=0b6338a6506c5678] [MessageBroker-1] c.s.w.service.PlayerStatusHandler - Total Online Players: 0
2026-09-18 14:21:19 INFO  [WEBSOCKET,traceId=6aacfb87376656333daebbe0a4a8d751,spanId=3daebbe0a4a8d751] [MessageBroker-1] c.s.w.service.PlayerStatusHandler - Total Online Players: 0
2026-09-18 14:21:49 INFO  [WEBSOCKET,traceId=6aacfba535334e6d14827212a0d76a02,spanId=14827212a0d76a02] [MessageBroker-1] c.s.w.service.PlayerStatusHandler - Total Online Players: 0
2026-09-18 14:22:19 INFO  [WEBSOCKET,traceId=6aacfbc368153b5460d01e5a1c50852a,spanId=60d01e5a1c50852a] [MessageBroker-1] c.s.w.service.PlayerStatusHandler - Total Online Players: 0
2026-09-18 14:22:49 INFO  [WEBSOCKET,traceId=6aacfbe1bc23e179d293489aff9e19e8,spanId=d293489aff9e19e8] [MessageBroker-2] c.s.w.service.PlayerStatusHandler - Total Online Players: 0
2026-09-18 14:23:19 INFO  [WEBSOCKET,traceId=6aacfbff79995f64b7addf51056bd18c,spanId=b7addf51056bd18c] [MessageBroker-2] c.s.w.service.PlayerStatusHandler - Total Online Players: 0
2026-09-18 14:23:49 INFO  [WEBSOCKET,traceId=6aacfc1df4f7c71081b66e8fbb196930,spanId=81b66e8fbb196930] [MessageBroker-4] c.s.w.service.PlayerStatusHandler - Total Online Players: 0
2026-09-18 14:24:19 INFO  [WEBSOCKET,traceId=6aacfc3b3c7510078aafcd5d5b305021,spanId=8aafcd5d5b305021] [MessageBroker-4] c.s.w.service.PlayerStatusHandler - Total Online Players: 0
2026-09-18 14:24:49 INFO  [WEBSOCKET,traceId=6aacfc59be3382029f0bedccf6e50637,spanId=9f0bedccf6e50637] [MessageBroker-3] c.s.w.service.PlayerStatusHandler - Total Online Players: 0
2026-09-18 14:25:07 INFO  [WEBSOCKET,traceId=,spanId=] [AsyncResolver-bootstrap-executor-%d] c.n.d.s.r.aws.ConfigClusterResolver - Resolving eureka endpoints via configuration
2026-09-18 14:25:19 INFO  [WEBSOCKET,traceId=6aacfc77190285d54a3d26cedb25fb17,spanId=4a3d26cedb25fb17] [MessageBroker-2] c.s.w.service.PlayerStatusHandler - Total Online Players: 0
2026-09-18 14:25:49 INFO  [WEBSOCKET,traceId=6aacfc95e07307c3b9bd4faec9cdd6cb,spanId=b9bd4faec9cdd6cb] [MessageBroker-1] c.s.w.service.PlayerStatusHandler - Total Online Players: 0
2026-09-18 14:26:19 INFO  [WEBSOCKET,traceId=6aacfcb3b7e5baa90920d97cff264919,spanId=0920d97cff264919] [MessageBroker-4] c.s.w.service.PlayerStatusHandler - Total Online Players: 0
2026-09-18 14:26:49 INFO  [WEBSOCKET,traceId=6aacfcd1731abc5de0eb42d641ba4741,spanId=e0eb42d641ba4741] [MessageBroker-4] c.s.w.service.PlayerStatusHandler - Total Online Players: 0
2026-09-18 14:27:19 INFO  [WEBSOCKET,traceId=6aacfcef51626ce7a3e2185cf404bd96,spanId=a3e2185cf404bd96] [MessageBroker-2] c.s.w.service.PlayerStatusHandler - Total Online Players: 0
2026-09-18 14:27:49 INFO  [WEBSOCKET,traceId=6aacfd0d02206d7d3437ab257179cad6,spanId=3437ab257179cad6] [MessageBroker-1] c.s.w.service.PlayerStatusHandler - Total Online Players: 0
2026-09-18 14:28:19 INFO  [WEBSOCKET,traceId=6aacfd2beaf1cb8888714f726d59de3d,spanId=88714f726d59de3d] [MessageBroker-1] c.s.w.service.PlayerStatusHandler - Total Online Players: 0
2026-09-18 14:28:49 INFO  [WEBSOCKET,traceId=6aacfd49b1aed571be39498f69667903,spanId=be39498f69667903] [MessageBroker-4] c.s.w.service.PlayerStatusHandler - Total Online Players: 0
2026-09-18 14:29:19 INFO  [WEBSOCKET,traceId=6aacfd67d538c2e136fd8f66fd5aac50,spanId=36fd8f66fd5aac50] [MessageBroker-4] c.s.w.service.PlayerStatusHandler - Total Online Players: 0
2026-09-18 14:29:49 INFO  [WEBSOCKET,traceId=6aacfd853179e128971dba6b8912a4b3,spanId=971dba6b8912a4b3] [MessageBroker-3] c.s.w.service.PlayerStatusHandler - Total Online Players: 0
2026-09-18 14:30:08 INFO  [WEBSOCKET,traceId=,spanId=] [AsyncResolver-bootstrap-executor-%d] c.n.d.s.r.aws.ConfigClusterResolver - Resolving eureka endpoints via configuration
2026-09-18 14:30:19 INFO  [WEBSOCKET,traceId=6aacfda3538c8f337b62d0f7acdbe9c5,spanId=7b62d0f7acdbe9c5] [MessageBroker-3] c.s.w.service.PlayerStatusHandler - Total Online Players: 0
2026-09-18 14:30:49 INFO  [WEBSOCKET,traceId=6aacfdc1ee22f57ceb9014a9babd732d,spanId=eb9014a9babd732d] [MessageBroker-3] c.s.w.service.PlayerStatusHandler - Total Online Players: 0
2026-09-18 14:31:19 INFO  [WEBSOCKET,traceId=6aacfddf50c19394696973236b13035c,spanId=696973236b13035c] [MessageBroker-3] c.s.w.service.PlayerStatusHandler - Total Online Players: 0
2026-09-18 14:31:49 INFO  [WEBSOCKET,traceId=6aacfdfd68fd79573ed7edf0fe120781,spanId=3ed7edf0fe120781] [MessageBroker-3] c.s.w.service.PlayerStatusHandler - Total Online Players: 0
2026-09-18 14:32:19 INFO  [WEBSOCKET,traceId=6aacfe1bd967ba39e5eccafab947b196,spanId=e5eccafab947b196] [MessageBroker-3] c.s.w.service.PlayerStatusHandler - Total Online Players: 0
2026-09-18 14:32:49 INFO  [WEBSOCKET,traceId=6aacfe39b08bc69df631f9c2b4585daf,spanId=f631f9c2b4585daf] [MessageBroker-3] c.s.w.service.PlayerStatusHandler - Total Online Players: 0
2026-09-18 14:33:19 INFO  [WEBSOCKET,traceId=6aacfe577db65dc6041485447faf3bea,spanId=041485447faf3bea] [MessageBroker-1] c.s.w.service.PlayerStatusHandler - Total Online Players: 0
2026-09-18 14:33:49 INFO  [WEBSOCKET,traceId=6aacfe75b08e65515e6f2c65faaf3d64,spanId=5e6f2c65faaf3d64] [MessageBroker-1] c.s.w.service.PlayerStatusHandler - Total Online Players: 0
2026-09-18 14:34:19 INFO  [WEBSOCKET,traceId=6aacfe93b5a0dfafa94172d980441440,spanId=a94172d980441440] [MessageBroker-1] c.s.w.service.PlayerStatusHandler - Total Online Players: 0
2026-09-18 14:34:49 INFO  [WEBSOCKET,traceId=6aacfeb17be1fbe08ad89dbd22649fbb,spanId=8ad89dbd22649fbb] [MessageBroker-1] c.s.w.service.PlayerStatusHandler - Total Online Players: 0
2026-09-18 14:35:08 INFO  [WEBSOCKET,traceId=,spanId=] [AsyncResolver-bootstrap-executor-%d] c.n.d.s.r.aws.ConfigClusterResolver - Resolving eureka endpoints via configuration
2026-09-18 14:35:19 INFO  [WEBSOCKET,traceId=6aacfecffa9306b7687434b3a251e9fb,spanId=687434b3a251e9fb] [MessageBroker-2] c.s.w.service.PlayerStatusHandler - Total Online Players: 0
2026-09-18 14:35:36 INFO  [WEBSOCKET,traceId=,spanId=] [MessageBroker-4] o.s.w.s.c.WebSocketMessageBrokerStats - WebSocketSession[0 current WS(0)-HttpStream(0)-HttpPoll(0), 0 total, 0 closed abnormally (0 connect failure, 0 send limit, 0 transport error)], stompSubProtocol[processed CONNECT(0)-CONNECTED(0)-DISCONNECT(0)], stompBrokerRelay[null], inboundChannel[pool size = 0, active threads = 0, queued tasks = 0, completed tasks = 0], outboundChannel[pool size = 0, active threads = 0, queued tasks = 0, completed tasks = 0], sockJsScheduler[pool size = 4, active threads = 1, queued tasks = 1, completed tasks = 1931]
2026-09-18 14:35:49 INFO  [WEBSOCKET,traceId=6aacfeedeb278fa6355819e610878845,spanId=355819e610878845] [MessageBroker-3] c.s.w.service.PlayerStatusHandler - Total Online Players: 0
2026-09-18 14:36:19 INFO  [WEBSOCKET,traceId=6aacff0b7585418df8572dee2dceb597,spanId=f8572dee2dceb597] [MessageBroker-3] c.s.w.service.PlayerStatusHandler - Total Online Players: 0
2026-09-18 14:36:49 INFO  [WEBSOCKET,traceId=6aacff290468c482188b34270829c700,spanId=188b34270829c700] [MessageBroker-3] c.s.w.service.PlayerStatusHandler - Total Online Players: 0
2026-09-18 14:37:19 INFO  [WEBSOCKET,traceId=6aacff4787d0818fabc8a5b28a2405d2,spanId=abc8a5b28a2405d2] [MessageBroker-4] c.s.w.service.PlayerStatusHandler - Total Online Players: 0
2026-09-18 14:37:49 INFO  [WEBSOCKET,traceId=6aacff65f4bf6749a3f611686f11c2a4,spanId=a3f611686f11c2a4] [MessageBroker-4] c.s.w.service.PlayerStatusHandler - Total Online Players: 0
2026-09-18 14:38:19 INFO  [WEBSOCKET,traceId=6aacff8303526b16b3d152d92c949e6b,spanId=b3d152d92c949e6b] [MessageBroker-1] c.s.w.service.PlayerStatusHandler - Total Online Players: 0
2026-09-18 14:38:49 INFO  [WEBSOCKET,traceId=6aacffa166a0b0028b706ce367699b20,spanId=8b706ce367699b20] [MessageBroker-1] c.s.w.service.PlayerStatusHandler - Total Online Players: 0
2026-09-18 14:39:19 INFO  [WEBSOCKET,traceId=6aacffbfc624eee268c21d7c414c070e,spanId=68c21d7c414c070e] [MessageBroker-1] c.s.w.service.PlayerStatusHandler - Total Online Players: 0
2026-09-18 14:39:49 INFO  [WEBSOCKET,traceId=6aacffdd3982d345aed92eee7ccb0493,spanId=aed92eee7ccb0493] [MessageBroker-4] c.s.w.service.PlayerStatusHandler - Total Online Players: 0
2026-09-18 14:40:08 INFO  [WEBSOCKET,traceId=,spanId=] [AsyncResolver-bootstrap-executor-%d] c.n.d.s.r.aws.ConfigClusterResolver - Resolving eureka endpoints via configuration
2026-09-18 14:40:19 INFO  [WEBSOCKET,traceId=6aacfffb00c5f83e97cc452511bb25e0,spanId=97cc452511bb25e0] [MessageBroker-3] c.s.w.service.PlayerStatusHandler - Total Online Players: 0
2026-09-18 14:40:49 INFO  [WEBSOCKET,traceId=6aad0019f5aff2e110247811cde209af,spanId=10247811cde209af] [MessageBroker-3] c.s.w.service.PlayerStatusHandler - Total Online Players: 0
2026-09-18 14:41:19 INFO  [WEBSOCKET,traceId=6aad00372c9f60018a32c53bba325e31,spanId=8a32c53bba325e31] [MessageBroker-3] c.s.w.service.PlayerStatusHandler - Total Online Players: 0
2026-09-18 14:41:49 INFO  [WEBSOCKET,traceId=6aad005562da14d32af5da2d8e15f9c7,spanId=2af5da2d8e15f9c7] [MessageBroker-3] c.s.w.service.PlayerStatusHandler - Total Online Players: 0
2026-09-18 14:42:19 INFO  [WEBSOCKET,traceId=6aad0073c4ec7fd39f4f8f52270ad0cf,spanId=9f4f8f52270ad0cf] [MessageBroker-2] c.s.w.service.PlayerStatusHandler - Total Online Players: 0
2026-09-18 14:42:49 INFO  [WEBSOCKET,traceId=6aad009136bbd324b2725912535070cd,spanId=b2725912535070cd] [MessageBroker-1] c.s.w.service.PlayerStatusHandler - Total Online Players: 0
2026-09-18 14:43:19 INFO  [WEBSOCKET,traceId=6aad00afb9d8db010316b264b251d4b4,spanId=0316b264b251d4b4] [MessageBroker-1] c.s.w.service.PlayerStatusHandler - Total Online Players: 0
2026-09-18 14:43:49 INFO  [WEBSOCKET,traceId=6aad00cdafea891b753bd39eafa715b2,spanId=753bd39eafa715b2] [MessageBroker-3] c.s.w.service.PlayerStatusHandler - Total Online Players: 0
2026-09-18 14:44:19 INFO  [WEBSOCKET,traceId=6aad00eb6ea69e5f748ff60128056283,spanId=748ff60128056283] [MessageBroker-2] c.s.w.service.PlayerStatusHandler - Total Online Players: 0
2026-09-18 14:44:49 INFO  [WEBSOCKET,traceId=6aad010974d8f6be2e63abbd56d38a7d,spanId=2e63abbd56d38a7d] [MessageBroker-4] c.s.w.service.PlayerStatusHandler - Total Online Players: 0
2026-09-18 14:45:08 INFO  [WEBSOCKET,traceId=,spanId=] [AsyncResolver-bootstrap-executor-%d] c.n.d.s.r.aws.ConfigClusterResolver - Resolving eureka endpoints via configuration
2026-09-18 14:45:19 INFO  [WEBSOCKET,traceId=6aad0127770b59b72732876e28e06d86,spanId=2732876e28e06d86] [MessageBroker-4] c.s.w.service.PlayerStatusHandler - Total Online Players: 0
2026-09-18 14:45:49 INFO  [WEBSOCKET,traceId=6aad01453c4974e71f5629278fb06f6b,spanId=1f5629278fb06f6b] [MessageBroker-3] c.s.w.service.PlayerStatusHandler - Total Online Players: 0
2026-09-18 14:46:19 INFO  [WEBSOCKET,traceId=6aad016384a302dcee6f36c7afd61256,spanId=ee6f36c7afd61256] [MessageBroker-3] c.s.w.service.PlayerStatusHandler - Total Online Players: 0
2026-09-18 14:46:49 INFO  [WEBSOCKET,traceId=6aad0181dbd3dfaccd2f9036ec2cb343,spanId=cd2f9036ec2cb343] [MessageBroker-3] c.s.w.service.PlayerStatusHandler - Total Online Players: 0
2026-09-18 14:47:19 INFO  [WEBSOCKET,traceId=6aad019ffcfe955ba3b7f8b8a565fa19,spanId=a3b7f8b8a565fa19] [MessageBroker-3] c.s.w.service.PlayerStatusHandler - Total Online Players: 0
2026-09-18 14:47:49 INFO  [WEBSOCKET,traceId=6aad01bddb8146ba66715985eea86caa,spanId=66715985eea86caa] [MessageBroker-3] c.s.w.service.PlayerStatusHandler - Total Online Players: 0
2026-09-18 14:48:19 INFO  [WEBSOCKET,traceId=6aad01db6d67b184217cd089c3cc8233,spanId=217cd089c3cc8233] [MessageBroker-3] c.s.w.service.PlayerStatusHandler - Total Online Players: 0
2026-09-18 14:48:49 INFO  [WEBSOCKET,traceId=6aad01f953b1b49b0cbaa678c7fac70f,spanId=0cbaa678c7fac70f] [MessageBroker-4] c.s.w.service.PlayerStatusHandler - Total Online Players: 0
2026-09-18 14:49:19 INFO  [WEBSOCKET,traceId=6aad02173e96c58c5bc6be38ca76a472,spanId=5bc6be38ca76a472] [MessageBroker-2] c.s.w.service.PlayerStatusHandler - Total Online Players: 0
2026-09-18 14:49:20 INFO  [WEBSOCKET,traceId=,spanId=] [cluster-ClusterId{value='6aac1d5834db5b549a8c3f89', description='Cluster0'}-ac-2s659uf-shard-00-01.pvohmlz.mongodb.net:27017] org.mongodb.driver.cluster - Exception in monitor thread while connecting to server ac-2s659uf-shard-00-01.pvohmlz.mongodb.net:27017
com.mongodb.MongoSocketReadTimeoutException: Timeout while receiving message
	at com.mongodb.internal.connection.InternalStreamConnection.createReadTimeoutException(InternalStreamConnection.java:824)
	at com.mongodb.internal.connection.InternalStreamConnection.translateReadException(InternalStreamConnection.java:812)
	at com.mongodb.internal.connection.InternalStreamConnection.receiveResponseBuffers(InternalStreamConnection.java:862)
	at com.mongodb.internal.connection.InternalStreamConnection.receiveCommandMessageResponse(InternalStreamConnection.java:517)
	at com.mongodb.internal.connection.InternalStreamConnection.receive(InternalStreamConnection.java:469)
	at com.mongodb.internal.connection.DefaultServerMonitor$ServerMonitor.lookupServerDescription(DefaultServerMonitor.java:249)
	at com.mongodb.internal.connection.DefaultServerMonitor$ServerMonitor.run(DefaultServerMonitor.java:176)
Caused by: java.net.SocketTimeoutException: Read timed out
	at java.base/sun.nio.ch.NioSocketImpl.timedRead(NioSocketImpl.java:278)
	at java.base/sun.nio.ch.NioSocketImpl.implRead(NioSocketImpl.java:304)
	at java.base/sun.nio.ch.NioSocketImpl.read(NioSocketImpl.java:346)
	at java.base/sun.nio.ch.NioSocketImpl$1.read(NioSocketImpl.java:796)
	at java.base/java.net.Socket$SocketInputStream.read(Socket.java:1099)
	at java.base/sun.security.ssl.SSLSocketInputRecord.read(SSLSocketInputRecord.java:489)
	at java.base/sun.security.ssl.SSLSocketInputRecord.readHeader(SSLSocketInputRecord.java:483)
	at java.base/sun.security.ssl.SSLSocketInputRecord.bytesInCompletePacket(SSLSocketInputRecord.java:70)
	at java.base/sun.security.ssl.SSLSocketImpl.readApplicationRecord(SSLSocketImpl.java:1461)
	at java.base/sun.security.ssl.SSLSocketImpl$AppInputStream.read(SSLSocketImpl.java:1066)
	at com.mongodb.internal.connection.SocketStream.read(SocketStream.java:182)
	at com.mongodb.internal.connection.InternalStreamConnection.receiveResponseBuffers(InternalStreamConnection.java:829)
	... 4 common frames omitted
2026-09-18 14:49:23 INFO  [WEBSOCKET,traceId=,spanId=] [cluster-ClusterId{value='6aac1d5834db5b549a8c3f89', description='Cluster0'}-ac-2s659uf-shard-00-02.pvohmlz.mongodb.net:27017] org.mongodb.driver.cluster - Exception in monitor thread while connecting to server ac-2s659uf-shard-00-02.pvohmlz.mongodb.net:27017
com.mongodb.MongoSocketReadTimeoutException: Timeout while receiving message
	at com.mongodb.internal.connection.InternalStreamConnection.createReadTimeoutException(InternalStreamConnection.java:824)
	at com.mongodb.internal.connection.InternalStreamConnection.translateReadException(InternalStreamConnection.java:812)
	at com.mongodb.internal.connection.InternalStreamConnection.receiveResponseBuffers(InternalStreamConnection.java:862)
	at com.mongodb.internal.connection.InternalStreamConnection.receiveCommandMessageResponse(InternalStreamConnection.java:517)
	at com.mongodb.internal.connection.InternalStreamConnection.receive(InternalStreamConnection.java:469)
	at com.mongodb.internal.connection.DefaultServerMonitor$ServerMonitor.lookupServerDescription(DefaultServerMonitor.java:249)
	at com.mongodb.internal.connection.DefaultServerMonitor$ServerMonitor.run(DefaultServerMonitor.java:176)
Caused by: java.net.SocketTimeoutException: Read timed out
	at java.base/sun.nio.ch.NioSocketImpl.timedRead(NioSocketImpl.java:278)
	at java.base/sun.nio.ch.NioSocketImpl.implRead(NioSocketImpl.java:304)
	at java.base/sun.nio.ch.NioSocketImpl.read(NioSocketImpl.java:346)
	at java.base/sun.nio.ch.NioSocketImpl$1.read(NioSocketImpl.java:796)
	at java.base/java.net.Socket$SocketInputStream.read(Socket.java:1099)
	at java.base/sun.security.ssl.SSLSocketInputRecord.read(SSLSocketInputRecord.java:489)
	at java.base/sun.security.ssl.SSLSocketInputRecord.readHeader(SSLSocketInputRecord.java:483)
	at java.base/sun.security.ssl.SSLSocketInputRecord.bytesInCompletePacket(SSLSocketInputRecord.java:70)
	at java.base/sun.security.ssl.SSLSocketImpl.readApplicationRecord(SSLSocketImpl.java:1461)
	at java.base/sun.security.ssl.SSLSocketImpl$AppInputStream.read(SSLSocketImpl.java:1066)
	at com.mongodb.internal.connection.SocketStream.read(SocketStream.java:182)
	at com.mongodb.internal.connection.InternalStreamConnection.receiveResponseBuffers(InternalStreamConnection.java:829)
	... 4 common frames omitted
2026-09-18 14:49:23 INFO  [WEBSOCKET,traceId=,spanId=] [cluster-ClusterId{value='6aac1d5834db5b549a8c3f89', description='Cluster0'}-ac-2s659uf-shard-00-02.pvohmlz.mongodb.net:27017] org.mongodb.driver.cluster - Exception in monitor thread while connecting to server ac-2s659uf-shard-00-02.pvohmlz.mongodb.net:27017
com.mongodb.MongoSocketException: No such host is known (ac-2s659uf-shard-00-02.pvohmlz.mongodb.net)
	at com.mongodb.internal.connection.ServerAddressHelper.getSocketAddresses(ServerAddressHelper.java:75)
	at com.mongodb.internal.connection.SocketStream.initializeSocket(SocketStream.java:100)
	at com.mongodb.internal.connection.SocketStream.open(SocketStream.java:79)
	at com.mongodb.internal.connection.InternalStreamConnection.open(InternalStreamConnection.java:233)
	at com.mongodb.internal.connection.DefaultServerMonitor$ServerMonitor.lookupServerDescription(DefaultServerMonitor.java:219)
	at com.mongodb.internal.connection.DefaultServerMonitor$ServerMonitor.run(DefaultServerMonitor.java:176)
Caused by: java.net.UnknownHostException: No such host is known (ac-2s659uf-shard-00-02.pvohmlz.mongodb.net)
	at java.base/java.net.Inet6AddressImpl.lookupAllHostAddr(Native Method)
	at java.base/java.net.Inet6AddressImpl.lookupAllHostAddr(Inet6AddressImpl.java:52)
	at java.base/java.net.InetAddress$PlatformResolver.lookupByName(InetAddress.java:1211)
	at java.base/java.net.InetAddress.getAddressesFromNameService(InetAddress.java:1828)
	at java.base/java.net.InetAddress$NameServiceAddresses.get(InetAddress.java:1139)
	at java.base/java.net.InetAddress.getAllByName0(InetAddress.java:1818)
	at java.base/java.net.InetAddress.getAllByName(InetAddress.java:1688)
	at com.mongodb.internal.connection.DefaultInetAddressResolver.lookupByName(DefaultInetAddressResolver.java:34)
	at com.mongodb.internal.connection.ServerAddressHelper.getSocketAddresses(ServerAddressHelper.java:71)
	... 5 common frames omitted
2026-09-18 14:49:23 INFO  [WEBSOCKET,traceId=,spanId=] [cluster-ClusterId{value='6aac1d5834db5b549a8c3f89', description='Cluster0'}-ac-2s659uf-shard-00-00.pvohmlz.mongodb.net:27017] org.mongodb.driver.cluster - Exception in monitor thread while connecting to server ac-2s659uf-shard-00-00.pvohmlz.mongodb.net:27017
com.mongodb.MongoSocketReadTimeoutException: Timeout while receiving message
	at com.mongodb.internal.connection.InternalStreamConnection.createReadTimeoutException(InternalStreamConnection.java:824)
	at com.mongodb.internal.connection.InternalStreamConnection.translateReadException(InternalStreamConnection.java:812)
	at com.mongodb.internal.connection.InternalStreamConnection.receiveResponseBuffers(InternalStreamConnection.java:862)
	at com.mongodb.internal.connection.InternalStreamConnection.receiveCommandMessageResponse(InternalStreamConnection.java:517)
	at com.mongodb.internal.connection.InternalStreamConnection.receive(InternalStreamConnection.java:469)
	at com.mongodb.internal.connection.DefaultServerMonitor$ServerMonitor.lookupServerDescription(DefaultServerMonitor.java:249)
	at com.mongodb.internal.connection.DefaultServerMonitor$ServerMonitor.run(DefaultServerMonitor.java:176)
Caused by: java.net.SocketTimeoutException: Read timed out
	at java.base/sun.nio.ch.NioSocketImpl.timedRead(NioSocketImpl.java:278)
	at java.base/sun.nio.ch.NioSocketImpl.implRead(NioSocketImpl.java:304)
	at java.base/sun.nio.ch.NioSocketImpl.read(NioSocketImpl.java:346)
	at java.base/sun.nio.ch.NioSocketImpl$1.read(NioSocketImpl.java:796)
	at java.base/java.net.Socket$SocketInputStream.read(Socket.java:1099)
	at java.base/sun.security.ssl.SSLSocketInputRecord.read(SSLSocketInputRecord.java:489)
	at java.base/sun.security.ssl.SSLSocketInputRecord.readHeader(SSLSocketInputRecord.java:483)
	at java.base/sun.security.ssl.SSLSocketInputRecord.bytesInCompletePacket(SSLSocketInputRecord.java:70)
	at java.base/sun.security.ssl.SSLSocketImpl.readApplicationRecord(SSLSocketImpl.java:1461)
	at java.base/sun.security.ssl.SSLSocketImpl$AppInputStream.read(SSLSocketImpl.java:1066)
	at com.mongodb.internal.connection.SocketStream.read(SocketStream.java:182)
	at com.mongodb.internal.connection.InternalStreamConnection.receiveResponseBuffers(InternalStreamConnection.java:829)
	... 4 common frames omitted
2026-09-18 14:49:23 INFO  [WEBSOCKET,traceId=,spanId=] [cluster-ClusterId{value='6aac1d5834db5b549a8c3f89', description='Cluster0'}-ac-2s659uf-shard-00-00.pvohmlz.mongodb.net:27017] org.mongodb.driver.cluster - Exception in monitor thread while connecting to server ac-2s659uf-shard-00-00.pvohmlz.mongodb.net:27017
com.mongodb.MongoSocketException: No such host is known (ac-2s659uf-shard-00-00.pvohmlz.mongodb.net)
	at com.mongodb.internal.connection.ServerAddressHelper.getSocketAddresses(ServerAddressHelper.java:75)
	at com.mongodb.internal.connection.SocketStream.initializeSocket(SocketStream.java:100)
	at com.mongodb.internal.connection.SocketStream.open(SocketStream.java:79)
	at com.mongodb.internal.connection.InternalStreamConnection.open(InternalStreamConnection.java:233)
	at com.mongodb.internal.connection.DefaultServerMonitor$ServerMonitor.lookupServerDescription(DefaultServerMonitor.java:219)
	at com.mongodb.internal.connection.DefaultServerMonitor$ServerMonitor.run(DefaultServerMonitor.java:176)
Caused by: java.net.UnknownHostException: No such host is known (ac-2s659uf-shard-00-00.pvohmlz.mongodb.net)
	at java.base/java.net.Inet6AddressImpl.lookupAllHostAddr(Native Method)
	at java.base/java.net.Inet6AddressImpl.lookupAllHostAddr(Inet6AddressImpl.java:52)
	at java.base/java.net.InetAddress$PlatformResolver.lookupByName(InetAddress.java:1211)
	at java.base/java.net.InetAddress.getAddressesFromNameService(InetAddress.java:1828)
	at java.base/java.net.InetAddress$NameServiceAddresses.get(InetAddress.java:1139)
	at java.base/java.net.InetAddress.getAllByName0(InetAddress.java:1818)
	at java.base/java.net.InetAddress.getAllByName(InetAddress.java:1688)
	at com.mongodb.internal.connection.DefaultInetAddressResolver.lookupByName(DefaultInetAddressResolver.java:34)
	at com.mongodb.internal.connection.ServerAddressHelper.getSocketAddresses(ServerAddressHelper.java:71)
	... 5 common frames omitted
2026-09-18 14:49:30 INFO  [WEBSOCKET,traceId=,spanId=] [cluster-ClusterId{value='6aac1d5834db5b549a8c3f89', description='Cluster0'}-ac-2s659uf-shard-00-01.pvohmlz.mongodb.net:27017] org.mongodb.driver.cluster - Exception in monitor thread while connecting to server ac-2s659uf-shard-00-01.pvohmlz.mongodb.net:27017
com.mongodb.MongoSocketException: No such host is known (ac-2s659uf-shard-00-01.pvohmlz.mongodb.net)
	at com.mongodb.internal.connection.ServerAddressHelper.getSocketAddresses(ServerAddressHelper.java:75)
	at com.mongodb.internal.connection.SocketStream.initializeSocket(SocketStream.java:100)
	at com.mongodb.internal.connection.SocketStream.open(SocketStream.java:79)
	at com.mongodb.internal.connection.InternalStreamConnection.open(InternalStreamConnection.java:233)
	at com.mongodb.internal.connection.DefaultServerMonitor$ServerMonitor.lookupServerDescription(DefaultServerMonitor.java:219)
	at com.mongodb.internal.connection.DefaultServerMonitor$ServerMonitor.run(DefaultServerMonitor.java:176)
Caused by: java.net.UnknownHostException: No such host is known (ac-2s659uf-shard-00-01.pvohmlz.mongodb.net)
	at java.base/java.net.Inet6AddressImpl.lookupAllHostAddr(Native Method)
	at java.base/java.net.Inet6AddressImpl.lookupAllHostAddr(Inet6AddressImpl.java:52)
	at java.base/java.net.InetAddress$PlatformResolver.lookupByName(InetAddress.java:1211)
	at java.base/java.net.InetAddress.getAddressesFromNameService(InetAddress.java:1828)
	at java.base/java.net.InetAddress$NameServiceAddresses.get(InetAddress.java:1139)
	at java.base/java.net.InetAddress.getAllByName0(InetAddress.java:1818)
	at java.base/java.net.InetAddress.getAllByName(InetAddress.java:1688)
	at com.mongodb.internal.connection.DefaultInetAddressResolver.lookupByName(DefaultInetAddressResolver.java:34)
	at com.mongodb.internal.connection.ServerAddressHelper.getSocketAddresses(ServerAddressHelper.java:71)
	... 5 common frames omitted
2026-09-18 14:49:49 INFO  [WEBSOCKET,traceId=6aad0235b8c4b6f8925df2ad5f114e37,spanId=925df2ad5f114e37] [MessageBroker-1] c.s.w.service.PlayerStatusHandler - Total Online Players: 0
2026-09-18 14:50:08 INFO  [WEBSOCKET,traceId=,spanId=] [AsyncResolver-bootstrap-executor-%d] c.n.d.s.r.aws.ConfigClusterResolver - Resolving eureka endpoints via configuration
2026-09-18 14:50:19 INFO  [WEBSOCKET,traceId=6aad02538616f5f7a9a63f96c7459811,spanId=a9a63f96c7459811] [MessageBroker-3] c.s.w.service.PlayerStatusHandler - Total Online Players: 0
2026-09-18 14:50:49 INFO  [WEBSOCKET,traceId=6aad027147243751fe1b0d18d77b06f0,spanId=fe1b0d18d77b06f0] [MessageBroker-3] c.s.w.service.PlayerStatusHandler - Total Online Players: 0
2026-09-18 14:51:19 INFO  [WEBSOCKET,traceId=6aad028f09a4dc18a565c156881aa60a,spanId=a565c156881aa60a] [MessageBroker-2] c.s.w.service.PlayerStatusHandler - Total Online Players: 0
2026-09-18 14:51:49 INFO  [WEBSOCKET,traceId=6aad02ad0803947644ac9f4701da21a2,spanId=44ac9f4701da21a2] [MessageBroker-1] c.s.w.service.PlayerStatusHandler - Total Online Players: 0
2026-09-18 14:52:19 INFO  [WEBSOCKET,traceId=6aad02cbedcb7af64058c43a4698bd59,spanId=4058c43a4698bd59] [MessageBroker-1] c.s.w.service.PlayerStatusHandler - Total Online Players: 0
2026-09-18 14:52:49 INFO  [WEBSOCKET,traceId=6aad02e958bc1e97033335a1231cba47,spanId=033335a1231cba47] [MessageBroker-1] c.s.w.service.PlayerStatusHandler - Total Online Players: 0
2026-09-18 14:53:19 INFO  [WEBSOCKET,traceId=6aad0307cb8c2577d4aa7e70c8f9033f,spanId=d4aa7e70c8f9033f] [MessageBroker-2] c.s.w.service.PlayerStatusHandler - Total Online Players: 0
2026-09-18 14:53:49 INFO  [WEBSOCKET,traceId=6aad032533ca6668d1c4a6fdfb1c1692,spanId=d1c4a6fdfb1c1692] [MessageBroker-4] c.s.w.service.PlayerStatusHandler - Total Online Players: 0
2026-09-18 14:54:19 INFO  [WEBSOCKET,traceId=6aad0343f6681e026fbee6221251c78f,spanId=6fbee6221251c78f] [MessageBroker-3] c.s.w.service.PlayerStatusHandler - Total Online Players: 0
2026-09-18 14:54:49 INFO  [WEBSOCKET,traceId=6aad036192c3c788e0a0e26cceefbe58,spanId=e0a0e26cceefbe58] [MessageBroker-3] c.s.w.service.PlayerStatusHandler - Total Online Players: 0
2026-09-18 14:55:08 INFO  [WEBSOCKET,traceId=,spanId=] [AsyncResolver-bootstrap-executor-%d] c.n.d.s.r.aws.ConfigClusterResolver - Resolving eureka endpoints via configuration
2026-09-18 14:55:19 INFO  [WEBSOCKET,traceId=6aad037fd1b2c7f6eba1cd38b34bf2a2,spanId=eba1cd38b34bf2a2] [MessageBroker-3] c.s.w.service.PlayerStatusHandler - Total Online Players: 0
2026-09-18 14:55:49 INFO  [WEBSOCKET,traceId=6aad039dd7aabc2ba954a33b764d99d0,spanId=a954a33b764d99d0] [MessageBroker-3] c.s.w.service.PlayerStatusHandler - Total Online Players: 0
2026-09-18 14:56:19 INFO  [WEBSOCKET,traceId=6aad03bbaa3e0599905561ed39a88549,spanId=905561ed39a88549] [MessageBroker-3] c.s.w.service.PlayerStatusHandler - Total Online Players: 0
2026-09-18 14:56:49 INFO  [WEBSOCKET,traceId=6aad03d91af9077164aa8a46083a5d71,spanId=64aa8a46083a5d71] [MessageBroker-2] c.s.w.service.PlayerStatusHandler - Total Online Players: 0
2026-09-18 14:57:19 INFO  [WEBSOCKET,traceId=6aad03f79321dbcc376f55f901650c44,spanId=376f55f901650c44] [MessageBroker-4] c.s.w.service.PlayerStatusHandler - Total Online Players: 0
2026-09-18 14:57:49 INFO  [WEBSOCKET,traceId=6aad0415c7af428e2326b4b7a8520c7b,spanId=2326b4b7a8520c7b] [MessageBroker-1] c.s.w.service.PlayerStatusHandler - Total Online Players: 0
2026-09-18 14:58:19 INFO  [WEBSOCKET,traceId=6aad04331a751c3ed2114893143bcc9e,spanId=d2114893143bcc9e] [MessageBroker-3] c.s.w.service.PlayerStatusHandler - Total Online Players: 0
2026-09-18 14:58:49 INFO  [WEBSOCKET,traceId=6aad0451bf94c7b5dddb3cb5fb858997,spanId=dddb3cb5fb858997] [MessageBroker-2] c.s.w.service.PlayerStatusHandler - Total Online Players: 0
2026-09-18 14:59:19 INFO  [WEBSOCKET,traceId=6aad046f322031c930f9875e930b3092,spanId=30f9875e930b3092] [MessageBroker-2] c.s.w.service.PlayerStatusHandler - Total Online Players: 0
2026-09-18 14:59:49 INFO  [WEBSOCKET,traceId=6aad048dbae53584d9379340bc33ca87,spanId=d9379340bc33ca87] [MessageBroker-2] c.s.w.service.PlayerStatusHandler - Total Online Players: 0
2026-09-18 15:00:08 INFO  [WEBSOCKET,traceId=,spanId=] [AsyncResolver-bootstrap-executor-%d] c.n.d.s.r.aws.ConfigClusterResolver - Resolving eureka endpoints via configuration
2026-09-18 15:00:20 INFO  [WEBSOCKET,traceId=6aad04ac73823e3f481afba2c8d6bfbe,spanId=481afba2c8d6bfbe] [MessageBroker-2] c.s.w.service.PlayerStatusHandler - Total Online Players: 0
2026-09-18 15:00:49 INFO  [WEBSOCKET,traceId=6aad04c91d6a9b47abf9291642e5f331,spanId=abf9291642e5f331] [MessageBroker-2] c.s.w.service.PlayerStatusHandler - Total Online Players: 0
2026-09-18 15:01:19 INFO  [WEBSOCKET,traceId=6aad04e72a9dc3ae5aee9d57be5c8d8d,spanId=5aee9d57be5c8d8d] [MessageBroker-1] c.s.w.service.PlayerStatusHandler - Total Online Players: 0
2026-09-18 15:01:49 INFO  [WEBSOCKET,traceId=6aad0505a8372ee6f6d13027faf2179d,spanId=f6d13027faf2179d] [MessageBroker-1] c.s.w.service.PlayerStatusHandler - Total Online Players: 0
2026-09-18 15:02:19 INFO  [WEBSOCKET,traceId=6aad05235827ad9ccdf81201716cfdb8,spanId=cdf81201716cfdb8] [MessageBroker-1] c.s.w.service.PlayerStatusHandler - Total Online Players: 0
2026-09-18 15:02:49 INFO  [WEBSOCKET,traceId=6aad054125768a3ae0ea262a6f0f1f2c,spanId=e0ea262a6f0f1f2c] [MessageBroker-1] c.s.w.service.PlayerStatusHandler - Total Online Players: 0
2026-09-18 15:03:19 INFO  [WEBSOCKET,traceId=6aad055f18b929231c6cc33e4cc21717,spanId=1c6cc33e4cc21717] [MessageBroker-1] c.s.w.service.PlayerStatusHandler - Total Online Players: 0
2026-09-18 15:03:49 INFO  [WEBSOCKET,traceId=6aad057d5645aad976f00ea1f0634e1e,spanId=76f00ea1f0634e1e] [MessageBroker-4] c.s.w.service.PlayerStatusHandler - Total Online Players: 0
2026-09-18 15:04:19 INFO  [WEBSOCKET,traceId=6aad059bc89805e48e72a735017e3c20,spanId=8e72a735017e3c20] [MessageBroker-4] c.s.w.service.PlayerStatusHandler - Total Online Players: 0
2026-09-18 15:04:51 INFO  [WEBSOCKET,traceId=6aad05bb68306c8a9821339a454a605a,spanId=9821339a454a605a] [MessageBroker-4] c.s.w.service.PlayerStatusHandler - Total Online Players: 0
2026-09-18 15:05:11 INFO  [WEBSOCKET,traceId=,spanId=] [AsyncResolver-bootstrap-executor-%d] c.n.d.s.r.aws.ConfigClusterResolver - Resolving eureka endpoints via configuration
2026-09-18 15:05:19 INFO  [WEBSOCKET,traceId=6aad05d7f1ed6868c1c4a57e2f6013b2,spanId=c1c4a57e2f6013b2] [MessageBroker-4] c.s.w.service.PlayerStatusHandler - Total Online Players: 0
2026-09-18 15:05:36 INFO  [WEBSOCKET,traceId=,spanId=] [MessageBroker-2] o.s.w.s.c.WebSocketMessageBrokerStats - WebSocketSession[0 current WS(0)-HttpStream(0)-HttpPoll(0), 0 total, 0 closed abnormally (0 connect failure, 0 send limit, 0 transport error)], stompSubProtocol[processed CONNECT(0)-CONNECTED(0)-DISCONNECT(0)], stompBrokerRelay[null], inboundChannel[pool size = 0, active threads = 0, queued tasks = 0, completed tasks = 0], outboundChannel[pool size = 0, active threads = 0, queued tasks = 0, completed tasks = 0], sockJsScheduler[pool size = 4, active threads = 1, queued tasks = 1, completed tasks = 1992]
2026-09-18 15:05:49 INFO  [WEBSOCKET,traceId=6aad05f5606501976ce26d77bc55614f,spanId=6ce26d77bc55614f] [MessageBroker-3] c.s.w.service.PlayerStatusHandler - Total Online Players: 0
2026-09-18 15:33:39 INFO  [WEBSOCKET,traceId=,spanId=] [cluster-ClusterId{value='6aac1d5834db5b549a8c3f89', description='Cluster0'}-ac-2s659uf-shard-00-01.pvohmlz.mongodb.net:27017] org.mongodb.driver.cluster - Exception in monitor thread while connecting to server ac-2s659uf-shard-00-01.pvohmlz.mongodb.net:27017
com.mongodb.MongoSocketException: ac-2s659uf-shard-00-01.pvohmlz.mongodb.net
	at com.mongodb.internal.connection.ServerAddressHelper.getSocketAddresses(ServerAddressHelper.java:75)
	at com.mongodb.internal.connection.SocketStream.initializeSocket(SocketStream.java:100)
	at com.mongodb.internal.connection.SocketStream.open(SocketStream.java:79)
	at com.mongodb.internal.connection.InternalStreamConnection.open(InternalStreamConnection.java:233)
	at com.mongodb.internal.connection.DefaultServerMonitor$ServerMonitor.lookupServerDescription(DefaultServerMonitor.java:219)
	at com.mongodb.internal.connection.DefaultServerMonitor$ServerMonitor.run(DefaultServerMonitor.java:176)
Caused by: java.net.UnknownHostException: ac-2s659uf-shard-00-01.pvohmlz.mongodb.net
	at java.base/java.net.InetAddress$CachedLookup.get(InetAddress.java:988)
	at java.base/java.net.InetAddress.getAllByName0(InetAddress.java:1818)
	at java.base/java.net.InetAddress.getAllByName(InetAddress.java:1688)
	at com.mongodb.internal.connection.DefaultInetAddressResolver.lookupByName(DefaultInetAddressResolver.java:34)
	at com.mongodb.internal.connection.ServerAddressHelper.getSocketAddresses(ServerAddressHelper.java:71)
	... 5 common frames omitted
2026-09-18 15:33:54 INFO  [WEBSOCKET,traceId=6aad0c8a911df3d7b3f1665d5713c8bb,spanId=b3f1665d5713c8bb] [MessageBroker-3] c.s.w.service.PlayerStatusHandler - Total Online Players: 0
2026-09-18 15:33:54 INFO  [WEBSOCKET,traceId=6aad0c8a896e79e1e711cafbc51de184,spanId=e711cafbc51de184] [MessageBroker-1] c.s.w.service.PlayerStatusHandler - Total Online Players: 0
2026-09-18 15:33:54 INFO  [WEBSOCKET,traceId=6aad0c8a06c32a2590f5fe583e62017e,spanId=90f5fe583e62017e] [MessageBroker-1] c.s.w.service.PlayerStatusHandler - Total Online Players: 0
2026-09-18 15:33:54 INFO  [WEBSOCKET,traceId=6aad0c8abc50012a9ce07def029934b3,spanId=9ce07def029934b3] [MessageBroker-1] c.s.w.service.PlayerStatusHandler - Total Online Players: 0
2026-09-18 15:33:54 INFO  [WEBSOCKET,traceId=6aad0c8a610d3b58c827566ec4eb8346,spanId=c827566ec4eb8346] [MessageBroker-1] c.s.w.service.PlayerStatusHandler - Total Online Players: 0
2026-09-18 15:33:54 INFO  [WEBSOCKET,traceId=6aad0c8adc1b3cb0af1b1e4044305681,spanId=af1b1e4044305681] [MessageBroker-1] c.s.w.service.PlayerStatusHandler - Total Online Players: 0
2026-09-18 15:33:54 INFO  [WEBSOCKET,traceId=6aad0c8af9d038c420cf40faa3662366,spanId=20cf40faa3662366] [MessageBroker-1] c.s.w.service.PlayerStatusHandler - Total Online Players: 0
2026-09-18 15:33:54 INFO  [WEBSOCKET,traceId=6aad0c8ad63940281fc2d50e0ce18b24,spanId=1fc2d50e0ce18b24] [MessageBroker-1] c.s.w.service.PlayerStatusHandler - Total Online Players: 0
2026-09-18 15:33:54 INFO  [WEBSOCKET,traceId=6aad0c8ad51849ba3c70183e876aa16c,spanId=3c70183e876aa16c] [MessageBroker-1] c.s.w.service.PlayerStatusHandler - Total Online Players: 0
2026-09-18 15:33:54 INFO  [WEBSOCKET,traceId=6aad0c8a7019f186041772fcf584912c,spanId=041772fcf584912c] [MessageBroker-1] c.s.w.service.PlayerStatusHandler - Total Online Players: 0
2026-09-18 15:33:54 INFO  [WEBSOCKET,traceId=6aad0c8a616fd13de113963485c148a9,spanId=e113963485c148a9] [MessageBroker-1] c.s.w.service.PlayerStatusHandler - Total Online Players: 0
2026-09-18 15:33:54 INFO  [WEBSOCKET,traceId=6aad0c8a4f7b9ef764fb9805f7fc7acd,spanId=64fb9805f7fc7acd] [MessageBroker-1] c.s.w.service.PlayerStatusHandler - Total Online Players: 0
2026-09-18 15:33:54 INFO  [WEBSOCKET,traceId=6aad0c8af79af477baf130d22a3435b8,spanId=baf130d22a3435b8] [MessageBroker-3] c.s.w.service.PlayerStatusHandler - Total Online Players: 0
2026-09-18 15:33:54 INFO  [WEBSOCKET,traceId=6aad0c8a4dd9c57555958bf2752a37cf,spanId=55958bf2752a37cf] [MessageBroker-3] c.s.w.service.PlayerStatusHandler - Total Online Players: 0
2026-09-18 15:33:54 INFO  [WEBSOCKET,traceId=6aad0c8a8e147c9c5a1b74245bf07f94,spanId=5a1b74245bf07f94] [MessageBroker-3] c.s.w.service.PlayerStatusHandler - Total Online Players: 0
2026-09-18 15:33:54 INFO  [WEBSOCKET,traceId=6aad0c8a6d838538aa19fd775ef6398e,spanId=aa19fd775ef6398e] [MessageBroker-3] c.s.w.service.PlayerStatusHandler - Total Online Players: 0
2026-09-18 15:33:54 INFO  [WEBSOCKET,traceId=6aad0c8adf81e02052be9c313766378e,spanId=52be9c313766378e] [MessageBroker-3] c.s.w.service.PlayerStatusHandler - Total Online Players: 0
2026-09-18 15:33:54 INFO  [WEBSOCKET,traceId=6aad0c8aa74956f823a46c18ec9adc9a,spanId=23a46c18ec9adc9a] [MessageBroker-3] c.s.w.service.PlayerStatusHandler - Total Online Players: 0
2026-09-18 15:33:54 INFO  [WEBSOCKET,traceId=6aad0c8a09b16e1fc08b8ee10df2ca93,spanId=c08b8ee10df2ca93] [MessageBroker-2] c.s.w.service.PlayerStatusHandler - Total Online Players: 0
2026-09-18 15:33:54 INFO  [WEBSOCKET,traceId=6aad0c8a0f2852d1888bbfe64b5b56d8,spanId=888bbfe64b5b56d8] [MessageBroker-2] c.s.w.service.PlayerStatusHandler - Total Online Players: 0
2026-09-18 15:33:54 INFO  [WEBSOCKET,traceId=6aad0c8a5681ebcd71681462da414573,spanId=71681462da414573] [MessageBroker-2] c.s.w.service.PlayerStatusHandler - Total Online Players: 0
2026-09-18 15:33:54 INFO  [WEBSOCKET,traceId=6aad0c8a1051492adab7d873aa8cf8b1,spanId=dab7d873aa8cf8b1] [MessageBroker-2] c.s.w.service.PlayerStatusHandler - Total Online Players: 0
2026-09-18 15:33:54 INFO  [WEBSOCKET,traceId=6aad0c8aa00716fd5d8950dd6cec557f,spanId=5d8950dd6cec557f] [MessageBroker-2] c.s.w.service.PlayerStatusHandler - Total Online Players: 0
2026-09-18 15:33:54 INFO  [WEBSOCKET,traceId=6aad0c8a46a0682b0a88f434559f7bf7,spanId=0a88f434559f7bf7] [MessageBroker-2] c.s.w.service.PlayerStatusHandler - Total Online Players: 0
2026-09-18 15:33:54 INFO  [WEBSOCKET,traceId=6aad0c8a424d40ab4061e98e4048ff1d,spanId=4061e98e4048ff1d] [MessageBroker-1] c.s.w.service.PlayerStatusHandler - Total Online Players: 0
2026-09-18 15:33:54 INFO  [WEBSOCKET,traceId=6aad0c8a77914c130418cb7e4f4ef453,spanId=0418cb7e4f4ef453] [MessageBroker-1] c.s.w.service.PlayerStatusHandler - Total Online Players: 0
2026-09-18 15:33:54 INFO  [WEBSOCKET,traceId=6aad0c8a25aed94d19ff6974b06b4409,spanId=19ff6974b06b4409] [MessageBroker-3] c.s.w.service.PlayerStatusHandler - Total Online Players: 0
2026-09-18 15:33:54 INFO  [WEBSOCKET,traceId=6aad0c8ad20068777d848e29a5d7a832,spanId=7d848e29a5d7a832] [MessageBroker-3] c.s.w.service.PlayerStatusHandler - Total Online Players: 0
2026-09-18 15:33:54 INFO  [WEBSOCKET,traceId=6aad0c8af26f9fe084ddb675610e4c55,spanId=84ddb675610e4c55] [MessageBroker-3] c.s.w.service.PlayerStatusHandler - Total Online Players: 0
2026-09-18 15:33:54 INFO  [WEBSOCKET,traceId=6aad0c8adba539fa0c0042ae7d6ac185,spanId=0c0042ae7d6ac185] [MessageBroker-3] c.s.w.service.PlayerStatusHandler - Total Online Players: 0
2026-09-18 15:33:54 INFO  [WEBSOCKET,traceId=6aad0c8a99083617b48918ec0a923f59,spanId=b48918ec0a923f59] [MessageBroker-2] c.s.w.service.PlayerStatusHandler - Total Online Players: 0
2026-09-18 15:33:54 INFO  [WEBSOCKET,traceId=6aad0c8ab0bcd535cf6bed28e828685c,spanId=cf6bed28e828685c] [MessageBroker-2] c.s.w.service.PlayerStatusHandler - Total Online Players: 0
2026-09-18 15:33:54 INFO  [WEBSOCKET,traceId=6aad0c8ac04b16a5b1d2cddd3e25de89,spanId=b1d2cddd3e25de89] [MessageBroker-2] c.s.w.service.PlayerStatusHandler - Total Online Players: 0
2026-09-18 15:33:54 INFO  [WEBSOCKET,traceId=6aad0c8a53b29b0f0671e5afca4b647e,spanId=0671e5afca4b647e] [MessageBroker-2] c.s.w.service.PlayerStatusHandler - Total Online Players: 0
2026-09-18 15:33:54 INFO  [WEBSOCKET,traceId=6aad0c8ad7125ede50195c9304dd8ba7,spanId=50195c9304dd8ba7] [MessageBroker-2] c.s.w.service.PlayerStatusHandler - Total Online Players: 0
2026-09-18 15:33:54 INFO  [WEBSOCKET,traceId=6aad0c8a83add379352faab6b3061e3b,spanId=352faab6b3061e3b] [MessageBroker-2] c.s.w.service.PlayerStatusHandler - Total Online Players: 0
2026-09-18 15:33:54 INFO  [WEBSOCKET,traceId=6aad0c8a86f6c3b47cb576020ca121d9,spanId=7cb576020ca121d9] [MessageBroker-3] c.s.w.service.PlayerStatusHandler - Total Online Players: 0
2026-09-18 15:33:54 INFO  [WEBSOCKET,traceId=6aad0c8a19cdf78fc8d9a49b025c254a,spanId=c8d9a49b025c254a] [MessageBroker-3] c.s.w.service.PlayerStatusHandler - Total Online Players: 0
2026-09-18 15:33:54 INFO  [WEBSOCKET,traceId=6aad0c8af84460063ae8c7ae8e3d75b9,spanId=3ae8c7ae8e3d75b9] [MessageBroker-3] c.s.w.service.PlayerStatusHandler - Total Online Players: 0
2026-09-18 15:33:54 INFO  [WEBSOCKET,traceId=6aad0c8ad8d25f079b506335300d7d09,spanId=9b506335300d7d09] [MessageBroker-3] c.s.w.service.PlayerStatusHandler - Total Online Players: 0
2026-09-18 15:33:54 INFO  [WEBSOCKET,traceId=6aad0c8a997f0117defb35ab71f12857,spanId=defb35ab71f12857] [MessageBroker-3] c.s.w.service.PlayerStatusHandler - Total Online Players: 0
2026-09-18 15:33:54 INFO  [WEBSOCKET,traceId=6aad0c8a5e81b3e44f5941b2ff2edbf4,spanId=4f5941b2ff2edbf4] [MessageBroker-3] c.s.w.service.PlayerStatusHandler - Total Online Players: 0
2026-09-18 15:33:54 INFO  [WEBSOCKET,traceId=6aad0c8a07b4ab4f5f0fabf28a76913a,spanId=5f0fabf28a76913a] [MessageBroker-3] c.s.w.service.PlayerStatusHandler - Total Online Players: 0
2026-09-18 15:33:54 INFO  [WEBSOCKET,traceId=6aad0c8a4c29c05911d0c89b2c05a3c9,spanId=11d0c89b2c05a3c9] [MessageBroker-3] c.s.w.service.PlayerStatusHandler - Total Online Players: 0
2026-09-18 15:33:54 INFO  [WEBSOCKET,traceId=6aad0c8a7da0b71bd962143474fc7716,spanId=d962143474fc7716] [MessageBroker-3] c.s.w.service.PlayerStatusHandler - Total Online Players: 0
2026-09-18 15:33:54 INFO  [WEBSOCKET,traceId=6aad0c8a9e40611daf3183ee5b50f821,spanId=af3183ee5b50f821] [MessageBroker-3] c.s.w.service.PlayerStatusHandler - Total Online Players: 0
2026-09-18 15:33:54 INFO  [WEBSOCKET,traceId=6aad0c8aa6f3b25aafc8438542b9d431,spanId=afc8438542b9d431] [MessageBroker-3] c.s.w.service.PlayerStatusHandler - Total Online Players: 0
2026-09-18 15:33:54 INFO  [WEBSOCKET,traceId=6aad0c8a1d72628a76c8fbe41fdad42a,spanId=76c8fbe41fdad42a] [MessageBroker-3] c.s.w.service.PlayerStatusHandler - Total Online Players: 0
2026-09-18 15:33:54 INFO  [WEBSOCKET,traceId=6aad0c8a58dfbe1a0c01bf1f0a57563a,spanId=0c01bf1f0a57563a] [MessageBroker-3] c.s.w.service.PlayerStatusHandler - Total Online Players: 0
2026-09-18 15:33:54 INFO  [WEBSOCKET,traceId=6aad0c8aef4f0a2fd94958ca9fe176c9,spanId=d94958ca9fe176c9] [MessageBroker-3] c.s.w.service.PlayerStatusHandler - Total Online Players: 0
2026-09-18 15:33:54 INFO  [WEBSOCKET,traceId=6aad0c8a9100079c952ca8a65f2516dc,spanId=952ca8a65f2516dc] [MessageBroker-3] c.s.w.service.PlayerStatusHandler - Total Online Players: 0
2026-09-18 15:33:54 INFO  [WEBSOCKET,traceId=6aad0c8af47236e04bf1fbcbe1423ec3,spanId=4bf1fbcbe1423ec3] [MessageBroker-3] c.s.w.service.PlayerStatusHandler - Total Online Players: 0
2026-09-18 15:33:54 INFO  [WEBSOCKET,traceId=6aad0c8abcbca591df5b2b273b4108ee,spanId=df5b2b273b4108ee] [MessageBroker-3] c.s.w.service.PlayerStatusHandler - Total Online Players: 0
2026-09-18 15:33:54 INFO  [WEBSOCKET,traceId=6aad0c8aeb8419bf7497a7a39433815f,spanId=7497a7a39433815f] [MessageBroker-3] c.s.w.service.PlayerStatusHandler - Total Online Players: 0
2026-09-18 15:33:54 INFO  [WEBSOCKET,traceId=6aad0c8a708b52ad5914d1a1fe5e6de3,spanId=5914d1a1fe5e6de3] [MessageBroker-3] c.s.w.service.PlayerStatusHandler - Total Online Players: 0
2026-09-18 15:33:54 INFO  [WEBSOCKET,traceId=6aad0c8a2b7eb0a99617fdead6650939,spanId=9617fdead6650939] [MessageBroker-3] c.s.w.service.PlayerStatusHandler - Total Online Players: 0
2026-09-18 15:34:19 INFO  [WEBSOCKET,traceId=6aad0ca3ddc9c638a59d417919104d3c,spanId=a59d417919104d3c] [MessageBroker-3] c.s.w.service.PlayerStatusHandler - Total Online Players: 0
2026-09-18 15:34:49 INFO  [WEBSOCKET,traceId=6aad0cc1031568aeaeac25430755e79f,spanId=aeac25430755e79f] [MessageBroker-4] c.s.w.service.PlayerStatusHandler - Total Online Players: 0
2026-09-18 15:35:02 INFO  [WEBSOCKET,traceId=,spanId=] [cluster-ClusterId{value='6aac1d5834db5b549a8c3f89', description='Cluster0'}-ac-2s659uf-shard-00-02.pvohmlz.mongodb.net:27017] org.mongodb.driver.cluster - Monitor thread successfully connected to server with description ServerDescription{address=ac-2s659uf-shard-00-02.pvohmlz.mongodb.net:27017, type=REPLICA_SET_SECONDARY, cryptd=false, state=CONNECTED, ok=true, minWireVersion=0, maxWireVersion=25, maxDocumentSize=16777216, logicalSessionTimeoutMinutes=30, roundTripTimeNanos=149867600, minRoundTripTimeNanos=0, setName='atlas-cyb1qj-shard-0', canonicalAddress=ac-2s659uf-shard-00-02.pvohmlz.mongodb.net:27017, hosts=[ac-2s659uf-shard-00-00.pvohmlz.mongodb.net:27017, ac-2s659uf-shard-00-01.pvohmlz.mongodb.net:27017, ac-2s659uf-shard-00-02.pvohmlz.mongodb.net:27017], passives=[], arbiters=[], primary='ac-2s659uf-shard-00-01.pvohmlz.mongodb.net:27017', tagSet=TagSet{[Tag{name='availabilityZone', value='aps1-az2'}, Tag{name='cacheState', value='READY'}, Tag{name='diskState', value='READY'}, Tag{name='nodeType', value='ELECTABLE'}, Tag{name='provider', value='AWS'}, Tag{name='region', value='AP_SOUTH_1'}, Tag{name='workloadType', value='OPERATIONAL'}]}, electionId=null, setVersion=243, topologyVersion=TopologyVersion{processId=6aa03a0e28f9005065e8fbae, counter=5}, lastWriteDate=Fri Sep 18 15:35:02 IST 2026, lastUpdateTimeNanos=61656093020400}
2026-09-18 15:35:03 INFO  [WEBSOCKET,traceId=,spanId=] [cluster-ClusterId{value='6aac1d5834db5b549a8c3f89', description='Cluster0'}-ac-2s659uf-shard-00-00.pvohmlz.mongodb.net:27017] org.mongodb.driver.cluster - Monitor thread successfully connected to server with description ServerDescription{address=ac-2s659uf-shard-00-00.pvohmlz.mongodb.net:27017, type=REPLICA_SET_SECONDARY, cryptd=false, state=CONNECTED, ok=true, minWireVersion=0, maxWireVersion=25, maxDocumentSize=16777216, logicalSessionTimeoutMinutes=30, roundTripTimeNanos=214755300, minRoundTripTimeNanos=0, setName='atlas-cyb1qj-shard-0', canonicalAddress=ac-2s659uf-shard-00-00.pvohmlz.mongodb.net:27017, hosts=[ac-2s659uf-shard-00-00.pvohmlz.mongodb.net:27017, ac-2s659uf-shard-00-01.pvohmlz.mongodb.net:27017, ac-2s659uf-shard-00-02.pvohmlz.mongodb.net:27017], passives=[], arbiters=[], primary='ac-2s659uf-shard-00-01.pvohmlz.mongodb.net:27017', tagSet=TagSet{[Tag{name='availabilityZone', value='aps1-az1'}, Tag{name='cacheState', value='READY'}, Tag{name='diskState', value='READY'}, Tag{name='nodeType', value='ELECTABLE'}, Tag{name='provider', value='AWS'}, Tag{name='region', value='AP_SOUTH_1'}, Tag{name='workloadType', value='OPERATIONAL'}]}, electionId=null, setVersion=243, topologyVersion=TopologyVersion{processId=6aa03408de4fa51023b14665, counter=10}, lastWriteDate=Fri Sep 18 15:35:03 IST 2026, lastUpdateTimeNanos=61656598357500}
2026-09-18 15:35:09 INFO  [WEBSOCKET,traceId=,spanId=] [cluster-ClusterId{value='6aac1d5834db5b549a8c3f89', description='Cluster0'}-ac-2s659uf-shard-00-01.pvohmlz.mongodb.net:27017] org.mongodb.driver.cluster - Monitor thread successfully connected to server with description ServerDescription{address=ac-2s659uf-shard-00-01.pvohmlz.mongodb.net:27017, type=REPLICA_SET_PRIMARY, cryptd=false, state=CONNECTED, ok=true, minWireVersion=0, maxWireVersion=25, maxDocumentSize=16777216, logicalSessionTimeoutMinutes=30, roundTripTimeNanos=106860200, minRoundTripTimeNanos=0, setName='atlas-cyb1qj-shard-0', canonicalAddress=ac-2s659uf-shard-00-01.pvohmlz.mongodb.net:27017, hosts=[ac-2s659uf-shard-00-00.pvohmlz.mongodb.net:27017, ac-2s659uf-shard-00-01.pvohmlz.mongodb.net:27017, ac-2s659uf-shard-00-02.pvohmlz.mongodb.net:27017], passives=[], arbiters=[], primary='ac-2s659uf-shard-00-01.pvohmlz.mongodb.net:27017', tagSet=TagSet{[Tag{name='availabilityZone', value='aps1-az3'}, Tag{name='cacheState', value='READY'}, Tag{name='diskState', value='READY'}, Tag{name='nodeType', value='ELECTABLE'}, Tag{name='provider', value='AWS'}, Tag{name='region', value='AP_SOUTH_1'}, Tag{name='workloadType', value='OPERATIONAL'}]}, electionId=7fffffff000000000000029c, setVersion=243, topologyVersion=TopologyVersion{processId=6aa036cfe4fd87c4b852bc68, counter=10}, lastWriteDate=Fri Sep 18 15:35:09 IST 2026, lastUpdateTimeNanos=61662965479800}
2026-09-18 15:35:09 INFO  [WEBSOCKET,traceId=,spanId=] [cluster-ClusterId{value='6aac1d5834db5b549a8c3f89', description='Cluster0'}-ac-2s659uf-shard-00-01.pvohmlz.mongodb.net:27017] org.mongodb.driver.cluster - Discovered replica set primary ac-2s659uf-shard-00-01.pvohmlz.mongodb.net:27017 with max election id 7fffffff000000000000029c and max set version 243
2026-09-18 15:35:19 INFO  [WEBSOCKET,traceId=6aad0cdf71a798327c9338597661b562,spanId=7c9338597661b562] [MessageBroker-4] c.s.w.service.PlayerStatusHandler - Total Online Players: 0
2026-09-18 15:35:36 INFO  [WEBSOCKET,traceId=,spanId=] [MessageBroker-2] o.s.w.s.c.WebSocketMessageBrokerStats - WebSocketSession[0 current WS(0)-HttpStream(0)-HttpPoll(0), 0 total, 0 closed abnormally (0 connect failure, 0 send limit, 0 transport error)], stompSubProtocol[processed CONNECT(0)-CONNECTED(0)-DISCONNECT(0)], stompBrokerRelay[null], inboundChannel[pool size = 0, active threads = 0, queued tasks = 0, completed tasks = 0], outboundChannel[pool size = 0, active threads = 0, queued tasks = 0, completed tasks = 0], sockJsScheduler[pool size = 4, active threads = 1, queued tasks = 1, completed tasks = 2053]
2026-09-18 15:35:49 INFO  [WEBSOCKET,traceId=6aad0cfd731cff386691c9df579fb44c,spanId=6691c9df579fb44c] [MessageBroker-3] c.s.w.service.PlayerStatusHandler - Total Online Players: 0
2026-09-18 15:36:19 INFO  [WEBSOCKET,traceId=6aad0d1b2556d1648a606b8a5a0850e9,spanId=8a606b8a5a0850e9] [MessageBroker-4] c.s.w.service.PlayerStatusHandler - Total Online Players: 0
2026-09-18 15:36:49 INFO  [WEBSOCKET,traceId=6aad0d39029f29daa140e251c6712003,spanId=a140e251c6712003] [MessageBroker-4] c.s.w.service.PlayerStatusHandler - Total Online Players: 0
2026-09-18 15:37:19 INFO  [WEBSOCKET,traceId=6aad0d57119fc84607ad245c3bb1cd1c,spanId=07ad245c3bb1cd1c] [MessageBroker-4] c.s.w.service.PlayerStatusHandler - Total Online Players: 0
2026-09-18 15:37:46 INFO  [WEBSOCKET,traceId=,spanId=] [AsyncResolver-bootstrap-executor-%d] c.n.d.s.r.aws.ConfigClusterResolver - Resolving eureka endpoints via configuration
2026-09-18 15:37:49 INFO  [WEBSOCKET,traceId=6aad0d75f9e417f6e07437cee6f7d3bb,spanId=e07437cee6f7d3bb] [MessageBroker-4] c.s.w.service.PlayerStatusHandler - Total Online Players: 0
2026-09-18 15:38:19 INFO  [WEBSOCKET,traceId=6aad0d936f4884619d41140de189b3cd,spanId=9d41140de189b3cd] [MessageBroker-4] c.s.w.service.PlayerStatusHandler - Total Online Players: 0
2026-09-18 15:38:49 INFO  [WEBSOCKET,traceId=6aad0db13c748ba03fc1820e1165011f,spanId=3fc1820e1165011f] [MessageBroker-2] c.s.w.service.PlayerStatusHandler - Total Online Players: 0
2026-09-18 15:39:19 INFO  [WEBSOCKET,traceId=6aad0dcf3ba0681e50cfeee6b2e7d3c0,spanId=50cfeee6b2e7d3c0] [MessageBroker-2] c.s.w.service.PlayerStatusHandler - Total Online Players: 0
2026-09-18 15:39:49 INFO  [WEBSOCKET,traceId=6aad0dedcec61cec6d2eb57bdcb0efd4,spanId=6d2eb57bdcb0efd4] [MessageBroker-1] c.s.w.service.PlayerStatusHandler - Total Online Players: 0
2026-09-18 15:40:19 INFO  [WEBSOCKET,traceId=6aad0e0bb997d535dfc8a89cf92327d7,spanId=dfc8a89cf92327d7] [MessageBroker-4] c.s.w.service.PlayerStatusHandler - Total Online Players: 0
2026-09-18 15:40:49 INFO  [WEBSOCKET,traceId=6aad0e29bfba099f1077a0b53ddecd38,spanId=1077a0b53ddecd38] [MessageBroker-4] c.s.w.service.PlayerStatusHandler - Total Online Players: 0
2026-09-18 15:41:19 INFO  [WEBSOCKET,traceId=6aad0e4780f33704d343dc14679923cb,spanId=d343dc14679923cb] [MessageBroker-2] c.s.w.service.PlayerStatusHandler - Total Online Players: 0
2026-09-18 15:41:49 INFO  [WEBSOCKET,traceId=6aad0e65fc5389b413c2ac4ccfe754a2,spanId=13c2ac4ccfe754a2] [MessageBroker-2] c.s.w.service.PlayerStatusHandler - Total Online Players: 0
2026-09-18 15:42:19 INFO  [WEBSOCKET,traceId=6aad0e83eb406ac6a4bd556a98a4ac85,spanId=a4bd556a98a4ac85] [MessageBroker-2] c.s.w.service.PlayerStatusHandler - Total Online Players: 0
2026-09-18 15:42:46 INFO  [WEBSOCKET,traceId=,spanId=] [AsyncResolver-bootstrap-executor-%d] c.n.d.s.r.aws.ConfigClusterResolver - Resolving eureka endpoints via configuration
2026-09-18 15:42:49 INFO  [WEBSOCKET,traceId=6aad0ea1702fedc594b671dff2224921,spanId=94b671dff2224921] [MessageBroker-4] c.s.w.service.PlayerStatusHandler - Total Online Players: 0
2026-09-18 15:43:19 INFO  [WEBSOCKET,traceId=6aad0ebf8f9df668af680a5433e17c1f,spanId=af680a5433e17c1f] [MessageBroker-4] c.s.w.service.PlayerStatusHandler - Total Online Players: 0
2026-09-18 15:43:49 INFO  [WEBSOCKET,traceId=6aad0edde87a003b1cb8287d60c04446,spanId=1cb8287d60c04446] [MessageBroker-4] c.s.w.service.PlayerStatusHandler - Total Online Players: 0
2026-09-18 15:44:19 INFO  [WEBSOCKET,traceId=6aad0efbec69251e3899c5bf0b958d88,spanId=3899c5bf0b958d88] [MessageBroker-4] c.s.w.service.PlayerStatusHandler - Total Online Players: 0
2026-09-18 15:44:49 INFO  [WEBSOCKET,traceId=6aad0f1989f373052f2ad472147a4a42,spanId=2f2ad472147a4a42] [MessageBroker-4] c.s.w.service.PlayerStatusHandler - Total Online Players: 0
2026-09-18 15:45:19 INFO  [WEBSOCKET,traceId=6aad0f37091835d956d212c37b0ca872,spanId=56d212c37b0ca872] [MessageBroker-4] c.s.w.service.PlayerStatusHandler - Total Online Players: 0
2026-09-18 15:45:49 INFO  [WEBSOCKET,traceId=6aad0f55a57536f6e57d95a489b2f624,spanId=e57d95a489b2f624] [MessageBroker-4] c.s.w.service.PlayerStatusHandler - Total Online Players: 0
2026-09-18 15:46:19 INFO  [WEBSOCKET,traceId=6aad0f73f1f7de04cc47e9edef598972,spanId=cc47e9edef598972] [MessageBroker-4] c.s.w.service.PlayerStatusHandler - Total Online Players: 0
2026-09-18 15:46:49 INFO  [WEBSOCKET,traceId=6aad0f91adac086764a0cde07f6429c9,spanId=64a0cde07f6429c9] [MessageBroker-4] c.s.w.service.PlayerStatusHandler - Total Online Players: 0
2026-09-18 15:47:19 INFO  [WEBSOCKET,traceId=6aad0faf185083956899ab9f1244ca84,spanId=6899ab9f1244ca84] [MessageBroker-4] c.s.w.service.PlayerStatusHandler - Total Online Players: 0
2026-09-18 15:47:46 INFO  [WEBSOCKET,traceId=,spanId=] [AsyncResolver-bootstrap-executor-%d] c.n.d.s.r.aws.ConfigClusterResolver - Resolving eureka endpoints via configuration
2026-09-18 15:47:49 INFO  [WEBSOCKET,traceId=6aad0fcd498b05f72e40012ceaaf0a77,spanId=2e40012ceaaf0a77] [MessageBroker-4] c.s.w.service.PlayerStatusHandler - Total Online Players: 0
2026-09-18 15:53:58 INFO  [WEBSOCKET,traceId=6aad113e3d5d90cd61b2a1e277be62e1,spanId=61b2a1e277be62e1] [MessageBroker-3] c.s.w.service.PlayerStatusHandler - Total Online Players: 0
2026-09-18 15:53:58 INFO  [WEBSOCKET,traceId=6aad113e058eced925cd35d3ebb1b5cd,spanId=25cd35d3ebb1b5cd] [MessageBroker-3] c.s.w.service.PlayerStatusHandler - Total Online Players: 0
2026-09-18 15:53:58 INFO  [WEBSOCKET,traceId=6aad113ed0a4fa7801633b7dd9895f8a,spanId=01633b7dd9895f8a] [MessageBroker-3] c.s.w.service.PlayerStatusHandler - Total Online Players: 0
2026-09-18 15:53:58 INFO  [WEBSOCKET,traceId=6aad113e9d64d7bcd00a0ec8fd2c4e84,spanId=d00a0ec8fd2c4e84] [MessageBroker-3] c.s.w.service.PlayerStatusHandler - Total Online Players: 0
2026-09-18 15:53:58 INFO  [WEBSOCKET,traceId=6aad113ee4d45f9af092c9c724585194,spanId=f092c9c724585194] [MessageBroker-3] c.s.w.service.PlayerStatusHandler - Total Online Players: 0
2026-09-18 15:53:58 INFO  [WEBSOCKET,traceId=6aad113ea3b3b5eb61f2b97d162e9f36,spanId=61f2b97d162e9f36] [MessageBroker-3] c.s.w.service.PlayerStatusHandler - Total Online Players: 0
2026-09-18 15:53:58 INFO  [WEBSOCKET,traceId=6aad113e34bdee42c3b69dccc9d63fa1,spanId=c3b69dccc9d63fa1] [MessageBroker-3] c.s.w.service.PlayerStatusHandler - Total Online Players: 0
2026-09-18 15:53:58 INFO  [WEBSOCKET,traceId=6aad113e9b45fc430d48bf2ed344e366,spanId=0d48bf2ed344e366] [MessageBroker-3] c.s.w.service.PlayerStatusHandler - Total Online Players: 0
2026-09-18 15:53:58 INFO  [WEBSOCKET,traceId=6aad113e2e8027df11df08b114f47053,spanId=11df08b114f47053] [MessageBroker-3] c.s.w.service.PlayerStatusHandler - Total Online Players: 0
2026-09-18 15:53:58 INFO  [WEBSOCKET,traceId=6aad113e5f0b20c9791ff2276a5e367e,spanId=791ff2276a5e367e] [MessageBroker-3] c.s.w.service.PlayerStatusHandler - Total Online Players: 0
2026-09-18 15:53:58 INFO  [WEBSOCKET,traceId=6aad113e05e58811308b0e516fd712fe,spanId=308b0e516fd712fe] [MessageBroker-3] c.s.w.service.PlayerStatusHandler - Total Online Players: 0
2026-09-18 15:53:58 INFO  [WEBSOCKET,traceId=6aad113e64ad3de74288a0f74cdd5895,spanId=4288a0f74cdd5895] [MessageBroker-3] c.s.w.service.PlayerStatusHandler - Total Online Players: 0
2026-09-18 15:54:02 INFO  [WEBSOCKET,traceId=,spanId=] [cluster-ClusterId{value='6aac1d5834db5b549a8c3f89', description='Cluster0'}-ac-2s659uf-shard-00-00.pvohmlz.mongodb.net:27017] org.mongodb.driver.cluster - Exception in monitor thread while connecting to server ac-2s659uf-shard-00-00.pvohmlz.mongodb.net:27017
com.mongodb.MongoSocketReadTimeoutException: Timeout while receiving message
	at com.mongodb.internal.connection.InternalStreamConnection.createReadTimeoutException(InternalStreamConnection.java:824)
	at com.mongodb.internal.connection.InternalStreamConnection.translateReadException(InternalStreamConnection.java:812)
	at com.mongodb.internal.connection.InternalStreamConnection.receiveResponseBuffers(InternalStreamConnection.java:862)
	at com.mongodb.internal.connection.InternalStreamConnection.receiveCommandMessageResponse(InternalStreamConnection.java:517)
	at com.mongodb.internal.connection.InternalStreamConnection.receive(InternalStreamConnection.java:469)
	at com.mongodb.internal.connection.DefaultServerMonitor$ServerMonitor.lookupServerDescription(DefaultServerMonitor.java:249)
	at com.mongodb.internal.connection.DefaultServerMonitor$ServerMonitor.run(DefaultServerMonitor.java:176)
Caused by: java.net.SocketTimeoutException: Read timed out
	at java.base/sun.nio.ch.NioSocketImpl.timedRead(NioSocketImpl.java:278)
	at java.base/sun.nio.ch.NioSocketImpl.implRead(NioSocketImpl.java:304)
	at java.base/sun.nio.ch.NioSocketImpl.read(NioSocketImpl.java:346)
	at java.base/sun.nio.ch.NioSocketImpl$1.read(NioSocketImpl.java:796)
	at java.base/java.net.Socket$SocketInputStream.read(Socket.java:1099)
	at java.base/sun.security.ssl.SSLSocketInputRecord.read(SSLSocketInputRecord.java:489)
	at java.base/sun.security.ssl.SSLSocketInputRecord.readHeader(SSLSocketInputRecord.java:483)
	at java.base/sun.security.ssl.SSLSocketInputRecord.bytesInCompletePacket(SSLSocketInputRecord.java:70)
	at java.base/sun.security.ssl.SSLSocketImpl.readApplicationRecord(SSLSocketImpl.java:1461)
	at java.base/sun.security.ssl.SSLSocketImpl$AppInputStream.read(SSLSocketImpl.java:1066)
	at com.mongodb.internal.connection.SocketStream.read(SocketStream.java:182)
	at com.mongodb.internal.connection.InternalStreamConnection.receiveResponseBuffers(InternalStreamConnection.java:829)
	... 4 common frames omitted
2026-09-18 15:54:02 INFO  [WEBSOCKET,traceId=,spanId=] [cluster-ClusterId{value='6aac1d5834db5b549a8c3f89', description='Cluster0'}-ac-2s659uf-shard-00-02.pvohmlz.mongodb.net:27017] org.mongodb.driver.cluster - Exception in monitor thread while connecting to server ac-2s659uf-shard-00-02.pvohmlz.mongodb.net:27017
com.mongodb.MongoSocketReadTimeoutException: Timeout while receiving message
	at com.mongodb.internal.connection.InternalStreamConnection.createReadTimeoutException(InternalStreamConnection.java:824)
	at com.mongodb.internal.connection.InternalStreamConnection.translateReadException(InternalStreamConnection.java:812)
	at com.mongodb.internal.connection.InternalStreamConnection.receiveResponseBuffers(InternalStreamConnection.java:862)
	at com.mongodb.internal.connection.InternalStreamConnection.receiveCommandMessageResponse(InternalStreamConnection.java:517)
	at com.mongodb.internal.connection.InternalStreamConnection.receive(InternalStreamConnection.java:469)
	at com.mongodb.internal.connection.DefaultServerMonitor$ServerMonitor.lookupServerDescription(DefaultServerMonitor.java:249)
	at com.mongodb.internal.connection.DefaultServerMonitor$ServerMonitor.run(DefaultServerMonitor.java:176)
Caused by: java.net.SocketTimeoutException: Read timed out
	at java.base/sun.nio.ch.NioSocketImpl.timedRead(NioSocketImpl.java:278)
	at java.base/sun.nio.ch.NioSocketImpl.implRead(NioSocketImpl.java:304)
	at java.base/sun.nio.ch.NioSocketImpl.read(NioSocketImpl.java:346)
	at java.base/sun.nio.ch.NioSocketImpl$1.read(NioSocketImpl.java:796)
	at java.base/java.net.Socket$SocketInputStream.read(Socket.java:1099)
	at java.base/sun.security.ssl.SSLSocketInputRecord.read(SSLSocketInputRecord.java:489)
	at java.base/sun.security.ssl.SSLSocketInputRecord.readHeader(SSLSocketInputRecord.java:483)
	at java.base/sun.security.ssl.SSLSocketInputRecord.bytesInCompletePacket(SSLSocketInputRecord.java:70)
	at java.base/sun.security.ssl.SSLSocketImpl.readApplicationRecord(SSLSocketImpl.java:1461)
	at java.base/sun.security.ssl.SSLSocketImpl$AppInputStream.read(SSLSocketImpl.java:1066)
	at com.mongodb.internal.connection.SocketStream.read(SocketStream.java:182)
	at com.mongodb.internal.connection.InternalStreamConnection.receiveResponseBuffers(InternalStreamConnection.java:829)
	... 4 common frames omitted
2026-09-18 15:54:02 INFO  [WEBSOCKET,traceId=,spanId=] [cluster-ClusterId{value='6aac1d5834db5b549a8c3f89', description='Cluster0'}-ac-2s659uf-shard-00-00.pvohmlz.mongodb.net:27017] org.mongodb.driver.cluster - Monitor thread successfully connected to server with description ServerDescription{address=ac-2s659uf-shard-00-00.pvohmlz.mongodb.net:27017, type=REPLICA_SET_SECONDARY, cryptd=false, state=CONNECTED, ok=true, minWireVersion=0, maxWireVersion=25, maxDocumentSize=16777216, logicalSessionTimeoutMinutes=30, roundTripTimeNanos=120656800, minRoundTripTimeNanos=0, setName='atlas-cyb1qj-shard-0', canonicalAddress=ac-2s659uf-shard-00-00.pvohmlz.mongodb.net:27017, hosts=[ac-2s659uf-shard-00-00.pvohmlz.mongodb.net:27017, ac-2s659uf-shard-00-01.pvohmlz.mongodb.net:27017, ac-2s659uf-shard-00-02.pvohmlz.mongodb.net:27017], passives=[], arbiters=[], primary='ac-2s659uf-shard-00-01.pvohmlz.mongodb.net:27017', tagSet=TagSet{[Tag{name='availabilityZone', value='aps1-az1'}, Tag{name='cacheState', value='READY'}, Tag{name='diskState', value='READY'}, Tag{name='nodeType', value='ELECTABLE'}, Tag{name='provider', value='AWS'}, Tag{name='region', value='AP_SOUTH_1'}, Tag{name='workloadType', value='OPERATIONAL'}]}, electionId=null, setVersion=243, topologyVersion=TopologyVersion{processId=6aa03408de4fa51023b14665, counter=10}, lastWriteDate=Fri Sep 18 15:54:02 IST 2026, lastUpdateTimeNanos=62795616368700}
2026-09-18 15:54:02 INFO  [WEBSOCKET,traceId=,spanId=] [cluster-ClusterId{value='6aac1d5834db5b549a8c3f89', description='Cluster0'}-ac-2s659uf-shard-00-02.pvohmlz.mongodb.net:27017] org.mongodb.driver.cluster - Monitor thread successfully connected to server with description ServerDescription{address=ac-2s659uf-shard-00-02.pvohmlz.mongodb.net:27017, type=REPLICA_SET_SECONDARY, cryptd=false, state=CONNECTED, ok=true, minWireVersion=0, maxWireVersion=25, maxDocumentSize=16777216, logicalSessionTimeoutMinutes=30, roundTripTimeNanos=145974500, minRoundTripTimeNanos=0, setName='atlas-cyb1qj-shard-0', canonicalAddress=ac-2s659uf-shard-00-02.pvohmlz.mongodb.net:27017, hosts=[ac-2s659uf-shard-00-00.pvohmlz.mongodb.net:27017, ac-2s659uf-shard-00-01.pvohmlz.mongodb.net:27017, ac-2s659uf-shard-00-02.pvohmlz.mongodb.net:27017], passives=[], arbiters=[], primary='ac-2s659uf-shard-00-01.pvohmlz.mongodb.net:27017', tagSet=TagSet{[Tag{name='availabilityZone', value='aps1-az2'}, Tag{name='cacheState', value='READY'}, Tag{name='diskState', value='READY'}, Tag{name='nodeType', value='ELECTABLE'}, Tag{name='provider', value='AWS'}, Tag{name='region', value='AP_SOUTH_1'}, Tag{name='workloadType', value='OPERATIONAL'}]}, electionId=null, setVersion=243, topologyVersion=TopologyVersion{processId=6aa03a0e28f9005065e8fbae, counter=5}, lastWriteDate=Fri Sep 18 15:54:02 IST 2026, lastUpdateTimeNanos=62795641687400}
2026-09-18 15:54:02 INFO  [WEBSOCKET,traceId=,spanId=] [cluster-ClusterId{value='6aac1d5834db5b549a8c3f89', description='Cluster0'}-ac-2s659uf-shard-00-01.pvohmlz.mongodb.net:27017] org.mongodb.driver.cluster - Exception in monitor thread while connecting to server ac-2s659uf-shard-00-01.pvohmlz.mongodb.net:27017
com.mongodb.MongoSocketReadTimeoutException: Timeout while receiving message
	at com.mongodb.internal.connection.InternalStreamConnection.createReadTimeoutException(InternalStreamConnection.java:824)
	at com.mongodb.internal.connection.InternalStreamConnection.translateReadException(InternalStreamConnection.java:812)
	at com.mongodb.internal.connection.InternalStreamConnection.receiveResponseBuffers(InternalStreamConnection.java:862)
	at com.mongodb.internal.connection.InternalStreamConnection.receiveCommandMessageResponse(InternalStreamConnection.java:517)
	at com.mongodb.internal.connection.InternalStreamConnection.receive(InternalStreamConnection.java:469)
	at com.mongodb.internal.connection.DefaultServerMonitor$ServerMonitor.lookupServerDescription(DefaultServerMonitor.java:249)
	at com.mongodb.internal.connection.DefaultServerMonitor$ServerMonitor.run(DefaultServerMonitor.java:176)
Caused by: java.net.SocketTimeoutException: Read timed out
	at java.base/sun.nio.ch.NioSocketImpl.timedRead(NioSocketImpl.java:278)
	at java.base/sun.nio.ch.NioSocketImpl.implRead(NioSocketImpl.java:304)
	at java.base/sun.nio.ch.NioSocketImpl.read(NioSocketImpl.java:346)
	at java.base/sun.nio.ch.NioSocketImpl$1.read(NioSocketImpl.java:796)
	at java.base/java.net.Socket$SocketInputStream.read(Socket.java:1099)
	at java.base/sun.security.ssl.SSLSocketInputRecord.read(SSLSocketInputRecord.java:489)
	at java.base/sun.security.ssl.SSLSocketInputRecord.readHeader(SSLSocketInputRecord.java:483)
	at java.base/sun.security.ssl.SSLSocketInputRecord.bytesInCompletePacket(SSLSocketInputRecord.java:70)
	at java.base/sun.security.ssl.SSLSocketImpl.readApplicationRecord(SSLSocketImpl.java:1461)
	at java.base/sun.security.ssl.SSLSocketImpl$AppInputStream.read(SSLSocketImpl.java:1066)
	at com.mongodb.internal.connection.SocketStream.read(SocketStream.java:182)
	at com.mongodb.internal.connection.InternalStreamConnection.receiveResponseBuffers(InternalStreamConnection.java:829)
	... 4 common frames omitted
2026-09-18 15:54:02 INFO  [WEBSOCKET,traceId=,spanId=] [cluster-ClusterId{value='6aac1d5834db5b549a8c3f89', description='Cluster0'}-ac-2s659uf-shard-00-01.pvohmlz.mongodb.net:27017] org.mongodb.driver.cluster - Monitor thread successfully connected to server with description ServerDescription{address=ac-2s659uf-shard-00-01.pvohmlz.mongodb.net:27017, type=REPLICA_SET_PRIMARY, cryptd=false, state=CONNECTED, ok=true, minWireVersion=0, maxWireVersion=25, maxDocumentSize=16777216, logicalSessionTimeoutMinutes=30, roundTripTimeNanos=129895100, minRoundTripTimeNanos=0, setName='atlas-cyb1qj-shard-0', canonicalAddress=ac-2s659uf-shard-00-01.pvohmlz.mongodb.net:27017, hosts=[ac-2s659uf-shard-00-00.pvohmlz.mongodb.net:27017, ac-2s659uf-shard-00-01.pvohmlz.mongodb.net:27017, ac-2s659uf-shard-00-02.pvohmlz.mongodb.net:27017], passives=[], arbiters=[], primary='ac-2s659uf-shard-00-01.pvohmlz.mongodb.net:27017', tagSet=TagSet{[Tag{name='availabilityZone', value='aps1-az3'}, Tag{name='cacheState', value='READY'}, Tag{name='diskState', value='READY'}, Tag{name='nodeType', value='ELECTABLE'}, Tag{name='provider', value='AWS'}, Tag{name='region', value='AP_SOUTH_1'}, Tag{name='workloadType', value='OPERATIONAL'}]}, electionId=7fffffff000000000000029c, setVersion=243, topologyVersion=TopologyVersion{processId=6aa036cfe4fd87c4b852bc68, counter=10}, lastWriteDate=Fri Sep 18 15:54:02 IST 2026, lastUpdateTimeNanos=62795845519800}
2026-09-18 15:54:02 INFO  [WEBSOCKET,traceId=,spanId=] [cluster-ClusterId{value='6aac1d5834db5b549a8c3f89', description='Cluster0'}-ac-2s659uf-shard-00-01.pvohmlz.mongodb.net:27017] org.mongodb.driver.cluster - Discovered replica set primary ac-2s659uf-shard-00-01.pvohmlz.mongodb.net:27017 with max election id 7fffffff000000000000029c and max set version 243
2026-09-18 15:54:19 INFO  [WEBSOCKET,traceId=6aad1153c27e1538ddb7bf1bdc307bd7,spanId=ddb7bf1bdc307bd7] [MessageBroker-3] c.s.w.service.PlayerStatusHandler - Total Online Players: 0
2026-09-18 15:54:49 INFO  [WEBSOCKET,traceId=6aad1171b37d36e8fa98f4502b0712d5,spanId=fa98f4502b0712d5] [MessageBroker-3] c.s.w.service.PlayerStatusHandler - Total Online Players: 0
2026-09-18 15:55:19 INFO  [WEBSOCKET,traceId=6aad118ffa01863d2d83dee62772be5b,spanId=2d83dee62772be5b] [MessageBroker-3] c.s.w.service.PlayerStatusHandler - Total Online Players: 0
2026-09-18 15:55:49 INFO  [WEBSOCKET,traceId=6aad11ad73eac0afe51d3b862fdad5ac,spanId=e51d3b862fdad5ac] [MessageBroker-3] c.s.w.service.PlayerStatusHandler - Total Online Players: 0
2026-09-18 15:56:19 INFO  [WEBSOCKET,traceId=6aad11cb95a46d53be4d4b5d9b1f17b3,spanId=be4d4b5d9b1f17b3] [MessageBroker-3] c.s.w.service.PlayerStatusHandler - Total Online Players: 0
2026-09-18 15:56:49 INFO  [WEBSOCKET,traceId=6aad11e9cd33b9a4cd7360f62898e6ba,spanId=cd7360f62898e6ba] [MessageBroker-1] c.s.w.service.PlayerStatusHandler - Total Online Players: 0
2026-09-18 15:57:19 INFO  [WEBSOCKET,traceId=6aad12075fd08e4e2cde348d07517a32,spanId=2cde348d07517a32] [MessageBroker-4] c.s.w.service.PlayerStatusHandler - Total Online Players: 0
2026-09-18 15:57:49 INFO  [WEBSOCKET,traceId=6aad1225e1a6bcfb3e24398a14ccbf01,spanId=3e24398a14ccbf01] [MessageBroker-4] c.s.w.service.PlayerStatusHandler - Total Online Players: 0
2026-09-18 15:58:19 INFO  [WEBSOCKET,traceId=6aad1243731dd97d885a4dbd9286087a,spanId=885a4dbd9286087a] [MessageBroker-3] c.s.w.service.PlayerStatusHandler - Total Online Players: 0
2026-09-18 15:58:25 INFO  [WEBSOCKET,traceId=,spanId=] [AsyncResolver-bootstrap-executor-%d] c.n.d.s.r.aws.ConfigClusterResolver - Resolving eureka endpoints via configuration
2026-09-18 15:58:49 INFO  [WEBSOCKET,traceId=6aad126125c1b709cc50a2f07f4c1931,spanId=cc50a2f07f4c1931] [MessageBroker-3] c.s.w.service.PlayerStatusHandler - Total Online Players: 0
2026-09-18 15:59:19 INFO  [WEBSOCKET,traceId=6aad127fc6a9f47af1771056e4c50d92,spanId=f1771056e4c50d92] [MessageBroker-3] c.s.w.service.PlayerStatusHandler - Total Online Players: 0
2026-09-18 15:59:49 INFO  [WEBSOCKET,traceId=6aad129dfee3cdbc91026286a6ac59c4,spanId=91026286a6ac59c4] [MessageBroker-3] c.s.w.service.PlayerStatusHandler - Total Online Players: 0
2026-09-18 16:00:19 INFO  [WEBSOCKET,traceId=6aad12bb07a220e437d58ab53b18d937,spanId=37d58ab53b18d937] [MessageBroker-1] c.s.w.service.PlayerStatusHandler - Total Online Players: 0
2026-09-18 16:00:49 INFO  [WEBSOCKET,traceId=6aad12d926dd9556cff6ac72c7b40774,spanId=cff6ac72c7b40774] [MessageBroker-1] c.s.w.service.PlayerStatusHandler - Total Online Players: 0
2026-09-18 16:01:19 INFO  [WEBSOCKET,traceId=6aad12f7583bdf1684e1c1e3a7c1ff34,spanId=84e1c1e3a7c1ff34] [MessageBroker-4] c.s.w.service.PlayerStatusHandler - Total Online Players: 0
2026-09-18 16:01:49 INFO  [WEBSOCKET,traceId=6aad131583298af419c78c22cd4a2f78,spanId=19c78c22cd4a2f78] [MessageBroker-4] c.s.w.service.PlayerStatusHandler - Total Online Players: 0
2026-09-18 16:02:19 INFO  [WEBSOCKET,traceId=6aad1333bb55733ec415b6d5fe9addbe,spanId=c415b6d5fe9addbe] [MessageBroker-4] c.s.w.service.PlayerStatusHandler - Total Online Players: 0
2026-09-18 16:02:49 INFO  [WEBSOCKET,traceId=6aad135191acbfabd7570489d5cec26c,spanId=d7570489d5cec26c] [MessageBroker-4] c.s.w.service.PlayerStatusHandler - Total Online Players: 0
2026-09-18 16:03:19 INFO  [WEBSOCKET,traceId=6aad136ffa786893ca9554b15e63fc8d,spanId=ca9554b15e63fc8d] [MessageBroker-4] c.s.w.service.PlayerStatusHandler - Total Online Players: 0
2026-09-18 16:03:25 INFO  [WEBSOCKET,traceId=,spanId=] [AsyncResolver-bootstrap-executor-%d] c.n.d.s.r.aws.ConfigClusterResolver - Resolving eureka endpoints via configuration
2026-09-18 16:03:49 INFO  [WEBSOCKET,traceId=6aad138d76fd2f5d06f7a98920ac9a49,spanId=06f7a98920ac9a49] [MessageBroker-4] c.s.w.service.PlayerStatusHandler - Total Online Players: 0
2026-09-18 16:04:19 INFO  [WEBSOCKET,traceId=6aad13ab6266ef749e31334ac4850cb0,spanId=9e31334ac4850cb0] [MessageBroker-4] c.s.w.service.PlayerStatusHandler - Total Online Players: 0
2026-09-18 16:04:49 INFO  [WEBSOCKET,traceId=6aad13c972c9a6b7ad97e8e51e014d26,spanId=ad97e8e51e014d26] [MessageBroker-4] c.s.w.service.PlayerStatusHandler - Total Online Players: 0
2026-09-18 16:05:19 INFO  [WEBSOCKET,traceId=6aad13e7a50d66fac876bb2b593cc4c4,spanId=c876bb2b593cc4c4] [MessageBroker-4] c.s.w.service.PlayerStatusHandler - Total Online Players: 0
2026-09-18 16:05:36 INFO  [WEBSOCKET,traceId=,spanId=] [MessageBroker-3] o.s.w.s.c.WebSocketMessageBrokerStats - WebSocketSession[0 current WS(0)-HttpStream(0)-HttpPoll(0), 0 total, 0 closed abnormally (0 connect failure, 0 send limit, 0 transport error)], stompSubProtocol[processed CONNECT(0)-CONNECTED(0)-DISCONNECT(0)], stompBrokerRelay[null], inboundChannel[pool size = 0, active threads = 0, queued tasks = 0, completed tasks = 0], outboundChannel[pool size = 0, active threads = 0, queued tasks = 0, completed tasks = 0], sockJsScheduler[pool size = 4, active threads = 1, queued tasks = 1, completed tasks = 2114]
2026-09-18 16:05:49 INFO  [WEBSOCKET,traceId=6aad14051ce933a8d561527cd79f816e,spanId=d561527cd79f816e] [MessageBroker-1] c.s.w.service.PlayerStatusHandler - Total Online Players: 0
2026-09-18 16:06:19 INFO  [WEBSOCKET,traceId=6aad14237bb99c8a2398f9cc117f16e5,spanId=2398f9cc117f16e5] [MessageBroker-1] c.s.w.service.PlayerStatusHandler - Total Online Players: 0
2026-09-18 16:06:42 INFO  [WEBSOCKET,traceId=,spanId=] [http-nio-7080-exec-4] c.s.w.service.PlayerStatusHandler - Incoming WebSocket URI: ws://192.168.1.9:7080/ws/player-status?token=eyJhbGciOiJIUzI1NiJ9.eyJzdWIiOiI5ODc2NTQzMjEwIiwiaXNzIjoic2FkZXRlY2gtcnVtbXkiLCJyb2xlcyI6WyJVU0VSIl0sInBsYXllcklkIjoiNjlmMjQ0Yjk1ZTNkYmMxOWE5ZTdkYzM5IiwiaWF0IjoxNzg5NjU0MjU5LCJleHAiOjE3ODk3NDA2NTl9.YOYZ8kbbQhwcip_ZUdgOewtj0W7ocyzVSl65D_mL88I
2026-09-18 16:06:42 INFO  [WEBSOCKET,traceId=,spanId=] [http-nio-7080-exec-4] c.s.w.service.PlayerStatusHandler - Extracted Token: eyJhbGciOiJIUzI1NiJ9.eyJzdWIiOiI5ODc2NTQzMjEwIiwiaXNzIjoic2FkZXRlY2gtcnVtbXkiLCJyb2xlcyI6WyJVU0VSIl0sInBsYXllcklkIjoiNjlmMjQ0Yjk1ZTNkYmMxOWE5ZTdkYzM5IiwiaWF0IjoxNzg5NjU0MjU5LCJleHAiOjE3ODk3NDA2NTl9.YOYZ8kbbQhwcip_ZUdgOewtj0W7ocyzVSl65D_mL88I
2026-09-18 16:06:42 INFO  [WEBSOCKET,traceId=,spanId=] [http-nio-7080-exec-4] com.sadetech.websocket.util.JwtUtil - Attempting to validate token...
2026-09-18 16:06:42 INFO  [WEBSOCKET,traceId=,spanId=] [http-nio-7080-exec-3] c.s.w.service.PlayerStatusHandler - Incoming WebSocket URI: ws://192.168.1.9:7080/ws/player-status?token=eyJhbGciOiJIUzI1NiJ9.eyJzdWIiOiI5MDAzNDU2MzQ5IiwiaXNzIjoic2FkZXRlY2gtcnVtbXkiLCJyb2xlcyI6WyJVU0VSIl0sInBsYXllcklkIjoiNmEwNDk0NGMxNmFkMjUwMGRjMDhlMGE3IiwiaWF0IjoxNzg5NjU0NDA5LCJleHAiOjE3ODk3NDA4MDl9.kfs4uSDygRgIZQk9Bqb60rmAMDJWhn2dQdnOsZKsc8M
2026-09-18 16:06:42 INFO  [WEBSOCKET,traceId=,spanId=] [http-nio-7080-exec-3] c.s.w.service.PlayerStatusHandler - Extracted Token: eyJhbGciOiJIUzI1NiJ9.eyJzdWIiOiI5MDAzNDU2MzQ5IiwiaXNzIjoic2FkZXRlY2gtcnVtbXkiLCJyb2xlcyI6WyJVU0VSIl0sInBsYXllcklkIjoiNmEwNDk0NGMxNmFkMjUwMGRjMDhlMGE3IiwiaWF0IjoxNzg5NjU0NDA5LCJleHAiOjE3ODk3NDA4MDl9.kfs4uSDygRgIZQk9Bqb60rmAMDJWhn2dQdnOsZKsc8M
2026-09-18 16:06:42 INFO  [WEBSOCKET,traceId=,spanId=] [http-nio-7080-exec-3] com.sadetech.websocket.util.JwtUtil - Attempting to validate token...
2026-09-18 16:06:42 INFO  [WEBSOCKET,traceId=,spanId=] [http-nio-7080-exec-4] com.sadetech.websocket.util.JwtUtil - Token validated successfully: {sub=9876543210, iss=sadetech-rummy, roles=[USER], playerId=69f244b95e3dbc19a9e7dc39, iat=1789654259, exp=1789740659}
2026-09-18 16:06:42 INFO  [WEBSOCKET,traceId=,spanId=] [http-nio-7080-exec-3] com.sadetech.websocket.util.JwtUtil - Token validated successfully: {sub=9003456349, iss=sadetech-rummy, roles=[USER], playerId=6a04944c16ad2500dc08e0a7, iat=1789654409, exp=1789740809}
2026-09-18 16:06:42 INFO  [WEBSOCKET,traceId=,spanId=] [http-nio-7080-exec-4] c.s.w.service.PlayerStatusHandler - Player 9876543210 successfully connected
2026-09-18 16:06:42 INFO  [WEBSOCKET,traceId=,spanId=] [http-nio-7080-exec-3] c.s.w.service.PlayerStatusHandler - Player 9003456349 successfully connected
2026-09-18 16:06:42 INFO  [WEBSOCKET,traceId=,spanId=] [http-nio-7080-exec-4] c.s.w.service.PlayerStatusHandler - Player 9876543210 is online, last ping time: 1789727802642
2026-09-18 16:06:42 INFO  [WEBSOCKET,traceId=,spanId=] [http-nio-7080-exec-4] c.s.w.service.PlayerStatusHandler - Player 9003456349 is online, last ping time: 1789727802642
2026-09-18 16:06:42 INFO  [WEBSOCKET,traceId=,spanId=] [http-nio-7080-exec-3] c.s.w.service.PlayerStatusHandler - Player 9876543210 is online, last ping time: 1789727802642
2026-09-18 16:06:42 INFO  [WEBSOCKET,traceId=,spanId=] [http-nio-7080-exec-4] c.s.w.service.PlayerStatusHandler - Total Online Players: 2
2026-09-18 16:06:42 INFO  [WEBSOCKET,traceId=,spanId=] [http-nio-7080-exec-3] c.s.w.service.PlayerStatusHandler - Player 9003456349 is online, last ping time: 1789727802642
2026-09-18 16:06:42 INFO  [WEBSOCKET,traceId=,spanId=] [http-nio-7080-exec-3] c.s.w.service.PlayerStatusHandler - Total Online Players: 2
2026-09-18 16:06:42 INFO  [WEBSOCKET,traceId=,spanId=] [http-nio-7080-exec-3] c.s.w.service.PlayerStatusHandler - Received message: {"type":"JOINED","roomId":"6aad14382fc30302e91c7a39","clientId":"client-ehwpxkch","timestamp":"2026-09-18T10:36:42.334Z"}
2026-09-18 16:06:42 INFO  [WEBSOCKET,traceId=,spanId=] [http-nio-7080-exec-4] c.s.w.service.PlayerStatusHandler - Received message: {"type":"JOINED","roomId":"6aad14382fc30302e91c7a3a","clientId":"client-4al4r3ug","timestamp":"2026-09-18T10:36:42.745Z"}
2026-09-18 16:06:42 INFO  [WEBSOCKET,traceId=,spanId=] [http-nio-7080-exec-4] c.s.w.service.PlayerStatusHandler - Received JOINED message from client for room setup.
2026-09-18 16:06:42 INFO  [WEBSOCKET,traceId=,spanId=] [http-nio-7080-exec-3] c.s.w.service.PlayerStatusHandler - Received JOINED message from client for room setup.
2026-09-18 16:06:43 INFO  [WEBSOCKET,traceId=,spanId=] [http-nio-7080-exec-3] com.sadetech.websocket.util.JwtUtil - Attempting to validate token...
2026-09-18 16:06:43 INFO  [WEBSOCKET,traceId=,spanId=] [http-nio-7080-exec-4] com.sadetech.websocket.util.JwtUtil - Attempting to validate token...
2026-09-18 16:06:43 INFO  [WEBSOCKET,traceId=,spanId=] [http-nio-7080-exec-4] com.sadetech.websocket.util.JwtUtil - Token validated successfully: {sub=9876543210, iss=sadetech-rummy, roles=[USER], playerId=69f244b95e3dbc19a9e7dc39, iat=1789654259, exp=1789740659}
2026-09-18 16:06:43 INFO  [WEBSOCKET,traceId=,spanId=] [http-nio-7080-exec-3] com.sadetech.websocket.util.JwtUtil - Token validated successfully: {sub=9003456349, iss=sadetech-rummy, roles=[USER], playerId=6a04944c16ad2500dc08e0a7, iat=1789654409, exp=1789740809}
2026-09-18 16:06:49 INFO  [WEBSOCKET,traceId=6aad1441bec2d0ed9ffa54b028d2c465,spanId=9ffa54b028d2c465] [MessageBroker-1] c.s.w.service.PlayerStatusHandler - Player 9876543210 is online, last ping time: 1789727803695
2026-09-18 16:06:49 INFO  [WEBSOCKET,traceId=6aad1441bec2d0ed9ffa54b028d2c465,spanId=9ffa54b028d2c465] [MessageBroker-1] c.s.w.service.PlayerStatusHandler - Player 9003456349 is online, last ping time: 1789727803696
2026-09-18 16:06:49 INFO  [WEBSOCKET,traceId=6aad1441bec2d0ed9ffa54b028d2c465,spanId=9ffa54b028d2c465] [MessageBroker-1] c.s.w.service.PlayerStatusHandler - Total Online Players: 2
2026-09-18 16:07:19 INFO  [WEBSOCKET,traceId=6aad145f6f8ee97e8e4447195ae4f25e,spanId=8e4447195ae4f25e] [MessageBroker-1] c.s.w.service.PlayerStatusHandler - Player 9876543210 is online, last ping time: 1789727803695
2026-09-18 16:07:19 INFO  [WEBSOCKET,traceId=6aad145f6f8ee97e8e4447195ae4f25e,spanId=8e4447195ae4f25e] [MessageBroker-1] c.s.w.service.PlayerStatusHandler - Player 9003456349 is online, last ping time: 1789727803696
2026-09-18 16:07:19 INFO  [WEBSOCKET,traceId=6aad145f6f8ee97e8e4447195ae4f25e,spanId=8e4447195ae4f25e] [MessageBroker-1] c.s.w.service.PlayerStatusHandler - Total Online Players: 2
2026-09-18 16:07:49 INFO  [WEBSOCKET,traceId=6aad147d280f7f68b4f5275fe251d080,spanId=b4f5275fe251d080] [MessageBroker-2] c.s.w.service.PlayerStatusHandler - Player 9876543210 is online, last ping time: 1789727803695
2026-09-18 16:07:49 INFO  [WEBSOCKET,traceId=6aad147d280f7f68b4f5275fe251d080,spanId=b4f5275fe251d080] [MessageBroker-2] c.s.w.service.PlayerStatusHandler - Player 9003456349 is online, last ping time: 1789727803696
2026-09-18 16:07:49 INFO  [WEBSOCKET,traceId=6aad147d280f7f68b4f5275fe251d080,spanId=b4f5275fe251d080] [MessageBroker-2] c.s.w.service.PlayerStatusHandler - Total Online Players: 2
2026-09-18 16:08:19 INFO  [WEBSOCKET,traceId=6aad149b64a16a4c5a74e20e21694c57,spanId=5a74e20e21694c57] [MessageBroker-2] c.s.w.service.PlayerStatusHandler - Player 9876543210 is online, last ping time: 1789727803695
2026-09-18 16:08:19 INFO  [WEBSOCKET,traceId=6aad149b64a16a4c5a74e20e21694c57,spanId=5a74e20e21694c57] [MessageBroker-2] c.s.w.service.PlayerStatusHandler - Player 9003456349 is online, last ping time: 1789727803696
2026-09-18 16:08:19 INFO  [WEBSOCKET,traceId=6aad149b64a16a4c5a74e20e21694c57,spanId=5a74e20e21694c57] [MessageBroker-2] c.s.w.service.PlayerStatusHandler - Total Online Players: 2
2026-09-18 16:08:19 INFO  [WEBSOCKET,traceId=,spanId=] [http-nio-7080-exec-5] c.s.w.service.PlayerStatusHandler - WebSocket session closed: e1d1c7ea-9658-65c0-20dd-9971ca011f4d
2026-09-18 16:08:19 INFO  [WEBSOCKET,traceId=,spanId=] [http-nio-7080-exec-5] c.s.w.service.PlayerStatusHandler - Removing player 9003456349 from online pool upon leaving
2026-09-18 16:08:19 INFO  [WEBSOCKET,traceId=,spanId=] [http-nio-7080-exec-5] c.s.w.service.PlayerStatusHandler - Player 9876543210 is online, last ping time: 1789727803695
2026-09-18 16:08:19 INFO  [WEBSOCKET,traceId=,spanId=] [http-nio-7080-exec-5] c.s.w.service.PlayerStatusHandler - Total Online Players: 1
2026-09-18 16:08:22 INFO  [WEBSOCKET,traceId=,spanId=] [http-nio-7080-exec-6] c.s.w.service.PlayerStatusHandler - WebSocket session closed: b655ad34-92b1-2992-d34c-69a3cf438952
2026-09-18 16:08:22 INFO  [WEBSOCKET,traceId=,spanId=] [http-nio-7080-exec-6] c.s.w.service.PlayerStatusHandler - Removing player 9876543210 from online pool upon leaving
2026-09-18 16:08:22 INFO  [WEBSOCKET,traceId=,spanId=] [http-nio-7080-exec-6] c.s.w.service.PlayerStatusHandler - Total Online Players: 0
2026-09-18 16:08:25 INFO  [WEBSOCKET,traceId=,spanId=] [AsyncResolver-bootstrap-executor-%d] c.n.d.s.r.aws.ConfigClusterResolver - Resolving eureka endpoints via configuration
2026-09-18 16:08:27 INFO  [WEBSOCKET,traceId=,spanId=] [http-nio-7080-exec-7] c.s.w.service.PlayerStatusHandler - Incoming WebSocket URI: ws://192.168.1.9:7080/ws/player-status?token=eyJhbGciOiJIUzI1NiJ9.eyJzdWIiOiI5ODc2NTQzMjEwIiwiaXNzIjoic2FkZXRlY2gtcnVtbXkiLCJyb2xlcyI6WyJVU0VSIl0sInBsYXllcklkIjoiNjlmMjQ0Yjk1ZTNkYmMxOWE5ZTdkYzM5IiwiaWF0IjoxNzg5NjU0MjU5LCJleHAiOjE3ODk3NDA2NTl9.YOYZ8kbbQhwcip_ZUdgOewtj0W7ocyzVSl65D_mL88I
2026-09-18 16:08:27 INFO  [WEBSOCKET,traceId=,spanId=] [http-nio-7080-exec-7] c.s.w.service.PlayerStatusHandler - Extracted Token: eyJhbGciOiJIUzI1NiJ9.eyJzdWIiOiI5ODc2NTQzMjEwIiwiaXNzIjoic2FkZXRlY2gtcnVtbXkiLCJyb2xlcyI6WyJVU0VSIl0sInBsYXllcklkIjoiNjlmMjQ0Yjk1ZTNkYmMxOWE5ZTdkYzM5IiwiaWF0IjoxNzg5NjU0MjU5LCJleHAiOjE3ODk3NDA2NTl9.YOYZ8kbbQhwcip_ZUdgOewtj0W7ocyzVSl65D_mL88I
2026-09-18 16:08:27 INFO  [WEBSOCKET,traceId=,spanId=] [http-nio-7080-exec-7] com.sadetech.websocket.util.JwtUtil - Attempting to validate token...
2026-09-18 16:08:27 INFO  [WEBSOCKET,traceId=,spanId=] [http-nio-7080-exec-7] com.sadetech.websocket.util.JwtUtil - Token validated successfully: {sub=9876543210, iss=sadetech-rummy, roles=[USER], playerId=69f244b95e3dbc19a9e7dc39, iat=1789654259, exp=1789740659}
2026-09-18 16:08:27 INFO  [WEBSOCKET,traceId=,spanId=] [http-nio-7080-exec-7] c.s.w.service.PlayerStatusHandler - Player 9876543210 successfully connected
2026-09-18 16:08:27 INFO  [WEBSOCKET,traceId=,spanId=] [http-nio-7080-exec-7] c.s.w.service.PlayerStatusHandler - Player 9876543210 is online, last ping time: 1789727907053
2026-09-18 16:08:27 INFO  [WEBSOCKET,traceId=,spanId=] [http-nio-7080-exec-7] c.s.w.service.PlayerStatusHandler - Total Online Players: 1
2026-09-18 16:08:27 INFO  [WEBSOCKET,traceId=,spanId=] [http-nio-7080-exec-8] c.s.w.service.PlayerStatusHandler - Received message: {"type":"JOINED","roomId":"6aad14382fc30302e91c7a39","clientId":"client-774zqooz","timestamp":"2026-09-18T10:38:27.297Z"}
2026-09-18 16:08:27 INFO  [WEBSOCKET,traceId=,spanId=] [http-nio-7080-exec-8] c.s.w.service.PlayerStatusHandler - Received JOINED message from client for room setup.
2026-09-18 16:08:27 INFO  [WEBSOCKET,traceId=,spanId=] [http-nio-7080-exec-8] com.sadetech.websocket.util.JwtUtil - Attempting to validate token...
2026-09-18 16:08:27 INFO  [WEBSOCKET,traceId=,spanId=] [http-nio-7080-exec-8] com.sadetech.websocket.util.JwtUtil - Token validated successfully: {sub=9876543210, iss=sadetech-rummy, roles=[USER], playerId=69f244b95e3dbc19a9e7dc39, iat=1789654259, exp=1789740659}
2026-09-18 16:08:27 INFO  [WEBSOCKET,traceId=,spanId=] [http-nio-7080-exec-10] c.s.w.service.PlayerStatusHandler - Incoming WebSocket URI: ws://192.168.1.9:7080/ws/player-status?token=eyJhbGciOiJIUzI1NiJ9.eyJzdWIiOiI5MDAzNDU2MzQ5IiwiaXNzIjoic2FkZXRlY2gtcnVtbXkiLCJyb2xlcyI6WyJVU0VSIl0sInBsYXllcklkIjoiNmEwNDk0NGMxNmFkMjUwMGRjMDhlMGE3IiwiaWF0IjoxNzg5NjU0NDA5LCJleHAiOjE3ODk3NDA4MDl9.kfs4uSDygRgIZQk9Bqb60rmAMDJWhn2dQdnOsZKsc8M
2026-09-18 16:08:27 INFO  [WEBSOCKET,traceId=,spanId=] [http-nio-7080-exec-10] c.s.w.service.PlayerStatusHandler - Extracted Token: eyJhbGciOiJIUzI1NiJ9.eyJzdWIiOiI5MDAzNDU2MzQ5IiwiaXNzIjoic2FkZXRlY2gtcnVtbXkiLCJyb2xlcyI6WyJVU0VSIl0sInBsYXllcklkIjoiNmEwNDk0NGMxNmFkMjUwMGRjMDhlMGE3IiwiaWF0IjoxNzg5NjU0NDA5LCJleHAiOjE3ODk3NDA4MDl9.kfs4uSDygRgIZQk9Bqb60rmAMDJWhn2dQdnOsZKsc8M
2026-09-18 16:08:27 INFO  [WEBSOCKET,traceId=,spanId=] [http-nio-7080-exec-10] com.sadetech.websocket.util.JwtUtil - Attempting to validate token...
2026-09-18 16:08:27 INFO  [WEBSOCKET,traceId=,spanId=] [http-nio-7080-exec-10] com.sadetech.websocket.util.JwtUtil - Token validated successfully: {sub=9003456349, iss=sadetech-rummy, roles=[USER], playerId=6a04944c16ad2500dc08e0a7, iat=1789654409, exp=1789740809}
2026-09-18 16:08:27 INFO  [WEBSOCKET,traceId=,spanId=] [http-nio-7080-exec-10] c.s.w.service.PlayerStatusHandler - Player 9003456349 successfully connected
2026-09-18 16:08:27 INFO  [WEBSOCKET,traceId=,spanId=] [http-nio-7080-exec-10] c.s.w.service.PlayerStatusHandler - Player 9876543210 is online, last ping time: 1789727907154
2026-09-18 16:08:27 INFO  [WEBSOCKET,traceId=,spanId=] [http-nio-7080-exec-10] c.s.w.service.PlayerStatusHandler - Player 9003456349 is online, last ping time: 1789727907689
2026-09-18 16:08:27 INFO  [WEBSOCKET,traceId=,spanId=] [http-nio-7080-exec-10] c.s.w.service.PlayerStatusHandler - Total Online Players: 2
2026-09-18 16:08:27 INFO  [WEBSOCKET,traceId=,spanId=] [http-nio-7080-exec-2] c.s.w.service.PlayerStatusHandler - Received message: {"type":"JOINED","roomId":"6aad14382fc30302e91c7a3a","clientId":"client-k5tsugkz","timestamp":"2026-09-18T10:38:27.472Z"}
2026-09-18 16:08:27 INFO  [WEBSOCKET,traceId=,spanId=] [http-nio-7080-exec-2] c.s.w.service.PlayerStatusHandler - Received JOINED message from client for room setup.
2026-09-18 16:08:27 INFO  [WEBSOCKET,traceId=,spanId=] [http-nio-7080-exec-2] com.sadetech.websocket.util.JwtUtil - Attempting to validate token...
2026-09-18 16:08:27 INFO  [WEBSOCKET,traceId=,spanId=] [http-nio-7080-exec-2] com.sadetech.websocket.util.JwtUtil - Token validated successfully: {sub=9003456349, iss=sadetech-rummy, roles=[USER], playerId=6a04944c16ad2500dc08e0a7, iat=1789654409, exp=1789740809}
2026-09-18 16:08:33 INFO  [WEBSOCKET,traceId=,spanId=] [http-nio-7080-exec-9] c.s.w.service.PlayerStatusHandler - WebSocket session closed: 8017e9ad-ed56-e99b-6de4-945528771936
2026-09-18 16:08:33 INFO  [WEBSOCKET,traceId=,spanId=] [http-nio-7080-exec-9] c.s.w.service.PlayerStatusHandler - Removing player 9003456349 from online pool upon leaving
2026-09-18 16:08:33 INFO  [WEBSOCKET,traceId=,spanId=] [http-nio-7080-exec-9] c.s.w.service.PlayerStatusHandler - Player 9876543210 is online, last ping time: 1789727907154
2026-09-18 16:08:33 INFO  [WEBSOCKET,traceId=,spanId=] [http-nio-7080-exec-9] c.s.w.service.PlayerStatusHandler - Total Online Players: 1
2026-09-18 16:08:39 INFO  [WEBSOCKET,traceId=,spanId=] [http-nio-7080-exec-4] c.s.w.service.PlayerStatusHandler - WebSocket session closed: 4bda8ce3-9d18-e70a-ecbb-6ff431b34f15
2026-09-18 16:08:39 INFO  [WEBSOCKET,traceId=,spanId=] [http-nio-7080-exec-4] c.s.w.service.PlayerStatusHandler - Removing player 9876543210 from online pool upon leaving
2026-09-18 16:08:39 INFO  [WEBSOCKET,traceId=,spanId=] [http-nio-7080-exec-4] c.s.w.service.PlayerStatusHandler - Total Online Players: 0
2026-09-18 16:08:49 INFO  [WEBSOCKET,traceId=6aad14b9905ee480e655bb9fc5890399,spanId=e655bb9fc5890399] [MessageBroker-2] c.s.w.service.PlayerStatusHandler - Total Online Players: 0
2026-09-18 16:09:19 INFO  [WEBSOCKET,traceId=6aad14d757a29275272e301b451dbbbb,spanId=272e301b451dbbbb] [MessageBroker-2] c.s.w.service.PlayerStatusHandler - Total Online Players: 0
2026-09-18 16:09:49 INFO  [WEBSOCKET,traceId=6aad14f5218f8cd191fa2ef15cbbdc58,spanId=91fa2ef15cbbdc58] [MessageBroker-4] c.s.w.service.PlayerStatusHandler - Total Online Players: 0
2026-09-18 16:10:19 INFO  [WEBSOCKET,traceId=6aad15133aa8fdae42a51a4a57e11ee1,spanId=42a51a4a57e11ee1] [MessageBroker-3] c.s.w.service.PlayerStatusHandler - Total Online Players: 0
2026-09-18 16:10:49 INFO  [WEBSOCKET,traceId=6aad1531fa1848a28427690d037f2d08,spanId=8427690d037f2d08] [MessageBroker-1] c.s.w.service.PlayerStatusHandler - Total Online Players: 0
2026-09-18 16:11:19 INFO  [WEBSOCKET,traceId=6aad154f11f6f95eed123d7a53c3205b,spanId=ed123d7a53c3205b] [MessageBroker-1] c.s.w.service.PlayerStatusHandler - Total Online Players: 0
2026-09-18 16:11:49 INFO  [WEBSOCKET,traceId=6aad156d6171f6183f6b45db65cb09de,spanId=3f6b45db65cb09de] [MessageBroker-1] c.s.w.service.PlayerStatusHandler - Total Online Players: 0
2026-09-18 16:12:19 INFO  [WEBSOCKET,traceId=6aad158bc92b99aeacd65d47677a3778,spanId=acd65d47677a3778] [MessageBroker-3] c.s.w.service.PlayerStatusHandler - Total Online Players: 0
2026-09-18 16:12:49 INFO  [WEBSOCKET,traceId=6aad15a9eab024217107a0cfdf390f20,spanId=7107a0cfdf390f20] [MessageBroker-3] c.s.w.service.PlayerStatusHandler - Total Online Players: 0
2026-09-18 16:13:19 INFO  [WEBSOCKET,traceId=6aad15c7efc6ed8e8b7c08689c087074,spanId=8b7c08689c087074] [MessageBroker-3] c.s.w.service.PlayerStatusHandler - Total Online Players: 0
2026-09-18 16:13:25 INFO  [WEBSOCKET,traceId=,spanId=] [AsyncResolver-bootstrap-executor-%d] c.n.d.s.r.aws.ConfigClusterResolver - Resolving eureka endpoints via configuration
2026-09-18 16:13:49 INFO  [WEBSOCKET,traceId=6aad15e59285947b373d53c0e02c6e7e,spanId=373d53c0e02c6e7e] [MessageBroker-3] c.s.w.service.PlayerStatusHandler - Total Online Players: 0
2026-09-18 16:14:19 INFO  [WEBSOCKET,traceId=6aad16039ce9cf5de4a2ddc9df32b41c,spanId=e4a2ddc9df32b41c] [MessageBroker-3] c.s.w.service.PlayerStatusHandler - Total Online Players: 0
2026-09-18 16:14:49 INFO  [WEBSOCKET,traceId=6aad1621396e95d5cc2c25027123017a,spanId=cc2c25027123017a] [MessageBroker-3] c.s.w.service.PlayerStatusHandler - Total Online Players: 0
2026-09-18 16:15:19 INFO  [WEBSOCKET,traceId=6aad163f8ba569088b4e38d9d9f287ef,spanId=8b4e38d9d9f287ef] [MessageBroker-3] c.s.w.service.PlayerStatusHandler - Total Online Players: 0
2026-09-18 16:15:49 INFO  [WEBSOCKET,traceId=6aad165d7c5d2bfeaa4b479da090dc19,spanId=aa4b479da090dc19] [MessageBroker-2] c.s.w.service.PlayerStatusHandler - Total Online Players: 0
2026-09-18 16:15:54 INFO  [WEBSOCKET,traceId=,spanId=] [http-nio-7080-exec-6] c.s.w.service.PlayerStatusHandler - Incoming WebSocket URI: ws://192.168.1.9:7080/ws/player-status?token=eyJhbGciOiJIUzI1NiJ9.eyJzdWIiOiI5MDAzNDU2MzQ5IiwiaXNzIjoic2FkZXRlY2gtcnVtbXkiLCJyb2xlcyI6WyJVU0VSIl0sInBsYXllcklkIjoiNmEwNDk0NGMxNmFkMjUwMGRjMDhlMGE3IiwiaWF0IjoxNzg5NjU0NDA5LCJleHAiOjE3ODk3NDA4MDl9.kfs4uSDygRgIZQk9Bqb60rmAMDJWhn2dQdnOsZKsc8M
2026-09-18 16:15:54 INFO  [WEBSOCKET,traceId=,spanId=] [http-nio-7080-exec-6] c.s.w.service.PlayerStatusHandler - Extracted Token: eyJhbGciOiJIUzI1NiJ9.eyJzdWIiOiI5MDAzNDU2MzQ5IiwiaXNzIjoic2FkZXRlY2gtcnVtbXkiLCJyb2xlcyI6WyJVU0VSIl0sInBsYXllcklkIjoiNmEwNDk0NGMxNmFkMjUwMGRjMDhlMGE3IiwiaWF0IjoxNzg5NjU0NDA5LCJleHAiOjE3ODk3NDA4MDl9.kfs4uSDygRgIZQk9Bqb60rmAMDJWhn2dQdnOsZKsc8M
2026-09-18 16:15:54 INFO  [WEBSOCKET,traceId=,spanId=] [http-nio-7080-exec-6] com.sadetech.websocket.util.JwtUtil - Attempting to validate token...
2026-09-18 16:15:54 INFO  [WEBSOCKET,traceId=,spanId=] [http-nio-7080-exec-6] com.sadetech.websocket.util.JwtUtil - Token validated successfully: {sub=9003456349, iss=sadetech-rummy, roles=[USER], playerId=6a04944c16ad2500dc08e0a7, iat=1789654409, exp=1789740809}
2026-09-18 16:15:54 INFO  [WEBSOCKET,traceId=,spanId=] [http-nio-7080-exec-6] c.s.w.service.PlayerStatusHandler - Player 9003456349 successfully connected
2026-09-18 16:15:54 INFO  [WEBSOCKET,traceId=,spanId=] [http-nio-7080-exec-6] c.s.w.service.PlayerStatusHandler - Player 9003456349 is online, last ping time: 1789728354113
2026-09-18 16:15:54 INFO  [WEBSOCKET,traceId=,spanId=] [http-nio-7080-exec-6] c.s.w.service.PlayerStatusHandler - Total Online Players: 1
2026-09-18 16:15:54 INFO  [WEBSOCKET,traceId=,spanId=] [http-nio-7080-exec-7] c.s.w.service.PlayerStatusHandler - Received message: {"type":"JOINED","roomId":"6aad16612fc30302e91c7a3b","clientId":"client-5vecktg3","timestamp":"2026-09-18T10:45:53.904Z"}
2026-09-18 16:15:54 INFO  [WEBSOCKET,traceId=,spanId=] [http-nio-7080-exec-7] c.s.w.service.PlayerStatusHandler - Received JOINED message from client for room setup.
2026-09-18 16:15:54 INFO  [WEBSOCKET,traceId=,spanId=] [http-nio-7080-exec-7] com.sadetech.websocket.util.JwtUtil - Attempting to validate token...
2026-09-18 16:15:54 INFO  [WEBSOCKET,traceId=,spanId=] [http-nio-7080-exec-7] com.sadetech.websocket.util.JwtUtil - Token validated successfully: {sub=9003456349, iss=sadetech-rummy, roles=[USER], playerId=6a04944c16ad2500dc08e0a7, iat=1789654409, exp=1789740809}
2026-09-18 16:15:54 INFO  [WEBSOCKET,traceId=,spanId=] [http-nio-7080-exec-8] c.s.w.service.PlayerStatusHandler - Incoming WebSocket URI: ws://192.168.1.9:7080/ws/player-status?token=eyJhbGciOiJIUzI1NiJ9.eyJzdWIiOiI5ODc2NTQzMjEwIiwiaXNzIjoic2FkZXRlY2gtcnVtbXkiLCJyb2xlcyI6WyJVU0VSIl0sInBsYXllcklkIjoiNjlmMjQ0Yjk1ZTNkYmMxOWE5ZTdkYzM5IiwiaWF0IjoxNzg5NjU0MjU5LCJleHAiOjE3ODk3NDA2NTl9.YOYZ8kbbQhwcip_ZUdgOewtj0W7ocyzVSl65D_mL88I
2026-09-18 16:15:54 INFO  [WEBSOCKET,traceId=,spanId=] [http-nio-7080-exec-8] c.s.w.service.PlayerStatusHandler - Extracted Token: eyJhbGciOiJIUzI1NiJ9.eyJzdWIiOiI5ODc2NTQzMjEwIiwiaXNzIjoic2FkZXRlY2gtcnVtbXkiLCJyb2xlcyI6WyJVU0VSIl0sInBsYXllcklkIjoiNjlmMjQ0Yjk1ZTNkYmMxOWE5ZTdkYzM5IiwiaWF0IjoxNzg5NjU0MjU5LCJleHAiOjE3ODk3NDA2NTl9.YOYZ8kbbQhwcip_ZUdgOewtj0W7ocyzVSl65D_mL88I
2026-09-18 16:15:54 INFO  [WEBSOCKET,traceId=,spanId=] [http-nio-7080-exec-8] com.sadetech.websocket.util.JwtUtil - Attempting to validate token...
2026-09-18 16:15:54 INFO  [WEBSOCKET,traceId=,spanId=] [http-nio-7080-exec-8] com.sadetech.websocket.util.JwtUtil - Token validated successfully: {sub=9876543210, iss=sadetech-rummy, roles=[USER], playerId=69f244b95e3dbc19a9e7dc39, iat=1789654259, exp=1789740659}
2026-09-18 16:15:54 INFO  [WEBSOCKET,traceId=,spanId=] [http-nio-7080-exec-8] c.s.w.service.PlayerStatusHandler - Player 9876543210 successfully connected
2026-09-18 16:15:54 INFO  [WEBSOCKET,traceId=,spanId=] [http-nio-7080-exec-8] c.s.w.service.PlayerStatusHandler - Player 9876543210 is online, last ping time: 1789728354714
2026-09-18 16:15:54 INFO  [WEBSOCKET,traceId=,spanId=] [http-nio-7080-exec-8] c.s.w.service.PlayerStatusHandler - Player 9003456349 is online, last ping time: 1789728354282
2026-09-18 16:15:54 INFO  [WEBSOCKET,traceId=,spanId=] [http-nio-7080-exec-8] c.s.w.service.PlayerStatusHandler - Total Online Players: 2
2026-09-18 16:15:54 INFO  [WEBSOCKET,traceId=,spanId=] [http-nio-7080-exec-10] c.s.w.service.PlayerStatusHandler - Received message: {"type":"JOINED","roomId":"6aad16612fc30302e91c7a3b","clientId":"client-3r4m3hrr","timestamp":"2026-09-18T10:45:54.946Z"}
2026-09-18 16:15:54 INFO  [WEBSOCKET,traceId=,spanId=] [http-nio-7080-exec-10] c.s.w.service.PlayerStatusHandler - Received JOINED message from client for room setup.
2026-09-18 16:15:54 INFO  [WEBSOCKET,traceId=,spanId=] [http-nio-7080-exec-10] com.sadetech.websocket.util.JwtUtil - Attempting to validate token...
2026-09-18 16:15:54 INFO  [WEBSOCKET,traceId=,spanId=] [http-nio-7080-exec-10] com.sadetech.websocket.util.JwtUtil - Token validated successfully: {sub=9876543210, iss=sadetech-rummy, roles=[USER], playerId=69f244b95e3dbc19a9e7dc39, iat=1789654259, exp=1789740659}
2026-09-18 16:16:19 INFO  [WEBSOCKET,traceId=6aad167be8f7949e94bc8b91075475d1,spanId=94bc8b91075475d1] [MessageBroker-2] c.s.w.service.PlayerStatusHandler - Player 9876543210 is online, last ping time: 1789728354801
2026-09-18 16:16:19 INFO  [WEBSOCKET,traceId=6aad167be8f7949e94bc8b91075475d1,spanId=94bc8b91075475d1] [MessageBroker-2] c.s.w.service.PlayerStatusHandler - Player 9003456349 is online, last ping time: 1789728354282
2026-09-18 16:16:19 INFO  [WEBSOCKET,traceId=6aad167be8f7949e94bc8b91075475d1,spanId=94bc8b91075475d1] [MessageBroker-2] c.s.w.service.PlayerStatusHandler - Total Online Players: 2
2026-09-18 16:16:49 INFO  [WEBSOCKET,traceId=6aad1699bb4c1d7aa35e5d1030432d0b,spanId=a35e5d1030432d0b] [MessageBroker-2] c.s.w.service.PlayerStatusHandler - Player 9876543210 is online, last ping time: 1789728354801
2026-09-18 16:16:49 INFO  [WEBSOCKET,traceId=6aad1699bb4c1d7aa35e5d1030432d0b,spanId=a35e5d1030432d0b] [MessageBroker-2] c.s.w.service.PlayerStatusHandler - Player 9003456349 is online, last ping time: 1789728354282
2026-09-18 16:16:49 INFO  [WEBSOCKET,traceId=6aad1699bb4c1d7aa35e5d1030432d0b,spanId=a35e5d1030432d0b] [MessageBroker-2] c.s.w.service.PlayerStatusHandler - Total Online Players: 2
2026-09-18 16:17:02 INFO  [WEBSOCKET,traceId=,spanId=] [http-nio-7080-exec-9] c.s.w.service.PlayerStatusHandler - WebSocket session closed: f6aa8c14-a5b8-0c9f-821e-8f63cee9f41b
2026-09-18 16:17:02 INFO  [WEBSOCKET,traceId=,spanId=] [http-nio-7080-exec-9] c.s.w.service.PlayerStatusHandler - Removing player 9876543210 from online pool upon leaving
2026-09-18 16:17:02 INFO  [WEBSOCKET,traceId=,spanId=] [http-nio-7080-exec-9] c.s.w.service.PlayerStatusHandler - Player 9003456349 is online, last ping time: 1789728354282
2026-09-18 16:17:02 INFO  [WEBSOCKET,traceId=,spanId=] [http-nio-7080-exec-9] c.s.w.service.PlayerStatusHandler - Total Online Players: 1
2026-09-18 16:17:14 INFO  [WEBSOCKET,traceId=,spanId=] [http-nio-7080-exec-3] c.s.w.service.PlayerStatusHandler - WebSocket session closed: 5add5818-3b28-b994-4ac7-27ddd544de63
2026-09-18 16:17:14 INFO  [WEBSOCKET,traceId=,spanId=] [http-nio-7080-exec-3] c.s.w.service.PlayerStatusHandler - Removing player 9003456349 from online pool upon leaving
2026-09-18 16:17:14 INFO  [WEBSOCKET,traceId=,spanId=] [http-nio-7080-exec-3] c.s.w.service.PlayerStatusHandler - Total Online Players: 0
2026-09-18 16:17:19 INFO  [WEBSOCKET,traceId=6aad16b7b0863c3449a7e8fcd36bba81,spanId=49a7e8fcd36bba81] [MessageBroker-2] c.s.w.service.PlayerStatusHandler - Total Online Players: 0
2026-09-18 16:17:49 INFO  [WEBSOCKET,traceId=6aad16d562c2d1d8918a9340dba930cf,spanId=918a9340dba930cf] [MessageBroker-2] c.s.w.service.PlayerStatusHandler - Total Online Players: 0
2026-09-18 16:18:19 INFO  [WEBSOCKET,traceId=6aad16f3f474c3a38f6974e980be1dab,spanId=8f6974e980be1dab] [MessageBroker-2] c.s.w.service.PlayerStatusHandler - Total Online Players: 0
2026-09-18 16:18:25 INFO  [WEBSOCKET,traceId=,spanId=] [AsyncResolver-bootstrap-executor-%d] c.n.d.s.r.aws.ConfigClusterResolver - Resolving eureka endpoints via configuration
2026-09-18 16:18:49 INFO  [WEBSOCKET,traceId=6aad1711eb085532a3e88d3adc9c534d,spanId=a3e88d3adc9c534d] [MessageBroker-3] c.s.w.service.PlayerStatusHandler - Total Online Players: 0
2026-09-18 16:19:19 INFO  [WEBSOCKET,traceId=6aad172f332b4addd3f2bcd8aadf6094,spanId=d3f2bcd8aadf6094] [MessageBroker-4] c.s.w.service.PlayerStatusHandler - Total Online Players: 0
2026-09-18 16:19:49 INFO  [WEBSOCKET,traceId=6aad174dca67dac02e22d213db8b24fc,spanId=2e22d213db8b24fc] [MessageBroker-4] c.s.w.service.PlayerStatusHandler - Total Online Players: 0
2026-09-18 16:20:19 INFO  [WEBSOCKET,traceId=6aad176b887303933d4b33c4da42f6e2,spanId=3d4b33c4da42f6e2] [MessageBroker-4] c.s.w.service.PlayerStatusHandler - Total Online Players: 0
2026-09-18 16:20:49 INFO  [WEBSOCKET,traceId=6aad17890597df251ea1cebd664123e1,spanId=1ea1cebd664123e1] [MessageBroker-3] c.s.w.service.PlayerStatusHandler - Total Online Players: 0
2026-09-18 16:21:19 INFO  [WEBSOCKET,traceId=6aad17a73911cb5b5cc9ce286ac6d6f8,spanId=5cc9ce286ac6d6f8] [MessageBroker-3] c.s.w.service.PlayerStatusHandler - Total Online Players: 0
2026-09-18 16:21:49 INFO  [WEBSOCKET,traceId=6aad17c572999e004f43476565f1f676,spanId=4f43476565f1f676] [MessageBroker-3] c.s.w.service.PlayerStatusHandler - Total Online Players: 0
2026-09-18 16:22:19 INFO  [WEBSOCKET,traceId=6aad17e3039cdd132d61f462520e9f07,spanId=2d61f462520e9f07] [MessageBroker-4] c.s.w.service.PlayerStatusHandler - Total Online Players: 0
2026-09-18 16:22:49 INFO  [WEBSOCKET,traceId=6aad18014eaeef54b82c6fc99e8c766f,spanId=b82c6fc99e8c766f] [MessageBroker-4] c.s.w.service.PlayerStatusHandler - Total Online Players: 0
2026-09-18 16:23:19 INFO  [WEBSOCKET,traceId=6aad181f81649a3bb6c139e15a4b988c,spanId=b6c139e15a4b988c] [MessageBroker-4] c.s.w.service.PlayerStatusHandler - Total Online Players: 0
2026-09-18 16:23:25 INFO  [WEBSOCKET,traceId=,spanId=] [AsyncResolver-bootstrap-executor-%d] c.n.d.s.r.aws.ConfigClusterResolver - Resolving eureka endpoints via configuration
2026-09-18 16:23:49 INFO  [WEBSOCKET,traceId=6aad183da7ce2e94a5378a3c7478eaf9,spanId=a5378a3c7478eaf9] [MessageBroker-3] c.s.w.service.PlayerStatusHandler - Total Online Players: 0
2026-09-18 16:24:13 INFO  [WEBSOCKET,traceId=,spanId=] [http-nio-7080-exec-4] c.s.w.service.PlayerStatusHandler - Incoming WebSocket URI: ws://192.168.1.9:7080/ws/player-status?token=eyJhbGciOiJIUzI1NiJ9.eyJzdWIiOiI5ODc2NTQzMjEwIiwiaXNzIjoic2FkZXRlY2gtcnVtbXkiLCJyb2xlcyI6WyJVU0VSIl0sInBsYXllcklkIjoiNjlmMjQ0Yjk1ZTNkYmMxOWE5ZTdkYzM5IiwiaWF0IjoxNzg5NjU0MjU5LCJleHAiOjE3ODk3NDA2NTl9.YOYZ8kbbQhwcip_ZUdgOewtj0W7ocyzVSl65D_mL88I
2026-09-18 16:24:13 INFO  [WEBSOCKET,traceId=,spanId=] [http-nio-7080-exec-5] c.s.w.service.PlayerStatusHandler - Incoming WebSocket URI: ws://192.168.1.9:7080/ws/player-status?token=eyJhbGciOiJIUzI1NiJ9.eyJzdWIiOiI5MDAzNDU2MzQ5IiwiaXNzIjoic2FkZXRlY2gtcnVtbXkiLCJyb2xlcyI6WyJVU0VSIl0sInBsYXllcklkIjoiNmEwNDk0NGMxNmFkMjUwMGRjMDhlMGE3IiwiaWF0IjoxNzg5NjU0NDA5LCJleHAiOjE3ODk3NDA4MDl9.kfs4uSDygRgIZQk9Bqb60rmAMDJWhn2dQdnOsZKsc8M
2026-09-18 16:24:13 INFO  [WEBSOCKET,traceId=,spanId=] [http-nio-7080-exec-5] c.s.w.service.PlayerStatusHandler - Extracted Token: eyJhbGciOiJIUzI1NiJ9.eyJzdWIiOiI5MDAzNDU2MzQ5IiwiaXNzIjoic2FkZXRlY2gtcnVtbXkiLCJyb2xlcyI6WyJVU0VSIl0sInBsYXllcklkIjoiNmEwNDk0NGMxNmFkMjUwMGRjMDhlMGE3IiwiaWF0IjoxNzg5NjU0NDA5LCJleHAiOjE3ODk3NDA4MDl9.kfs4uSDygRgIZQk9Bqb60rmAMDJWhn2dQdnOsZKsc8M
2026-09-18 16:24:13 INFO  [WEBSOCKET,traceId=,spanId=] [http-nio-7080-exec-5] com.sadetech.websocket.util.JwtUtil - Attempting to validate token...
2026-09-18 16:24:13 INFO  [WEBSOCKET,traceId=,spanId=] [http-nio-7080-exec-5] com.sadetech.websocket.util.JwtUtil - Token validated successfully: {sub=9003456349, iss=sadetech-rummy, roles=[USER], playerId=6a04944c16ad2500dc08e0a7, iat=1789654409, exp=1789740809}
2026-09-18 16:24:13 INFO  [WEBSOCKET,traceId=,spanId=] [http-nio-7080-exec-5] c.s.w.service.PlayerStatusHandler - Player 9003456349 successfully connected
2026-09-18 16:24:13 INFO  [WEBSOCKET,traceId=,spanId=] [http-nio-7080-exec-5] c.s.w.service.PlayerStatusHandler - Player 9003456349 is online, last ping time: 1789728853046
2026-09-18 16:24:13 INFO  [WEBSOCKET,traceId=,spanId=] [http-nio-7080-exec-5] c.s.w.service.PlayerStatusHandler - Total Online Players: 1
2026-09-18 16:24:13 INFO  [WEBSOCKET,traceId=,spanId=] [http-nio-7080-exec-5] c.s.w.service.PlayerStatusHandler - Received message: {"type":"JOINED","roomId":"6aad18542fc30302e91c7a3c","clientId":"client-6d1ibq5q","timestamp":"2026-09-18T10:54:12.740Z"}
2026-09-18 16:24:13 INFO  [WEBSOCKET,traceId=,spanId=] [http-nio-7080-exec-5] c.s.w.service.PlayerStatusHandler - Received JOINED message from client for room setup.
2026-09-18 16:24:13 INFO  [WEBSOCKET,traceId=,spanId=] [http-nio-7080-exec-4] c.s.w.service.PlayerStatusHandler - Extracted Token: eyJhbGciOiJIUzI1NiJ9.eyJzdWIiOiI5ODc2NTQzMjEwIiwiaXNzIjoic2FkZXRlY2gtcnVtbXkiLCJyb2xlcyI6WyJVU0VSIl0sInBsYXllcklkIjoiNjlmMjQ0Yjk1ZTNkYmMxOWE5ZTdkYzM5IiwiaWF0IjoxNzg5NjU0MjU5LCJleHAiOjE3ODk3NDA2NTl9.YOYZ8kbbQhwcip_ZUdgOewtj0W7ocyzVSl65D_mL88I
2026-09-18 16:24:13 INFO  [WEBSOCKET,traceId=,spanId=] [http-nio-7080-exec-4] com.sadetech.websocket.util.JwtUtil - Attempting to validate token...
2026-09-18 16:24:13 INFO  [WEBSOCKET,traceId=,spanId=] [http-nio-7080-exec-4] com.sadetech.websocket.util.JwtUtil - Token validated successfully: {sub=9876543210, iss=sadetech-rummy, roles=[USER], playerId=69f244b95e3dbc19a9e7dc39, iat=1789654259, exp=1789740659}
2026-09-18 16:24:13 INFO  [WEBSOCKET,traceId=,spanId=] [http-nio-7080-exec-4] c.s.w.service.PlayerStatusHandler - Player 9876543210 successfully connected
2026-09-18 16:24:13 INFO  [WEBSOCKET,traceId=,spanId=] [http-nio-7080-exec-4] c.s.w.service.PlayerStatusHandler - Player 9876543210 is online, last ping time: 1789728853048
2026-09-18 16:24:13 INFO  [WEBSOCKET,traceId=,spanId=] [http-nio-7080-exec-4] c.s.w.service.PlayerStatusHandler - Player 9003456349 is online, last ping time: 1789728853046
2026-09-18 16:24:13 INFO  [WEBSOCKET,traceId=,spanId=] [http-nio-7080-exec-4] c.s.w.service.PlayerStatusHandler - Total Online Players: 2
2026-09-18 16:24:13 INFO  [WEBSOCKET,traceId=,spanId=] [http-nio-7080-exec-4] c.s.w.service.PlayerStatusHandler - Received message: {"type":"JOINED","roomId":"6aad18542fc30302e91c7a3d","clientId":"client-xycgkxdi","timestamp":"2026-09-18T10:54:13.256Z"}
2026-09-18 16:24:13 INFO  [WEBSOCKET,traceId=,spanId=] [http-nio-7080-exec-4] c.s.w.service.PlayerStatusHandler - Received JOINED message from client for room setup.
2026-09-18 16:24:13 INFO  [WEBSOCKET,traceId=,spanId=] [http-nio-7080-exec-5] com.sadetech.websocket.util.JwtUtil - Attempting to validate token...
2026-09-18 16:24:13 INFO  [WEBSOCKET,traceId=,spanId=] [http-nio-7080-exec-5] com.sadetech.websocket.util.JwtUtil - Token validated successfully: {sub=9003456349, iss=sadetech-rummy, roles=[USER], playerId=6a04944c16ad2500dc08e0a7, iat=1789654409, exp=1789740809}
2026-09-18 16:24:13 INFO  [WEBSOCKET,traceId=,spanId=] [http-nio-7080-exec-4] com.sadetech.websocket.util.JwtUtil - Attempting to validate token...
2026-09-18 16:24:13 INFO  [WEBSOCKET,traceId=,spanId=] [http-nio-7080-exec-4] com.sadetech.websocket.util.JwtUtil - Token validated successfully: {sub=9876543210, iss=sadetech-rummy, roles=[USER], playerId=69f244b95e3dbc19a9e7dc39, iat=1789654259, exp=1789740659}
2026-09-18 16:24:19 INFO  [WEBSOCKET,traceId=6aad185b6d90ccde2f979eeba3541848,spanId=2f979eeba3541848] [MessageBroker-3] c.s.w.service.PlayerStatusHandler - Player 9876543210 is online, last ping time: 1789728853122
2026-09-18 16:24:19 INFO  [WEBSOCKET,traceId=6aad185b6d90ccde2f979eeba3541848,spanId=2f979eeba3541848] [MessageBroker-3] c.s.w.service.PlayerStatusHandler - Player 9003456349 is online, last ping time: 1789728853117
2026-09-18 16:24:19 INFO  [WEBSOCKET,traceId=6aad185b6d90ccde2f979eeba3541848,spanId=2f979eeba3541848] [MessageBroker-3] c.s.w.service.PlayerStatusHandler - Total Online Players: 2
2026-09-18 16:24:49 INFO  [WEBSOCKET,traceId=6aad187910e819ff7a53fce741f00d6c,spanId=7a53fce741f00d6c] [MessageBroker-3] c.s.w.service.PlayerStatusHandler - Player 9876543210 is online, last ping time: 1789728853122
2026-09-18 16:24:49 INFO  [WEBSOCKET,traceId=6aad187910e819ff7a53fce741f00d6c,spanId=7a53fce741f00d6c] [MessageBroker-3] c.s.w.service.PlayerStatusHandler - Player 9003456349 is online, last ping time: 1789728853117
2026-09-18 16:24:49 INFO  [WEBSOCKET,traceId=6aad187910e819ff7a53fce741f00d6c,spanId=7a53fce741f00d6c] [MessageBroker-3] c.s.w.service.PlayerStatusHandler - Total Online Players: 2
2026-09-18 16:24:50 INFO  [WEBSOCKET,traceId=,spanId=] [http-nio-7080-exec-6] c.s.w.service.PlayerStatusHandler - WebSocket session closed: bb40a201-d59c-a7d7-735c-c64cda7a21fb
2026-09-18 16:24:50 INFO  [WEBSOCKET,traceId=,spanId=] [http-nio-7080-exec-6] c.s.w.service.PlayerStatusHandler - Removing player 9876543210 from online pool upon leaving
2026-09-18 16:24:50 INFO  [WEBSOCKET,traceId=,spanId=] [http-nio-7080-exec-6] c.s.w.service.PlayerStatusHandler - Player 9003456349 is online, last ping time: 1789728853117
2026-09-18 16:24:50 INFO  [WEBSOCKET,traceId=,spanId=] [http-nio-7080-exec-6] c.s.w.service.PlayerStatusHandler - Total Online Players: 1
2026-09-18 16:24:54 INFO  [WEBSOCKET,traceId=,spanId=] [http-nio-7080-exec-7] c.s.w.service.PlayerStatusHandler - WebSocket session closed: cea1e201-61a8-7ff4-6acc-da3af82a9188
2026-09-18 16:24:54 INFO  [WEBSOCKET,traceId=,spanId=] [http-nio-7080-exec-7] c.s.w.service.PlayerStatusHandler - Removing player 9003456349 from online pool upon leaving
2026-09-18 16:24:54 INFO  [WEBSOCKET,traceId=,spanId=] [http-nio-7080-exec-7] c.s.w.service.PlayerStatusHandler - Total Online Players: 0
2026-09-18 16:25:19 INFO  [WEBSOCKET,traceId=6aad18973b155c1fdf1c1db4fa51a124,spanId=df1c1db4fa51a124] [MessageBroker-3] c.s.w.service.PlayerStatusHandler - Total Online Players: 0
2026-09-18 16:25:37 INFO  [WEBSOCKET,traceId=,spanId=] [http-nio-7080-exec-8] c.s.w.service.PlayerStatusHandler - Incoming WebSocket URI: ws://192.168.1.9:7080/ws/player-status?token=eyJhbGciOiJIUzI1NiJ9.eyJzdWIiOiI5MDAzNDU2MzQ5IiwiaXNzIjoic2FkZXRlY2gtcnVtbXkiLCJyb2xlcyI6WyJVU0VSIl0sInBsYXllcklkIjoiNmEwNDk0NGMxNmFkMjUwMGRjMDhlMGE3IiwiaWF0IjoxNzg5NjU0NDA5LCJleHAiOjE3ODk3NDA4MDl9.kfs4uSDygRgIZQk9Bqb60rmAMDJWhn2dQdnOsZKsc8M
2026-09-18 16:25:37 INFO  [WEBSOCKET,traceId=,spanId=] [http-nio-7080-exec-8] c.s.w.service.PlayerStatusHandler - Extracted Token: eyJhbGciOiJIUzI1NiJ9.eyJzdWIiOiI5MDAzNDU2MzQ5IiwiaXNzIjoic2FkZXRlY2gtcnVtbXkiLCJyb2xlcyI6WyJVU0VSIl0sInBsYXllcklkIjoiNmEwNDk0NGMxNmFkMjUwMGRjMDhlMGE3IiwiaWF0IjoxNzg5NjU0NDA5LCJleHAiOjE3ODk3NDA4MDl9.kfs4uSDygRgIZQk9Bqb60rmAMDJWhn2dQdnOsZKsc8M
2026-09-18 16:25:37 INFO  [WEBSOCKET,traceId=,spanId=] [http-nio-7080-exec-8] com.sadetech.websocket.util.JwtUtil - Attempting to validate token...
2026-09-18 16:25:37 INFO  [WEBSOCKET,traceId=,spanId=] [http-nio-7080-exec-8] com.sadetech.websocket.util.JwtUtil - Token validated successfully: {sub=9003456349, iss=sadetech-rummy, roles=[USER], playerId=6a04944c16ad2500dc08e0a7, iat=1789654409, exp=1789740809}
2026-09-18 16:25:37 INFO  [WEBSOCKET,traceId=,spanId=] [http-nio-7080-exec-8] c.s.w.service.PlayerStatusHandler - Player 9003456349 successfully connected
2026-09-18 16:25:37 INFO  [WEBSOCKET,traceId=,spanId=] [http-nio-7080-exec-8] c.s.w.service.PlayerStatusHandler - Player 9003456349 is online, last ping time: 1789728937331
2026-09-18 16:25:37 INFO  [WEBSOCKET,traceId=,spanId=] [http-nio-7080-exec-8] c.s.w.service.PlayerStatusHandler - Total Online Players: 1
2026-09-18 16:25:37 INFO  [WEBSOCKET,traceId=,spanId=] [http-nio-7080-exec-10] c.s.w.service.PlayerStatusHandler - Received message: {"type":"JOINED","roomId":"6aad18a82fc30302e91c7a3e","clientId":"client-tbwyxskr","timestamp":"2026-09-18T10:55:37.093Z"}
2026-09-18 16:25:37 INFO  [WEBSOCKET,traceId=,spanId=] [http-nio-7080-exec-10] c.s.w.service.PlayerStatusHandler - Received JOINED message from client for room setup.
2026-09-18 16:25:37 INFO  [WEBSOCKET,traceId=,spanId=] [http-nio-7080-exec-10] com.sadetech.websocket.util.JwtUtil - Attempting to validate token...
2026-09-18 16:25:37 INFO  [WEBSOCKET,traceId=,spanId=] [http-nio-7080-exec-10] com.sadetech.websocket.util.JwtUtil - Token validated successfully: {sub=9003456349, iss=sadetech-rummy, roles=[USER], playerId=6a04944c16ad2500dc08e0a7, iat=1789654409, exp=1789740809}
2026-09-18 16:25:38 INFO  [WEBSOCKET,traceId=,spanId=] [http-nio-7080-exec-2] c.s.w.service.PlayerStatusHandler - Incoming WebSocket URI: ws://192.168.1.9:7080/ws/player-status?token=eyJhbGciOiJIUzI1NiJ9.eyJzdWIiOiI5ODc2NTQzMjEwIiwiaXNzIjoic2FkZXRlY2gtcnVtbXkiLCJyb2xlcyI6WyJVU0VSIl0sInBsYXllcklkIjoiNjlmMjQ0Yjk1ZTNkYmMxOWE5ZTdkYzM5IiwiaWF0IjoxNzg5NjU0MjU5LCJleHAiOjE3ODk3NDA2NTl9.YOYZ8kbbQhwcip_ZUdgOewtj0W7ocyzVSl65D_mL88I
2026-09-18 16:25:38 INFO  [WEBSOCKET,traceId=,spanId=] [http-nio-7080-exec-2] c.s.w.service.PlayerStatusHandler - Extracted Token: eyJhbGciOiJIUzI1NiJ9.eyJzdWIiOiI5ODc2NTQzMjEwIiwiaXNzIjoic2FkZXRlY2gtcnVtbXkiLCJyb2xlcyI6WyJVU0VSIl0sInBsYXllcklkIjoiNjlmMjQ0Yjk1ZTNkYmMxOWE5ZTdkYzM5IiwiaWF0IjoxNzg5NjU0MjU5LCJleHAiOjE3ODk3NDA2NTl9.YOYZ8kbbQhwcip_ZUdgOewtj0W7ocyzVSl65D_mL88I
2026-09-18 16:25:38 INFO  [WEBSOCKET,traceId=,spanId=] [http-nio-7080-exec-2] com.sadetech.websocket.util.JwtUtil - Attempting to validate token...
2026-09-18 16:25:38 INFO  [WEBSOCKET,traceId=,spanId=] [http-nio-7080-exec-2] com.sadetech.websocket.util.JwtUtil - Token validated successfully: {sub=9876543210, iss=sadetech-rummy, roles=[USER], playerId=69f244b95e3dbc19a9e7dc39, iat=1789654259, exp=1789740659}
2026-09-18 16:25:38 INFO  [WEBSOCKET,traceId=,spanId=] [http-nio-7080-exec-2] c.s.w.service.PlayerStatusHandler - Player 9876543210 successfully connected
2026-09-18 16:25:38 INFO  [WEBSOCKET,traceId=,spanId=] [http-nio-7080-exec-2] c.s.w.service.PlayerStatusHandler - Player 9876543210 is online, last ping time: 1789728938600
2026-09-18 16:25:38 INFO  [WEBSOCKET,traceId=,spanId=] [http-nio-7080-exec-2] c.s.w.service.PlayerStatusHandler - Player 9003456349 is online, last ping time: 1789728937479
2026-09-18 16:25:38 INFO  [WEBSOCKET,traceId=,spanId=] [http-nio-7080-exec-2] c.s.w.service.PlayerStatusHandler - Total Online Players: 2
2026-09-18 16:25:38 INFO  [WEBSOCKET,traceId=,spanId=] [http-nio-7080-exec-9] c.s.w.service.PlayerStatusHandler - Received message: {"type":"JOINED","roomId":"6aad18a82fc30302e91c7a3e","clientId":"client-rf12680z","timestamp":"2026-09-18T10:55:38.876Z"}
2026-09-18 16:25:38 INFO  [WEBSOCKET,traceId=,spanId=] [http-nio-7080-exec-9] c.s.w.service.PlayerStatusHandler - Received JOINED message from client for room setup.
2026-09-18 16:25:38 INFO  [WEBSOCKET,traceId=,spanId=] [http-nio-7080-exec-9] com.sadetech.websocket.util.JwtUtil - Attempting to validate token...
2026-09-18 16:25:38 INFO  [WEBSOCKET,traceId=,spanId=] [http-nio-7080-exec-9] com.sadetech.websocket.util.JwtUtil - Token validated successfully: {sub=9876543210, iss=sadetech-rummy, roles=[USER], playerId=69f244b95e3dbc19a9e7dc39, iat=1789654259, exp=1789740659}
2026-09-18 16:25:49 INFO  [WEBSOCKET,traceId=6aad18b5ea4217268c86ded689286571,spanId=8c86ded689286571] [MessageBroker-1] c.s.w.service.PlayerStatusHandler - Player 9876543210 is online, last ping time: 1789728938754
2026-09-18 16:25:49 INFO  [WEBSOCKET,traceId=6aad18b5ea4217268c86ded689286571,spanId=8c86ded689286571] [MessageBroker-1] c.s.w.service.PlayerStatusHandler - Player 9003456349 is online, last ping time: 1789728937479
2026-09-18 16:25:49 INFO  [WEBSOCKET,traceId=6aad18b5ea4217268c86ded689286571,spanId=8c86ded689286571] [MessageBroker-1] c.s.w.service.PlayerStatusHandler - Total Online Players: 2
2026-09-18 16:26:19 INFO  [WEBSOCKET,traceId=6aad18d3fe26a3e9ce8048148dde510e,spanId=ce8048148dde510e] [MessageBroker-1] c.s.w.service.PlayerStatusHandler - Player 9876543210 is online, last ping time: 1789728938754
2026-09-18 16:26:19 INFO  [WEBSOCKET,traceId=6aad18d3fe26a3e9ce8048148dde510e,spanId=ce8048148dde510e] [MessageBroker-1] c.s.w.service.PlayerStatusHandler - Player 9003456349 is online, last ping time: 1789728937479
2026-09-18 16:26:19 INFO  [WEBSOCKET,traceId=6aad18d3fe26a3e9ce8048148dde510e,spanId=ce8048148dde510e] [MessageBroker-1] c.s.w.service.PlayerStatusHandler - Total Online Players: 2
2026-09-18 16:26:49 INFO  [WEBSOCKET,traceId=6aad18f1039391799191f96515c8abeb,spanId=9191f96515c8abeb] [MessageBroker-1] c.s.w.service.PlayerStatusHandler - Player 9876543210 is online, last ping time: 1789728938754
2026-09-18 16:26:49 INFO  [WEBSOCKET,traceId=6aad18f1039391799191f96515c8abeb,spanId=9191f96515c8abeb] [MessageBroker-1] c.s.w.service.PlayerStatusHandler - Player 9003456349 is online, last ping time: 1789728937479
2026-09-18 16:26:49 INFO  [WEBSOCKET,traceId=6aad18f1039391799191f96515c8abeb,spanId=9191f96515c8abeb] [MessageBroker-1] c.s.w.service.PlayerStatusHandler - Total Online Players: 2
2026-09-18 16:26:52 INFO  [WEBSOCKET,traceId=,spanId=] [http-nio-7080-exec-5] c.s.w.service.PlayerStatusHandler - WebSocket session closed: b01382c7-ae38-0c43-8d38-19a95f4f9544
2026-09-18 16:26:52 INFO  [WEBSOCKET,traceId=,spanId=] [http-nio-7080-exec-5] c.s.w.service.PlayerStatusHandler - Removing player 9876543210 from online pool upon leaving
2026-09-18 16:26:52 INFO  [WEBSOCKET,traceId=,spanId=] [http-nio-7080-exec-5] c.s.w.service.PlayerStatusHandler - Player 9003456349 is online, last ping time: 1789728937479
2026-09-18 16:26:52 INFO  [WEBSOCKET,traceId=,spanId=] [http-nio-7080-exec-5] c.s.w.service.PlayerStatusHandler - Total Online Players: 1
2026-09-18 16:26:56 INFO  [WEBSOCKET,traceId=,spanId=] [http-nio-7080-exec-4] c.s.w.service.PlayerStatusHandler - WebSocket session closed: ca38da5a-7446-eecd-79a8-c1bca60e0ef6
2026-09-18 16:26:56 INFO  [WEBSOCKET,traceId=,spanId=] [http-nio-7080-exec-4] c.s.w.service.PlayerStatusHandler - Removing player 9003456349 from online pool upon leaving
2026-09-18 16:26:56 INFO  [WEBSOCKET,traceId=,spanId=] [http-nio-7080-exec-4] c.s.w.service.PlayerStatusHandler - Total Online Players: 0
2026-09-18 16:27:19 INFO  [WEBSOCKET,traceId=6aad190fc803119d20dcb7a33e1e33cc,spanId=20dcb7a33e1e33cc] [MessageBroker-1] c.s.w.service.PlayerStatusHandler - Total Online Players: 0
2026-09-18 16:27:49 INFO  [WEBSOCKET,traceId=6aad192de78e5eff3520882bfba5a049,spanId=3520882bfba5a049] [MessageBroker-2] c.s.w.service.PlayerStatusHandler - Total Online Players: 0
2026-09-18 16:28:19 INFO  [WEBSOCKET,traceId=6aad194b43e67779d5c5fcd885331277,spanId=d5c5fcd885331277] [MessageBroker-2] c.s.w.service.PlayerStatusHandler - Total Online Players: 0
2026-09-18 16:28:25 INFO  [WEBSOCKET,traceId=,spanId=] [AsyncResolver-bootstrap-executor-%d] c.n.d.s.r.aws.ConfigClusterResolver - Resolving eureka endpoints via configuration
2026-09-18 16:28:49 INFO  [WEBSOCKET,traceId=6aad1969eb38ddc294e3d7e08ce6bd51,spanId=94e3d7e08ce6bd51] [MessageBroker-3] c.s.w.service.PlayerStatusHandler - Total Online Players: 0
2026-09-18 16:29:19 INFO  [WEBSOCKET,traceId=6aad19875bc291e28ae4908465eea5ab,spanId=8ae4908465eea5ab] [MessageBroker-3] c.s.w.service.PlayerStatusHandler - Total Online Players: 0
2026-09-18 16:29:49 INFO  [WEBSOCKET,traceId=6aad19a51b55f14cc8202a0d3573d4b6,spanId=c8202a0d3573d4b6] [MessageBroker-3] c.s.w.service.PlayerStatusHandler - Total Online Players: 0
2026-09-18 16:30:19 INFO  [WEBSOCKET,traceId=6aad19c3c681a3d27a7c49610f083ef0,spanId=7a7c49610f083ef0] [MessageBroker-3] c.s.w.service.PlayerStatusHandler - Total Online Players: 0
2026-09-18 16:30:49 INFO  [WEBSOCKET,traceId=6aad19e1a644c2fb229733224b872574,spanId=229733224b872574] [MessageBroker-1] c.s.w.service.PlayerStatusHandler - Total Online Players: 0
2026-09-18 16:31:19 INFO  [WEBSOCKET,traceId=6aad19ff6bed9feba09aa2ca34b78e16,spanId=a09aa2ca34b78e16] [MessageBroker-1] c.s.w.service.PlayerStatusHandler - Total Online Players: 0
2026-09-18 16:31:49 INFO  [WEBSOCKET,traceId=6aad1a1daa5ad5217f93c4b782660206,spanId=7f93c4b782660206] [MessageBroker-1] c.s.w.service.PlayerStatusHandler - Total Online Players: 0
2026-09-18 16:32:19 INFO  [WEBSOCKET,traceId=6aad1a3b5711f0d596ee491c435a399b,spanId=96ee491c435a399b] [MessageBroker-3] c.s.w.service.PlayerStatusHandler - Total Online Players: 0
2026-09-18 16:32:49 INFO  [WEBSOCKET,traceId=6aad1a598a655687958c5cf83dfb23e6,spanId=958c5cf83dfb23e6] [MessageBroker-3] c.s.w.service.PlayerStatusHandler - Total Online Players: 0
2026-09-18 16:33:19 INFO  [WEBSOCKET,traceId=6aad1a77f0864ab6109aacc909039138,spanId=109aacc909039138] [MessageBroker-3] c.s.w.service.PlayerStatusHandler - Total Online Players: 0
2026-09-18 16:33:25 INFO  [WEBSOCKET,traceId=,spanId=] [AsyncResolver-bootstrap-executor-%d] c.n.d.s.r.aws.ConfigClusterResolver - Resolving eureka endpoints via configuration
2026-09-18 16:33:49 INFO  [WEBSOCKET,traceId=6aad1a955bb42ba64820ea43e25beb29,spanId=4820ea43e25beb29] [MessageBroker-3] c.s.w.service.PlayerStatusHandler - Total Online Players: 0
2026-09-18 16:34:19 INFO  [WEBSOCKET,traceId=6aad1ab30cd7c2df91f04464c5417383,spanId=91f04464c5417383] [MessageBroker-3] c.s.w.service.PlayerStatusHandler - Total Online Players: 0
2026-09-18 16:34:49 INFO  [WEBSOCKET,traceId=6aad1ad1641f2fa823e4d129cdccb72e,spanId=23e4d129cdccb72e] [MessageBroker-2] c.s.w.service.PlayerStatusHandler - Total Online Players: 0
2026-09-18 16:35:19 INFO  [WEBSOCKET,traceId=6aad1aef35aa5bd283cfd8743af87b78,spanId=83cfd8743af87b78] [MessageBroker-2] c.s.w.service.PlayerStatusHandler - Total Online Players: 0
2026-09-18 16:35:36 INFO  [WEBSOCKET,traceId=,spanId=] [MessageBroker-4] o.s.w.s.c.WebSocketMessageBrokerStats - WebSocketSession[0 current WS(0)-HttpStream(0)-HttpPoll(0), 0 total, 0 closed abnormally (0 connect failure, 0 send limit, 0 transport error)], stompSubProtocol[processed CONNECT(0)-CONNECTED(0)-DISCONNECT(0)], stompBrokerRelay[null], inboundChannel[pool size = 0, active threads = 0, queued tasks = 0, completed tasks = 0], outboundChannel[pool size = 0, active threads = 0, queued tasks = 0, completed tasks = 0], sockJsScheduler[pool size = 4, active threads = 1, queued tasks = 1, completed tasks = 2175]
2026-09-18 16:35:49 INFO  [WEBSOCKET,traceId=6aad1b0db0a355746dcc3267aa1521f5,spanId=6dcc3267aa1521f5] [MessageBroker-3] c.s.w.service.PlayerStatusHandler - Total Online Players: 0
2026-09-18 16:36:19 INFO  [WEBSOCKET,traceId=6aad1b2b96fdb676fef7279e1a713ba4,spanId=fef7279e1a713ba4] [MessageBroker-3] c.s.w.service.PlayerStatusHandler - Total Online Players: 0
2026-09-18 16:36:49 INFO  [WEBSOCKET,traceId=6aad1b49bb6f172ed1661eabb0b1e0c2,spanId=d1661eabb0b1e0c2] [MessageBroker-3] c.s.w.service.PlayerStatusHandler - Total Online Players: 0
2026-09-18 16:37:19 INFO  [WEBSOCKET,traceId=6aad1b67604c92a9412cf059522edbf6,spanId=412cf059522edbf6] [MessageBroker-3] c.s.w.service.PlayerStatusHandler - Total Online Players: 0
2026-09-18 16:37:49 INFO  [WEBSOCKET,traceId=6aad1b859821b2453774095876c7b1fc,spanId=3774095876c7b1fc] [MessageBroker-3] c.s.w.service.PlayerStatusHandler - Total Online Players: 0
2026-09-18 16:38:19 INFO  [WEBSOCKET,traceId=6aad1ba34981ec618a08fea9626b2949,spanId=8a08fea9626b2949] [MessageBroker-3] c.s.w.service.PlayerStatusHandler - Total Online Players: 0
2026-09-18 16:38:25 INFO  [WEBSOCKET,traceId=,spanId=] [AsyncResolver-bootstrap-executor-%d] c.n.d.s.r.aws.ConfigClusterResolver - Resolving eureka endpoints via configuration
2026-09-18 16:38:49 INFO  [WEBSOCKET,traceId=6aad1bc17b73ed8b3a0c60c6fd05877b,spanId=3a0c60c6fd05877b] [MessageBroker-3] c.s.w.service.PlayerStatusHandler - Total Online Players: 0
2026-09-18 16:39:19 INFO  [WEBSOCKET,traceId=6aad1bdf3641d7b627b753130c041e7b,spanId=27b753130c041e7b] [MessageBroker-3] c.s.w.service.PlayerStatusHandler - Total Online Players: 0
2026-09-18 16:39:49 INFO  [WEBSOCKET,traceId=6aad1bfd5fbc7a5fc5663482b5b35c0c,spanId=c5663482b5b35c0c] [MessageBroker-3] c.s.w.service.PlayerStatusHandler - Total Online Players: 0
2026-09-18 16:40:19 INFO  [WEBSOCKET,traceId=6aad1c1bba3a8f946ca3fa19c500dab1,spanId=6ca3fa19c500dab1] [MessageBroker-3] c.s.w.service.PlayerStatusHandler - Total Online Players: 0
2026-09-18 16:40:49 INFO  [WEBSOCKET,traceId=6aad1c39bea0e4044b44dbb3986c857b,spanId=4b44dbb3986c857b] [MessageBroker-3] c.s.w.service.PlayerStatusHandler - Total Online Players: 0
2026-09-18 16:41:19 INFO  [WEBSOCKET,traceId=6aad1c575c0d5c44203262c094cfa4cb,spanId=203262c094cfa4cb] [MessageBroker-3] c.s.w.service.PlayerStatusHandler - Total Online Players: 0
2026-09-18 16:41:49 INFO  [WEBSOCKET,traceId=6aad1c7596f8387429ec53abf873447c,spanId=29ec53abf873447c] [MessageBroker-4] c.s.w.service.PlayerStatusHandler - Total Online Players: 0
2026-09-18 16:42:19 INFO  [WEBSOCKET,traceId=6aad1c93940085fad338a4783bb57146,spanId=d338a4783bb57146] [MessageBroker-4] c.s.w.service.PlayerStatusHandler - Total Online Players: 0
2026-09-18 16:42:49 INFO  [WEBSOCKET,traceId=6aad1cb15943ab63b35273a9111195fc,spanId=b35273a9111195fc] [MessageBroker-4] c.s.w.service.PlayerStatusHandler - Total Online Players: 0
2026-09-18 16:43:19 INFO  [WEBSOCKET,traceId=6aad1ccf2f8c4386eb46aadfeb2adf39,spanId=eb46aadfeb2adf39] [MessageBroker-4] c.s.w.service.PlayerStatusHandler - Total Online Players: 0
2026-09-18 16:43:25 INFO  [WEBSOCKET,traceId=,spanId=] [AsyncResolver-bootstrap-executor-%d] c.n.d.s.r.aws.ConfigClusterResolver - Resolving eureka endpoints via configuration
2026-09-18 16:43:49 INFO  [WEBSOCKET,traceId=6aad1ced8fd68f240231a0ee59a091d5,spanId=0231a0ee59a091d5] [MessageBroker-4] c.s.w.service.PlayerStatusHandler - Total Online Players: 0
2026-09-18 16:44:19 INFO  [WEBSOCKET,traceId=6aad1d0bf5ec7fcd647d7892c63dce03,spanId=647d7892c63dce03] [MessageBroker-4] c.s.w.service.PlayerStatusHandler - Total Online Players: 0
2026-09-18 16:44:49 INFO  [WEBSOCKET,traceId=6aad1d29b0b81c9992768f80b094c0f6,spanId=92768f80b094c0f6] [MessageBroker-3] c.s.w.service.PlayerStatusHandler - Total Online Players: 0
2026-09-18 16:45:19 INFO  [WEBSOCKET,traceId=6aad1d47a841d8208fba38272bcaf80b,spanId=8fba38272bcaf80b] [MessageBroker-3] c.s.w.service.PlayerStatusHandler - Total Online Players: 0
2026-09-18 16:45:49 INFO  [WEBSOCKET,traceId=6aad1d65c0a095b52520c0dafa95afb6,spanId=2520c0dafa95afb6] [MessageBroker-1] c.s.w.service.PlayerStatusHandler - Total Online Players: 0
2026-09-18 16:46:19 INFO  [WEBSOCKET,traceId=6aad1d83946f574786badc9393a3e392,spanId=86badc9393a3e392] [MessageBroker-1] c.s.w.service.PlayerStatusHandler - Total Online Players: 0
2026-09-18 16:46:49 INFO  [WEBSOCKET,traceId=6aad1da1147a7e20b6d9716b56ca0402,spanId=b6d9716b56ca0402] [MessageBroker-1] c.s.w.service.PlayerStatusHandler - Total Online Players: 0
2026-09-18 16:47:19 INFO  [WEBSOCKET,traceId=6aad1dbf2de9610b82f8abfb85260164,spanId=82f8abfb85260164] [MessageBroker-1] c.s.w.service.PlayerStatusHandler - Total Online Players: 0
2026-09-18 16:47:49 INFO  [WEBSOCKET,traceId=6aad1ddde6c743f5c6ee080cb7d89593,spanId=c6ee080cb7d89593] [MessageBroker-1] c.s.w.service.PlayerStatusHandler - Total Online Players: 0
2026-09-18 16:48:19 INFO  [WEBSOCKET,traceId=6aad1dfbc0152dcd5ca0550033f37713,spanId=5ca0550033f37713] [MessageBroker-1] c.s.w.service.PlayerStatusHandler - Total Online Players: 0
2026-09-18 16:48:25 INFO  [WEBSOCKET,traceId=,spanId=] [AsyncResolver-bootstrap-executor-%d] c.n.d.s.r.aws.ConfigClusterResolver - Resolving eureka endpoints via configuration
2026-09-18 16:48:49 INFO  [WEBSOCKET,traceId=6aad1e1912a46f01b4003649f36359c1,spanId=b4003649f36359c1] [MessageBroker-3] c.s.w.service.PlayerStatusHandler - Total Online Players: 0
2026-09-18 16:49:19 INFO  [WEBSOCKET,traceId=6aad1e37b57b59583c4c958da43f47a3,spanId=3c4c958da43f47a3] [MessageBroker-4] c.s.w.service.PlayerStatusHandler - Total Online Players: 0
2026-09-18 16:49:49 INFO  [WEBSOCKET,traceId=6aad1e55f7cd65767f3021fe58400242,spanId=7f3021fe58400242] [MessageBroker-2] c.s.w.service.PlayerStatusHandler - Total Online Players: 0
2026-09-18 16:50:19 INFO  [WEBSOCKET,traceId=6aad1e731a6b43e10487a1380f0f26b9,spanId=0487a1380f0f26b9] [MessageBroker-2] c.s.w.service.PlayerStatusHandler - Total Online Players: 0
2026-09-18 16:50:49 INFO  [WEBSOCKET,traceId=6aad1e9196a5f39f7f62278fe61d338f,spanId=7f62278fe61d338f] [MessageBroker-3] c.s.w.service.PlayerStatusHandler - Total Online Players: 0
2026-09-18 16:51:19 INFO  [WEBSOCKET,traceId=6aad1eafd38bf963690b0edd1a88f02f,spanId=690b0edd1a88f02f] [MessageBroker-3] c.s.w.service.PlayerStatusHandler - Total Online Players: 0
2026-09-18 16:51:49 INFO  [WEBSOCKET,traceId=6aad1ecd063e92917e6e8fcd0280f0e9,spanId=7e6e8fcd0280f0e9] [MessageBroker-3] c.s.w.service.PlayerStatusHandler - Total Online Players: 0
2026-09-18 16:52:19 INFO  [WEBSOCKET,traceId=6aad1eeb2ddc7c719e0f79ef0826ed3d,spanId=9e0f79ef0826ed3d] [MessageBroker-3] c.s.w.service.PlayerStatusHandler - Total Online Players: 0
2026-09-18 16:52:49 INFO  [WEBSOCKET,traceId=6aad1f09012d7588b1807b15d4cc03e1,spanId=b1807b15d4cc03e1] [MessageBroker-3] c.s.w.service.PlayerStatusHandler - Total Online Players: 0
2026-09-18 16:53:19 INFO  [WEBSOCKET,traceId=6aad1f27e4d3f93558149355707d0b7e,spanId=58149355707d0b7e] [MessageBroker-3] c.s.w.service.PlayerStatusHandler - Total Online Players: 0
2026-09-18 16:53:25 INFO  [WEBSOCKET,traceId=,spanId=] [AsyncResolver-bootstrap-executor-%d] c.n.d.s.r.aws.ConfigClusterResolver - Resolving eureka endpoints via configuration
2026-09-18 16:53:49 INFO  [WEBSOCKET,traceId=6aad1f45632562dd9bd082b388303a8d,spanId=9bd082b388303a8d] [MessageBroker-2] c.s.w.service.PlayerStatusHandler - Total Online Players: 0
2026-09-18 16:54:19 INFO  [WEBSOCKET,traceId=6aad1f635034610abfd2f54823ffa762,spanId=bfd2f54823ffa762] [MessageBroker-4] c.s.w.service.PlayerStatusHandler - Total Online Players: 0
2026-09-18 16:54:49 INFO  [WEBSOCKET,traceId=6aad1f81aa23739b600d0a159f7db867,spanId=600d0a159f7db867] [MessageBroker-4] c.s.w.service.PlayerStatusHandler - Total Online Players: 0
2026-09-18 16:55:19 INFO  [WEBSOCKET,traceId=6aad1f9f56927da7f741520e41d85a55,spanId=f741520e41d85a55] [MessageBroker-4] c.s.w.service.PlayerStatusHandler - Total Online Players: 0
2026-09-18 16:55:49 INFO  [WEBSOCKET,traceId=6aad1fbd31117c6a4a22cc5bcc512429,spanId=4a22cc5bcc512429] [MessageBroker-4] c.s.w.service.PlayerStatusHandler - Total Online Players: 0
2026-09-18 16:56:19 INFO  [WEBSOCKET,traceId=6aad1fdbb7e2ad3c3a68d588b5972794,spanId=3a68d588b5972794] [MessageBroker-1] c.s.w.service.PlayerStatusHandler - Total Online Players: 0
2026-09-18 16:56:49 INFO  [WEBSOCKET,traceId=6aad1ff9547a137f86d8c5a1afe6ca69,spanId=86d8c5a1afe6ca69] [MessageBroker-3] c.s.w.service.PlayerStatusHandler - Total Online Players: 0
2026-09-18 16:57:19 INFO  [WEBSOCKET,traceId=6aad2017d69d24798faf130af5b77416,spanId=8faf130af5b77416] [MessageBroker-3] c.s.w.service.PlayerStatusHandler - Total Online Players: 0
2026-09-18 16:57:49 INFO  [WEBSOCKET,traceId=6aad203577ca285a3932eb2ff022c389,spanId=3932eb2ff022c389] [MessageBroker-3] c.s.w.service.PlayerStatusHandler - Total Online Players: 0
2026-09-18 16:58:19 INFO  [WEBSOCKET,traceId=6aad205346b9ef674557b445e35aafcf,spanId=4557b445e35aafcf] [MessageBroker-3] c.s.w.service.PlayerStatusHandler - Total Online Players: 0
2026-09-18 16:58:25 INFO  [WEBSOCKET,traceId=,spanId=] [AsyncResolver-bootstrap-executor-%d] c.n.d.s.r.aws.ConfigClusterResolver - Resolving eureka endpoints via configuration
2026-09-18 16:58:49 INFO  [WEBSOCKET,traceId=6aad2071757ce3a9137c0584d3f79161,spanId=137c0584d3f79161] [MessageBroker-2] c.s.w.service.PlayerStatusHandler - Total Online Players: 0
2026-09-18 16:59:19 INFO  [WEBSOCKET,traceId=6aad208fe77c2c0989271fabf085559d,spanId=89271fabf085559d] [MessageBroker-2] c.s.w.service.PlayerStatusHandler - Total Online Players: 0
2026-09-18 16:59:49 INFO  [WEBSOCKET,traceId=6aad20ad1ecb18c5cd84e22537d5c9f1,spanId=cd84e22537d5c9f1] [MessageBroker-2] c.s.w.service.PlayerStatusHandler - Total Online Players: 0
2026-09-18 17:00:19 INFO  [WEBSOCKET,traceId=6aad20cb73a9b4c85f9501b9a4de3c2a,spanId=5f9501b9a4de3c2a] [MessageBroker-3] c.s.w.service.PlayerStatusHandler - Total Online Players: 0
2026-09-18 17:00:49 INFO  [WEBSOCKET,traceId=6aad20e944076850637a16a8cfe578bd,spanId=637a16a8cfe578bd] [MessageBroker-3] c.s.w.service.PlayerStatusHandler - Total Online Players: 0
2026-09-18 17:01:19 INFO  [WEBSOCKET,traceId=6aad21071e29c72e36328cdc900917f4,spanId=36328cdc900917f4] [MessageBroker-1] c.s.w.service.PlayerStatusHandler - Total Online Players: 0
2026-09-18 17:01:49 INFO  [WEBSOCKET,traceId=6aad212599814ad2944083bf10f005ec,spanId=944083bf10f005ec] [MessageBroker-2] c.s.w.service.PlayerStatusHandler - Total Online Players: 0
2026-09-18 17:02:19 INFO  [WEBSOCKET,traceId=6aad21434ab257a97b0a66de633f85fb,spanId=7b0a66de633f85fb] [MessageBroker-2] c.s.w.service.PlayerStatusHandler - Total Online Players: 0
2026-09-18 17:02:49 INFO  [WEBSOCKET,traceId=6aad216153d721acadfe9386a7f9f188,spanId=adfe9386a7f9f188] [MessageBroker-3] c.s.w.service.PlayerStatusHandler - Total Online Players: 0
2026-09-18 17:03:19 INFO  [WEBSOCKET,traceId=6aad217fe3077b47a1eba339dac9601b,spanId=a1eba339dac9601b] [MessageBroker-1] c.s.w.service.PlayerStatusHandler - Total Online Players: 0
2026-09-18 17:03:25 INFO  [WEBSOCKET,traceId=,spanId=] [AsyncResolver-bootstrap-executor-%d] c.n.d.s.r.aws.ConfigClusterResolver - Resolving eureka endpoints via configuration
2026-09-18 17:03:49 INFO  [WEBSOCKET,traceId=6aad219dad62dae75232b4993ba7eb81,spanId=5232b4993ba7eb81] [MessageBroker-4] c.s.w.service.PlayerStatusHandler - Total Online Players: 0
2026-09-18 17:04:19 INFO  [WEBSOCKET,traceId=6aad21bb030b695aa7b540954b1b30df,spanId=a7b540954b1b30df] [MessageBroker-2] c.s.w.service.PlayerStatusHandler - Total Online Players: 0
2026-09-18 17:04:49 INFO  [WEBSOCKET,traceId=6aad21d9221f90471a8c3a4507e88bce,spanId=1a8c3a4507e88bce] [MessageBroker-2] c.s.w.service.PlayerStatusHandler - Total Online Players: 0
2026-09-18 17:05:19 INFO  [WEBSOCKET,traceId=6aad21f7d24015f7b7ccff92ae7a3ac3,spanId=b7ccff92ae7a3ac3] [MessageBroker-2] c.s.w.service.PlayerStatusHandler - Total Online Players: 0
2026-09-18 17:05:36 INFO  [WEBSOCKET,traceId=,spanId=] [MessageBroker-3] o.s.w.s.c.WebSocketMessageBrokerStats - WebSocketSession[0 current WS(0)-HttpStream(0)-HttpPoll(0), 0 total, 0 closed abnormally (0 connect failure, 0 send limit, 0 transport error)], stompSubProtocol[processed CONNECT(0)-CONNECTED(0)-DISCONNECT(0)], stompBrokerRelay[null], inboundChannel[pool size = 0, active threads = 0, queued tasks = 0, completed tasks = 0], outboundChannel[pool size = 0, active threads = 0, queued tasks = 0, completed tasks = 0], sockJsScheduler[pool size = 4, active threads = 1, queued tasks = 1, completed tasks = 2236]
2026-09-18 17:05:49 INFO  [WEBSOCKET,traceId=6aad2215fbaa1c87ae974f87aef0f917,spanId=ae974f87aef0f917] [MessageBroker-4] c.s.w.service.PlayerStatusHandler - Total Online Players: 0
2026-09-18 17:06:19 INFO  [WEBSOCKET,traceId=6aad2233ff90760ba197b21a4658f7c3,spanId=a197b21a4658f7c3] [MessageBroker-1] c.s.w.service.PlayerStatusHandler - Total Online Players: 0
2026-09-18 17:06:49 INFO  [WEBSOCKET,traceId=6aad22513e4833adf781be6010a1789e,spanId=f781be6010a1789e] [MessageBroker-2] c.s.w.service.PlayerStatusHandler - Total Online Players: 0
2026-09-18 17:07:19 INFO  [WEBSOCKET,traceId=6aad226f4539618c5f78114aaf990ec6,spanId=5f78114aaf990ec6] [MessageBroker-3] c.s.w.service.PlayerStatusHandler - Total Online Players: 0
2026-09-18 17:07:49 INFO  [WEBSOCKET,traceId=6aad228da9dcc2d259052f6042af6eda,spanId=59052f6042af6eda] [MessageBroker-3] c.s.w.service.PlayerStatusHandler - Total Online Players: 0
2026-09-18 17:08:19 INFO  [WEBSOCKET,traceId=6aad22abba4d37d2e3a389a6a230d89b,spanId=e3a389a6a230d89b] [MessageBroker-3] c.s.w.service.PlayerStatusHandler - Total Online Players: 0
2026-09-18 17:08:25 INFO  [WEBSOCKET,traceId=,spanId=] [AsyncResolver-bootstrap-executor-%d] c.n.d.s.r.aws.ConfigClusterResolver - Resolving eureka endpoints via configuration
2026-09-18 17:08:49 INFO  [WEBSOCKET,traceId=6aad22c9bb9556704f8959d1370b32b8,spanId=4f8959d1370b32b8] [MessageBroker-3] c.s.w.service.PlayerStatusHandler - Total Online Players: 0
2026-09-18 17:09:19 INFO  [WEBSOCKET,traceId=6aad22e7ad6ca97edde767e9ab2b5f2b,spanId=dde767e9ab2b5f2b] [MessageBroker-3] c.s.w.service.PlayerStatusHandler - Total Online Players: 0
2026-09-18 17:09:49 INFO  [WEBSOCKET,traceId=6aad23057073fae9cb7973f9c3a72731,spanId=cb7973f9c3a72731] [MessageBroker-3] c.s.w.service.PlayerStatusHandler - Total Online Players: 0
2026-09-18 17:10:19 INFO  [WEBSOCKET,traceId=6aad23237952c59a1c706171815124fc,spanId=1c706171815124fc] [MessageBroker-3] c.s.w.service.PlayerStatusHandler - Total Online Players: 0
2026-09-18 17:10:49 INFO  [WEBSOCKET,traceId=6aad2341da30602674a600a14ce26843,spanId=74a600a14ce26843] [MessageBroker-3] c.s.w.service.PlayerStatusHandler - Total Online Players: 0
2026-09-18 17:11:19 INFO  [WEBSOCKET,traceId=6aad235f8224f996e7e4642ed0e406ab,spanId=e7e4642ed0e406ab] [MessageBroker-1] c.s.w.service.PlayerStatusHandler - Total Online Players: 0
2026-09-18 17:11:49 INFO  [WEBSOCKET,traceId=6aad237d88b0c1022e9a92c3ed6811a1,spanId=2e9a92c3ed6811a1] [MessageBroker-2] c.s.w.service.PlayerStatusHandler - Total Online Players: 0
2026-09-18 17:12:19 INFO  [WEBSOCKET,traceId=6aad239b7856d966bacf79e1eb3b8413,spanId=bacf79e1eb3b8413] [MessageBroker-4] c.s.w.service.PlayerStatusHandler - Total Online Players: 0
2026-09-18 17:12:49 INFO  [WEBSOCKET,traceId=6aad23b95eeea423f76ad6eb9554be62,spanId=f76ad6eb9554be62] [MessageBroker-4] c.s.w.service.PlayerStatusHandler - Total Online Players: 0
2026-09-18 17:13:19 INFO  [WEBSOCKET,traceId=6aad23d7839066faca3004b5f9dee30b,spanId=ca3004b5f9dee30b] [MessageBroker-4] c.s.w.service.PlayerStatusHandler - Total Online Players: 0
2026-09-18 17:13:25 INFO  [WEBSOCKET,traceId=,spanId=] [AsyncResolver-bootstrap-executor-%d] c.n.d.s.r.aws.ConfigClusterResolver - Resolving eureka endpoints via configuration
2026-09-18 17:13:49 INFO  [WEBSOCKET,traceId=6aad23f509a836c0c27219dbd297335a,spanId=c27219dbd297335a] [MessageBroker-2] c.s.w.service.PlayerStatusHandler - Total Online Players: 0
2026-09-18 17:14:19 INFO  [WEBSOCKET,traceId=6aad2413ee1aa3391b93aadd61186ba1,spanId=1b93aadd61186ba1] [MessageBroker-3] c.s.w.service.PlayerStatusHandler - Total Online Players: 0
2026-09-18 17:14:49 INFO  [WEBSOCKET,traceId=6aad24311c36a12e40c0cb350f24399f,spanId=40c0cb350f24399f] [MessageBroker-1] c.s.w.service.PlayerStatusHandler - Total Online Players: 0
2026-09-18 17:15:19 INFO  [WEBSOCKET,traceId=6aad244fc1a618b242b00b5920852438,spanId=42b00b5920852438] [MessageBroker-4] c.s.w.service.PlayerStatusHandler - Total Online Players: 0
2026-09-18 17:15:49 INFO  [WEBSOCKET,traceId=6aad246d41241399943fdc210f3cab2e,spanId=943fdc210f3cab2e] [MessageBroker-2] c.s.w.service.PlayerStatusHandler - Total Online Players: 0
